[
    {
        "nameResourceKey":  "applicationConfiguration",
        "descriptionResourceKey":  "",
        "dataType":  8,
        "booleanActions":  0
    },
    {
        "nameResourceKey":  "OutlookAppConfig.allowFocusedInboxTitle",
        "descriptionResourceKey":  "",
        "entityKey":  "com.microsoft.outlook.Mail.FocusedInbox",
        "dataType":  0,
        "booleanActions":  109,
        "category": "TACSettings.outlookSettings"
    },
    {
        "nameResourceKey":  "OutlookAppConfig.allowBiometricsTitle",
        "descriptionResourceKey":  "",
        "entityKey":  "com.microsoft.outlook.Auth.Biometric",
        "dataType":  0,
        "booleanActions":  109,
        "category": "TACSettings.outlookSettings"
    },
    {
        "nameResourceKey":  "OutlookAppConfig.allowUserChangeTitle",
        "descriptionResourceKey":  "",
        "entityKey":  "com.microsoft.outlook.Auth.Biometric.UserChangeAllowed",
        "dataType":  0,
        "booleanActions":  109,
        "unconfiguredValue": true,
        "allowMissing": true,
        "category": "TACSettings.outlookSettings",
        "Condition": {
            "Expressions": [
                {
                    "property": "com.microsoft.outlook.Auth.Biometric",
                    "value": "true"
                }
            ]
        }        
    },
    {
        "nameResourceKey":  "OutlookAppConfig.allowSaveContactsTitle",
        "descriptionResourceKey":  "",
        "entityKey":  "com.microsoft.outlook.Contacts.LocalSyncEnabled",
        "dataType":  0,
        "booleanActions":  109,
        "category": "TACSettings.outlookSettings"
    },
    {
        "nameResourceKey":  "OutlookAppConfig.allowUserChangeTitle",
        "descriptionResourceKey":  "",
        "entityKey":  "com.microsoft.outlook.Contacts.LocalSyncEnabled.UserChangeAllowed",
        "dataType":  0,
        "booleanActions":  109,
        "unconfiguredValue": true,
        "allowMissing": true,
        "category": "TACSettings.outlookSettings",
        "Condition": {
            "Expressions": [
                {
                    "property": "com.microsoft.outlook.Contacts.LocalSyncEnabled",
                    "value": "true"
                }
            ]
        }        
    },
    {
        "nameResourceKey":  "OutlookAppConfig.allowExternalRecipientsMailTipTitle",
        "descriptionResourceKey":  "",
        "entityKey":  "com.microsoft.outlook.Mail.ExternalRecipientsToolTipEnabled",
        "dataType":  0,
        "booleanActions":  109,
        "category": "TACSettings.outlookSettings"
    },
    {
        "nameResourceKey":  "OutlookAppConfig.blockExternalImagesTitle",
        "descriptionResourceKey":  "",
        "entityKey":  "com.microsoft.outlook.Mail.BlockExternalImagesEnabled",
        "dataType":  0,
        "booleanActions":  109,
        "category": "TACSettings.outlookSettings"
    },
    {
        "nameResourceKey":  "OutlookAppConfig.allowUserChangeTitle",
        "descriptionResourceKey":  "",
        "entityKey":  "com.microsoft.outlook.Mail.BlockExternalImagesEnabled.UserChangeAllowed",
        "dataType":  0,
        "booleanActions":  109,
        "unconfiguredValue": true,
        "allowMissing": true,
        "category": "TACSettings.outlookSettings",
        "Condition": {
            "Expressions": [
                {
                    "property": "com.microsoft.outlook.Mail.BlockExternalImagesEnabled",
                    "value": "true"
                }
            ]
        }        
    },
    {
        "nameResourceKey":  "OutlookAppConfig.allowDefaultAppSignatureTitle",
        "descriptionResourceKey":  "",
        "entityKey":  "com.microsoft.outlook.Mail.DefaultSignatureEnabled",
        "dataType":  0,
        "booleanActions":  109,
        "category": "TACSettings.outlookSettings"
    },
    {
        "nameResourceKey":  "OutlookAppConfig.allowSmartReplyTitle",
        "descriptionResourceKey":  "",
        "entityKey":  "com.microsoft.outlook.Mail.SuggestedRepliesEnabled",
        "dataType":  0,
        "booleanActions":  109,
        "category": "TACSettings.outlookSettings"
    },
    {
        "nameResourceKey":  "OutlookAppConfig.allowUserChangeTitle",
        "descriptionResourceKey":  "",
        "entityKey":  "com.microsoft.outlook.Mail.SuggestedRepliesEnabled.UserChangeAllowed",
        "dataType":  0,
        "booleanActions":  109,
        "category": "TACSettings.outlookSettings",
        "unconfiguredValue": true,
        "allowMissing": true,
        "Condition": {
            "Expressions": [
                {
                    "property": "com.microsoft.outlook.Mail.SuggestedRepliesEnabled",
                    "value": "true"
                }
            ]
        }        
    },
    {
        "nameResourceKey":  "OutlookAppConfig.OrganizeMailByThread.title",
        "descriptionResourceKey":  "",
        "entityKey":  "com.microsoft.outlook.Mail.OrganizeByThreadEnabled",
        "dataType":  0,
        "booleanActions":  109,
        "category": "TACSettings.outlookSettings"
    },
    {
        "nameResourceKey":  "OutlookAppConfig.discoverFeedTitle",
        "descriptionResourceKey":  "",
        "entityKey":  "com.microsoft.outlook.Mail.officeFeedEnabled",
        "dataType":  0,
        "booleanActions":  120,
        "category": "TACSettings.outlookSettings"        
    },
    {
        "nameResourceKey":  "OutlookAppConfig.playMyEmailsTitle",
        "descriptionResourceKey":  "",
        "entityKey":  "com.microsoft.outlook.Mail.PlayMyEmailsEnabled",
        "dataType":  0,
        "booleanActions":  120,
        "category": "TACSettings.outlookSettings"
    },
    {
        "nameResourceKey":  "OutlookAppConfig.nativeCalendarSyncTitle",
        "descriptionResourceKey":  "",
        "entityKey":  "com.microsoft.outlook.Calendar.NativeSyncEnabled",
        "dataType":  0,
        "booleanActions":  120,
        "category": "TACSettings.outlookSettings"
    },
    {
        "nameResourceKey":  "OutlookAppConfig.allowUserChangeTitle",
        "descriptionResourceKey":  "",
        "entityKey":  "com.microsoft.outlook.Calendar.NativeSyncEnabled.UserChangeAllowed",
        "dataType":  0,
        "booleanActions":  109,
        "unconfiguredValue": true,
        "allowMissing": true,
        "category": "TACSettings.outlookSettings",
        "Condition": {
            "Expressions": [
                {
                    "property": "com.microsoft.outlook.Calendar.NativeSyncEnabled",
                    "value": "true"
                }
            ]
        }        
    },
    {
        "nameResourceKey":  "OutlookAppConfig.textPredictionsTitle",
        "descriptionResourceKey":  "",
        "entityKey":  "com.microsoft.outlook.Mail.TextPredictionsEnabled",
        "dataType":  0,
        "booleanActions":  120,
        "category": "TACSettings.outlookSettings"
    },
    {
        "nameResourceKey":  "OutlookAppConfig.allowUserChangeTitle",
        "descriptionResourceKey":  "",
        "entityKey":  "com.microsoft.outlook.Mail.TextPredictionsEnabled.UserChangeAllowed",
        "dataType":  0,
        "booleanActions":  109,
        "unconfiguredValue": true,
        "allowMissing": true,
        "category": "TACSettings.outlookSettings",
        "Condition": {
            "Expressions": [
                {
                    "property": "com.microsoft.outlook.Mail.TextPredictionsEnabled",
                    "value": "true"
                }
            ]
        }        
    },





    {
        "nameResourceKey":  "OutlookAppConfig.DataProtectionConfiguration.header",
        "descriptionResourceKey":  "",
        "dataType":  8,
        "booleanActions":  0
    },
    {
        "nameResourceKey":  "OutlookAppConfig.allowOrgDataOnWearablesTitle",
        "descriptionResourceKey":  "",
        "entityKey":  "com.microsoft.intune.mam.areWearablesAllowed",
        "dataType":  0,
        "booleanActions":  109,
        "category": "TACSettings.outlookSettings"
    },
    {
        "nameResourceKey":  "OutlookAppConfig.allowCalendarNotificationsTitle",
        "descriptionResourceKey":  "",
        "entityKey":  "com.microsoft.outlook.Calendar.Notifications.IntuneMAMOnly",
        "dataType":  16,
        "booleanActions":  0,
        "category": "TACSettings.outlookSettings",
        "options":  [    
            {
                "nameResourceKey":  "BooleanActions.notConfigured",
                "value":  "false"
            },
            {
                "nameResourceKey":  "allowedOption",
                "value":  "0"
            }
        ]
    },
    {
        "nameResourceKey":  "OutlookAppConfig.nativeCalendarSyncMAMOnlyTitle",
        "descriptionResourceKey":  "",
        "entityKey":  "com.microsoft.outlook.Calendar.NativeSyncAvailable.IntuneMAMOnly",
        "dataType":  0,
        "booleanActions":  120,
        "category": "TACSettings.outlookSettings"
    },

    
    {
        "nameResourceKey":  "OutlookAppConfig.Sync.header",
        "descriptionResourceKey":  "",
        "dataType":  8,
        "booleanActions":  0
    },
    {
        "nameResourceKey":  "OutlookAppConfig.syncAddressTitle",
        "descriptionResourceKey":  "",
        "entityKey":  "com.microsoft.outlook.ContactSync.AddressAllowed",
        "dataType":  0,
        "booleanActions":  109,
        "category": "TACSettings.outlookSettings"
    },
    {
        "nameResourceKey":  "OutlookAppConfig.syncBirthdayTitle",
        "descriptionResourceKey":  "",
        "entityKey":  "com.microsoft.outlook.ContactSync.BirthdayAllowed",
        "dataType":  0,
        "booleanActions":  109,
        "category": "TACSettings.outlookSettings"
    },
    {
        "nameResourceKey":  "OutlookAppConfig.syncCompanyTitle",
        "descriptionResourceKey":  "",
        "entityKey":  "com.microsoft.outlook.ContactSync.CompanyAllowed",
        "dataType":  0,
        "booleanActions":  109,
        "category": "TACSettings.outlookSettings"
    },
    {
        "nameResourceKey":  "OutlookAppConfig.syncDepartmentTitle",
        "descriptionResourceKey":  "",
        "entityKey":  "com.microsoft.outlook.ContactSync.DepartmentAllowed",
        "dataType":  0,
        "booleanActions":  109,
        "category": "TACSettings.outlookSettings"
    },
    {
        "nameResourceKey":  "OutlookAppConfig.syncEmailAddressTitle",
        "descriptionResourceKey":  "",
        "entityKey":  "com.microsoft.outlook.ContactSync.EmailAllowed",
        "dataType":  0,
        "booleanActions":  109,
        "category": "TACSettings.outlookSettings"
    },
    {
        "nameResourceKey":  "OutlookAppConfig.syncInstantMessagingAddressTitle",
        "descriptionResourceKey":  "",
        "entityKey":  "com.microsoft.outlook.ContactSync.InstantMessageAllowed",
        "dataType":  0,
        "booleanActions":  109,
        "category": "TACSettings.outlookSettings"
    },
    {
        "nameResourceKey":  "OutlookAppConfig.syncJobTitleTitle",
        "descriptionResourceKey":  "",
        "entityKey":  "com.microsoft.outlook.ContactSync.JobTitleAllowed",
        "dataType":  0,
        "booleanActions":  109,
        "category": "TACSettings.outlookSettings"
    },
    {
        "nameResourceKey":  "OutlookAppConfig.syncPrefixTitle",
        "descriptionResourceKey":  "",
        "entityKey":  "com.microsoft.outlook.ContactSync.PrefixAllowed",
        "dataType":  0,
        "booleanActions":  109,
        "category": "TACSettings.outlookSettings"
    },
    {
        "nameResourceKey":  "OutlookAppConfig.syncSuffixTitle",
        "descriptionResourceKey":  "",
        "entityKey":  "com.microsoft.outlook.ContactSync.SuffixAllowed",
        "dataType":  0,
        "booleanActions":  109,
        "category": "TACSettings.outlookSettings"
    },
    {
        "nameResourceKey":  "OutlookAppConfig.syncNicknameTitle",
        "descriptionResourceKey":  "",
        "entityKey":  "com.microsoft.outlook.ContactSync.NicknameAllowed",
        "dataType":  0,
        "booleanActions":  109,
        "category": "TACSettings.outlookSettings"
    },
    {
        "nameResourceKey":  "OutlookAppConfig.syncNotesTitle",
        "descriptionResourceKey":  "",
        "entityKey":  "com.microsoft.outlook.ContactSync.NotesAllowed",
        "dataType":  0,
        "booleanActions":  109,
        "category": "TACSettings.outlookSettings"
    },
    {
        "nameResourceKey":  "OutlookAppConfig.syncPhoneHomeNumberTitle",
        "descriptionResourceKey":  "",
        "entityKey":  "com.microsoft.outlook.ContactSync.PhoneHomeAllowed",
        "dataType":  0,
        "booleanActions":  109,
        "category": "TACSettings.outlookSettings"
    },
    {
        "nameResourceKey":  "OutlookAppConfig.syncPhoneHomeFaxNumberTitle",
        "descriptionResourceKey":  "",
        "entityKey":  "com.microsoft.outlook.ContactSync.PhoneHomeFaxAllowed",
        "dataType":  0,
        "booleanActions":  109,
        "category": "TACSettings.outlookSettings"
    },
    {
        "nameResourceKey":  "OutlookAppConfig.syncPhoneMobileNumberTitle",
        "descriptionResourceKey":  "",
        "entityKey":  "com.microsoft.outlook.ContactSync.PhoneMobileAllowed",
        "dataType":  0,
        "booleanActions":  109,
        "category": "TACSettings.outlookSettings"
    },
    {
        "nameResourceKey":  "OutlookAppConfig.syncPhoneOtherNumberTitle",
        "descriptionResourceKey":  "",
        "entityKey":  "com.microsoft.outlook.ContactSync.PhoneOtherAllowed",
        "dataType":  0,
        "booleanActions":  109,
        "category": "TACSettings.outlookSettings"
    },
    {
        "nameResourceKey":  "OutlookAppConfig.syncPhonePagerNumberTitle",
        "descriptionResourceKey":  "",
        "entityKey":  "com.microsoft.outlook.ContactSync.PhonePagerAllowed",
        "dataType":  0,
        "booleanActions":  109,
        "category": "TACSettings.outlookSettings"
    },
    {
        "nameResourceKey":  "OutlookAppConfig.syncPhoneWorkNumberTitle",
        "descriptionResourceKey":  "",
        "entityKey":  "com.microsoft.outlook.ContactSync.PhoneWorkAllowed",
        "dataType":  0,
        "booleanActions":  109,
        "category": "TACSettings.outlookSettings"
    },
    {
        "nameResourceKey":  "OutlookAppConfig.syncPhoneWorkFaxNumberTitle",
        "descriptionResourceKey":  "",
        "entityKey":  "com.microsoft.outlook.ContactSync.PhoneWorkFaxAllowed",
        "dataType":  0,
        "booleanActions":  109,
        "category": "TACSettings.outlookSettings"
    },



    {
        "nameResourceKey":  "Inputs.outlookSMimeSettings",
        "descriptionResourceKey":  "",
        "dataType":  8,
        "booleanActions":  0
    },    
    {
        "nameResourceKey":  "OutlookAppConfig.enableSMIMETitle",
        "descriptionResourceKey":  "",
        "entityKey":  "com.microsoft.outlook.Mail.SMIMEEnabled",
        "dataType":  0,
        "booleanActions":  120,
        "category": "SettingDetails.requireSMIME"
    },
    {
        "nameResourceKey":  "OutlookAppConfig.allowUserChangeTitle",
        "descriptionResourceKey":  "",
        "entityKey":  "com.microsoft.outlook.Mail.SMIMEEnabled.UserChangeAllowed",
        "dataType":  0,
        "booleanActions":  109,
        "unconfiguredValue": true,
        "allowMissing": true,
        "category": "SettingDetails.requireSMIME",
        "Condition": {
            "Expressions": [
                {
                    "property": "com.microsoft.outlook.Mail.SMIMEEnabled",
                    "value": "true"
                }
            ]
        }        
    }
]