[
    {
        "nameResourceKey":  "TableHeaders.configurationType",
        "descriptionResourceKey":  "",
        "entityKey":  "WindowsManagement.powerShellScriptObjectName",
        "dataType":  200,
        "booleanActions":  0,
        "category": 1000
    },
    {
        "nameResourceKey":  "WindowsManagement.powerShellScriptObjectName",
        "descriptionResourceKey":  "",
        "entityKey":  "fileName",
        "dataType":  20,
        "booleanActions":  0,
        "category": "WindowsManagement.scriptsettingsTabHeader"
    },
    {
        "nameResourceKey":  "WindowsManagement.scriptContextLabel",
        "descriptionResourceKey":  "WindowsManagement.scriptContextInfoBalloonContent",
        "entityKey":  "runAsAccount",
        "dataType":  16,
        "booleanActions":  0,
        "category": "WindowsManagement.scriptsettingsTabHeader",
        "options":  [
            {
                "nameResourceKey":  "no",
                "descriptionResourceKey":  "",
                "value":  "system"
            },
            {
                "nameResourceKey":  "yes",
                "descriptionResourceKey":  "",
                "value":  "user"
            }
        ]    
    },
    {
        "nameResourceKey":  "WindowsManagement.enforceSignatureCheckLabel",
        "descriptionResourceKey":  "WindowsManagement.enforceSignatureCheckInfoBalloonContent",
        "entityKey":  "enforceSignatureCheck",
        "dataType":  0,
        "booleanActions":  109,
        "category": "WindowsManagement.scriptsettingsTabHeader"
    },
    {
        "nameResourceKey":  "WindowsManagement.runAs64BitLabel",
        "descriptionResourceKey":  "WindowsManagement.runAs64BitInfoBalloonContent",
        "entityKey":  "runAs32Bit",
        "dataType":  0,
        "booleanActions":  110,
        "category": "WindowsManagement.scriptsettingsTabHeader"
    }  
]