[
    {
        "nameResourceKey":  "TableHeaders.policyType",
        "descriptionResourceKey":  "",
        "entityKey":  "Titles.featureUpdateDeployments",
        "dataType":  200,
        "booleanActions":  0,
        "category": 1000
    },
    {
        "nameResourceKey":  "WindowsFeatureUpdateProfile.Details.FeatureUpdateVersion.label",
        "descriptionResourceKey":  "WindowsFeatureUpdateProfile.Details.FeatureUpdateVersion.infoballoon",
        "entityKey":  "featureUpdateDisplayName",
        "dataType":  20,
        "booleanActions":  0,
        "category":  "WindowsFeatureUpdateProfile.Details.deploymentSettingsTitle"
    },
    {
        "nameResourceKey":  "WindowsFeatureUpdateProfile.Details.OptionalUpdate.label",
        "descriptionResourceKey":  "",
        "entityKey":  "installFeatureUpdatesOptional",
        "dataType":  16,
        "booleanActions":  0,
        "category": "WindowsFeatureUpdateProfile.Details.deploymentSettingsTitle",
        "options":  [
            {
                "nameResourceKey":  "OptionalFeatureUpdateOptions.required",
                "descriptionResourceKey":  "",
                "value":  false
            },
            {
                "nameResourceKey":  "OptionalFeatureUpdateOptions.optional",
                "descriptionResourceKey":  "",
                "value":  true
            }
        ]
    },
    {
        "nameResourceKey":  "WindowsFeatureUpdateProfile.Details.Windows11SideBySideInstall.label",
        "descriptionResourceKey":  "",
        "entityKey":  "installLatestWindows10OnWindows11IneligibleDevice",
        "dataType":  0,
        "booleanActions":  109,
        "category": "WindowsFeatureUpdateProfile.Details.deploymentSettingsTitle"
    },
    {
        "nameResourceKey":  "WindowsFeatureUpdateProfile.Details.RolloutOptions.label",
        "descriptionResourceKey":  "",
        "entityKey":  "featureUpdateRolloutOption",
        "dataType":  16,
        "booleanActions":  0,
        "category": "WindowsFeatureUpdateProfile.Details.deploymentSettingsTitle",
        "options":  [
            {
                "nameResourceKey":  "WindowsUpdateRolloutOptions.immediateStart",
                "descriptionResourceKey":  "",
                "value":  "immediateStart"
            },
            {
                "nameResourceKey":  "WindowsUpdateRolloutOptions.gradualRollout",
                "descriptionResourceKey":  "",
                "value":  "gradualRollout",
                "ChildSettings": [
                    {
                        "nameResourceKey":  "WindowsFeatureUpdateProfile.Details.GradualRolloutStartDate.label",
                        "descriptionResourceKey":  "",
                        "dataType":  20,
                        "category":  "WindowsFeatureUpdateProfile.Details.deploymentSettingsTitle",
                        "entityKey":  "featureUpdateRolloutStartDate",
                        "booleanActions":  0
                    },
                    {
                        "nameResourceKey":  "WindowsFeatureUpdateProfile.Details.GradualRolloutEndDate.label",
                        "descriptionResourceKey":  "",
                        "dataType":  20,
                        "category":  "WindowsFeatureUpdateProfile.Details.deploymentSettingsTitle",
                        "entityKey":  "featureUpdateRolloutEndDate",
                        "booleanActions":  0
                    },
                    {
                        "nameResourceKey":  "WindowsFeatureUpdateProfile.Details.GradualRolloutInterval.label",
                        "descriptionResourceKey":  "",
                        "dataType":  20,
                        "category":  "WindowsFeatureUpdateProfile.Details.deploymentSettingsTitle",
                        "entityKey":  "featureUpdateRolloutInterval",
                        "booleanActions":  0
                    }                                        
                ]                
            },
            {
                "nameResourceKey":  "WindowsUpdateRolloutOptions.startDateOnly",
                "descriptionResourceKey":  "",
                "value":  "startDateOnly",
                "ChildSettings": [
                    {
                        "nameResourceKey":  "WindowsFeatureUpdateProfile.Details.GradualRolloutStartDate.label",
                        "descriptionResourceKey":  "",
                        "dataType":  20,
                        "category":  "WindowsFeatureUpdateProfile.Details.deploymentSettingsTitle",
                        "entityKey":  "featureUpdateRolloutStartDate",
                        "booleanActions":  0
                    }
                ]
            }
        ]
    }    
]