{
    "androiddefenderatp_complianceandroidforwork":  {
                                                        "isSettingDescription":  false,
                                                        "showAsSectionHeader":  false,
                                                        "dataType":  8,
                                                        "category":  146,
                                                        "nameResourceKey":  "complianceAtpDeviceRiskHeader",
                                                        "childSettings":  [
                                                                              {
                                                                                  "dataType":  16,
                                                                                  "category":  146,
                                                                                  "nameResourceKey":  "complianceDeviceRiskATPRequirementName",
                                                                                  "descriptionResourceKey":  "complianceDeviceRiskATPRequirementDescription",
                                                                                  "childSettings":  [

                                                                                                    ],
                                                                                  "options":  [
                                                                                                  {
                                                                                                      "nameResourceKey":  "notConfigured",
                                                                                                      "value":  "unavailable",
                                                                                                      "enabled":  true
                                                                                                  },
                                                                                                  {
                                                                                                      "nameResourceKey":  "clear",
                                                                                                      "value":  "secured",
                                                                                                      "enabled":  true
                                                                                                  },
                                                                                                  {
                                                                                                      "nameResourceKey":  "lowOption",
                                                                                                      "value":  "low",
                                                                                                      "enabled":  true
                                                                                                  },
                                                                                                  {
                                                                                                      "nameResourceKey":  "mediumOption",
                                                                                                      "value":  "medium",
                                                                                                      "enabled":  true
                                                                                                  },
                                                                                                  {
                                                                                                      "nameResourceKey":  "highOption",
                                                                                                      "value":  "high",
                                                                                                      "enabled":  true
                                                                                                  }
                                                                                              ],
                                                                                  "entityKey":  "advancedThreatProtectionRequiredSecurityLevel",
                                                                                  "booleanActions":  0,
                                                                                  "defaultValue":  "unavailable",
                                                                                  "unconfiguredValue":  "unavailable",
                                                                                  "policyType":  30,
                                                                                  "enabled":  false
                                                                              }
                                                                          ],
                                                        "options":  [

                                                                    ],
                                                        "booleanActions":  0,
                                                        "policyType":  30,
                                                        "enabled":  true
                                                    }
}
