{
    "appmanagement_androidgeneral":  [
                                         {
                                             "isSettingDescription":  false,
                                             "showAsSectionHeader":  false,
                                             "dataType":  8,
                                             "category":  10,
                                             "nameResourceKey":  "androidAppManagementHeaderName",
                                             "childSettings":  [

                                                               ],
                                             "options":  [

                                                         ],
                                             "booleanActions":  0,
                                             "policyType":  20,
                                             "enabled":  true
                                         },
                                         {
                                             "dataType":  9,
                                             "category":  10,
                                             "childSettings":  [
                                                                   {
                                                                       "complexOptions":  [
                                                                                              {
                                                                                                  "isSettingDescription":  false,
                                                                                                  "showAsSectionHeader":  false,
                                                                                                  "dataType":  8,
                                                                                                  "category":  10,
                                                                                                  "nameResourceKey":  "androidAppsAllowedToBeInstalledtHeaderName",
                                                                                                  "childSettings":  [

                                                                                                                    ],
                                                                                                  "options":  [

                                                                                                              ],
                                                                                                  "booleanActions":  0,
                                                                                                  "policyType":  20,
                                                                                                  "enabled":  true
                                                                                              },
                                                                                              {
                                                                                                  "columns":  [
                                                                                                                  {
                                                                                                                      "metadata":  {
                                                                                                                                       "dataType":  20,
                                                                                                                                       "category":  10,
                                                                                                                                       "nameResourceKey":  "singleAppModeAppNameName",
                                                                                                                                       "descriptionResourceKey":  "Empty",
                                                                                                                                       "childSettings":  [

                                                                                                                                                         ],
                                                                                                                                       "options":  [

                                                                                                                                                   ],
                                                                                                                                       "entityKey":  "name",
                                                                                                                                       "booleanActions":  0,
                                                                                                                                       "policyType":  20,
                                                                                                                                       "enabled":  true
                                                                                                                                   }
                                                                                                                  },
                                                                                                                  {
                                                                                                                      "metadata":  {
                                                                                                                                       "dataType":  20,
                                                                                                                                       "category":  10,
                                                                                                                                       "nameResourceKey":  "packageName",
                                                                                                                                       "descriptionResourceKey":  "Empty",
                                                                                                                                       "childSettings":  [

                                                                                                                                                         ],
                                                                                                                                       "options":  [

                                                                                                                                                   ],
                                                                                                                                       "entityKey":  "appId",
                                                                                                                                       "booleanActions":  0,
                                                                                                                                       "policyType":  20,
                                                                                                                                       "enabled":  true
                                                                                                                                   }
                                                                                                                  },
                                                                                                                  {
                                                                                                                      "metadata":  {
                                                                                                                                       "dataType":  20,
                                                                                                                                       "category":  10,
                                                                                                                                       "nameResourceKey":  "appUrlName",
                                                                                                                                       "descriptionResourceKey":  "Empty",
                                                                                                                                       "childSettings":  [

                                                                                                                                                         ],
                                                                                                                                       "options":  [

                                                                                                                                                   ],
                                                                                                                                       "entityKey":  "appStoreUrl",
                                                                                                                                       "booleanActions":  0,
                                                                                                                                       "policyType":  20,
                                                                                                                                       "enabled":  true
                                                                                                                                   }
                                                                                                                  },
                                                                                                                  {
                                                                                                                      "metadata":  {
                                                                                                                                       "dataType":  20,
                                                                                                                                       "category":  10,
                                                                                                                                       "nameResourceKey":  "appPublisherName",
                                                                                                                                       "descriptionResourceKey":  "Empty",
                                                                                                                                       "childSettings":  [

                                                                                                                                                         ],
                                                                                                                                       "options":  [

                                                                                                                                                   ],
                                                                                                                                       "entityKey":  "publisher",
                                                                                                                                       "booleanActions":  0,
                                                                                                                                       "policyType":  20,
                                                                                                                                       "enabled":  true
                                                                                                                                   }
                                                                                                                  }
                                                                                                              ],
                                                                                                  "dataType":  21,
                                                                                                  "category":  10,
                                                                                                  "nameResourceKey":  "Empty",
                                                                                                  "descriptionResourceKey":  "Empty",
                                                                                                  "childSettings":  [

                                                                                                                    ],
                                                                                                  "options":  [

                                                                                                              ],
                                                                                                  "entityKey":  "appsInstallAllowList",
                                                                                                  "booleanActions":  0,
                                                                                                  "policyType":  20,
                                                                                                  "enabled":  true
                                                                                              }
                                                                                          ],
                                                                       "dataType":  5,
                                                                       "category":  10,
                                                                       "nameResourceKey":  "androidAppsAllowedToBeInstalled",
                                                                       "childSettings":  [

                                                                                         ],
                                                                       "options":  [

                                                                                   ],
                                                                       "booleanActions":  0,
                                                                       "policyType":  20,
                                                                       "enabled":  true
                                                                   },
                                                                   {
                                                                       "complexOptions":  [
                                                                                              {
                                                                                                  "isSettingDescription":  false,
                                                                                                  "showAsSectionHeader":  false,
                                                                                                  "dataType":  8,
                                                                                                  "category":  10,
                                                                                                  "nameResourceKey":  "androidAppsBlockedFromLaunchHeaderName",
                                                                                                  "childSettings":  [

                                                                                                                    ],
                                                                                                  "options":  [

                                                                                                              ],
                                                                                                  "booleanActions":  0,
                                                                                                  "policyType":  20,
                                                                                                  "enabled":  true
                                                                                              },
                                                                                              {
                                                                                                  "columns":  [
                                                                                                                  {
                                                                                                                      "metadata":  {
                                                                                                                                       "dataType":  20,
                                                                                                                                       "category":  10,
                                                                                                                                       "nameResourceKey":  "singleAppModeAppNameName",
                                                                                                                                       "descriptionResourceKey":  "Empty",
                                                                                                                                       "childSettings":  [

                                                                                                                                                         ],
                                                                                                                                       "options":  [

                                                                                                                                                   ],
                                                                                                                                       "entityKey":  "name",
                                                                                                                                       "booleanActions":  0,
                                                                                                                                       "policyType":  20,
                                                                                                                                       "enabled":  true
                                                                                                                                   }
                                                                                                                  },
                                                                                                                  {
                                                                                                                      "metadata":  {
                                                                                                                                       "dataType":  20,
                                                                                                                                       "category":  10,
                                                                                                                                       "nameResourceKey":  "packageName",
                                                                                                                                       "descriptionResourceKey":  "Empty",
                                                                                                                                       "childSettings":  [

                                                                                                                                                         ],
                                                                                                                                       "options":  [

                                                                                                                                                   ],
                                                                                                                                       "entityKey":  "appId",
                                                                                                                                       "booleanActions":  0,
                                                                                                                                       "policyType":  20,
                                                                                                                                       "enabled":  true
                                                                                                                                   }
                                                                                                                  },
                                                                                                                  {
                                                                                                                      "metadata":  {
                                                                                                                                       "dataType":  20,
                                                                                                                                       "category":  10,
                                                                                                                                       "nameResourceKey":  "appUrlName",
                                                                                                                                       "descriptionResourceKey":  "Empty",
                                                                                                                                       "childSettings":  [

                                                                                                                                                         ],
                                                                                                                                       "options":  [

                                                                                                                                                   ],
                                                                                                                                       "entityKey":  "appStoreUrl",
                                                                                                                                       "booleanActions":  0,
                                                                                                                                       "policyType":  20,
                                                                                                                                       "enabled":  true
                                                                                                                                   }
                                                                                                                  },
                                                                                                                  {
                                                                                                                      "metadata":  {
                                                                                                                                       "dataType":  20,
                                                                                                                                       "category":  10,
                                                                                                                                       "nameResourceKey":  "appPublisherName",
                                                                                                                                       "descriptionResourceKey":  "Empty",
                                                                                                                                       "childSettings":  [

                                                                                                                                                         ],
                                                                                                                                       "options":  [

                                                                                                                                                   ],
                                                                                                                                       "entityKey":  "publisher",
                                                                                                                                       "booleanActions":  0,
                                                                                                                                       "policyType":  20,
                                                                                                                                       "enabled":  true
                                                                                                                                   }
                                                                                                                  }
                                                                                                              ],
                                                                                                  "dataType":  21,
                                                                                                  "category":  10,
                                                                                                  "nameResourceKey":  "Empty",
                                                                                                  "descriptionResourceKey":  "Empty",
                                                                                                  "childSettings":  [

                                                                                                                    ],
                                                                                                  "options":  [

                                                                                                              ],
                                                                                                  "entityKey":  "appsLaunchBlockList",
                                                                                                  "booleanActions":  0,
                                                                                                  "policyType":  20,
                                                                                                  "enabled":  true
                                                                                              }
                                                                                          ],
                                                                       "dataType":  5,
                                                                       "category":  10,
                                                                       "nameResourceKey":  "androidAppsBlockedFromLaunch",
                                                                       "childSettings":  [

                                                                                         ],
                                                                       "options":  [

                                                                                   ],
                                                                       "booleanActions":  0,
                                                                       "policyType":  20,
                                                                       "enabled":  true
                                                                   },
                                                                   {
                                                                       "complexOptions":  [
                                                                                              {
                                                                                                  "isSettingDescription":  false,
                                                                                                  "showAsSectionHeader":  false,
                                                                                                  "dataType":  8,
                                                                                                  "category":  10,
                                                                                                  "nameResourceKey":  "androidHiddenAppsHeaderName",
                                                                                                  "childSettings":  [

                                                                                                                    ],
                                                                                                  "options":  [

                                                                                                              ],
                                                                                                  "booleanActions":  0,
                                                                                                  "policyType":  20,
                                                                                                  "enabled":  true
                                                                                              },
                                                                                              {
                                                                                                  "columns":  [
                                                                                                                  {
                                                                                                                      "metadata":  {
                                                                                                                                       "dataType":  20,
                                                                                                                                       "category":  10,
                                                                                                                                       "nameResourceKey":  "singleAppModeAppNameName",
                                                                                                                                       "descriptionResourceKey":  "Empty",
                                                                                                                                       "childSettings":  [

                                                                                                                                                         ],
                                                                                                                                       "options":  [

                                                                                                                                                   ],
                                                                                                                                       "entityKey":  "name",
                                                                                                                                       "booleanActions":  0,
                                                                                                                                       "policyType":  20,
                                                                                                                                       "enabled":  true
                                                                                                                                   }
                                                                                                                  },
                                                                                                                  {
                                                                                                                      "metadata":  {
                                                                                                                                       "dataType":  20,
                                                                                                                                       "category":  10,
                                                                                                                                       "nameResourceKey":  "packageName",
                                                                                                                                       "descriptionResourceKey":  "Empty",
                                                                                                                                       "childSettings":  [

                                                                                                                                                         ],
                                                                                                                                       "options":  [

                                                                                                                                                   ],
                                                                                                                                       "entityKey":  "appId",
                                                                                                                                       "booleanActions":  0,
                                                                                                                                       "policyType":  20,
                                                                                                                                       "enabled":  true
                                                                                                                                   }
                                                                                                                  },
                                                                                                                  {
                                                                                                                      "metadata":  {
                                                                                                                                       "dataType":  20,
                                                                                                                                       "category":  10,
                                                                                                                                       "nameResourceKey":  "appUrlName",
                                                                                                                                       "descriptionResourceKey":  "Empty",
                                                                                                                                       "childSettings":  [

                                                                                                                                                         ],
                                                                                                                                       "options":  [

                                                                                                                                                   ],
                                                                                                                                       "entityKey":  "appStoreUrl",
                                                                                                                                       "booleanActions":  0,
                                                                                                                                       "policyType":  20,
                                                                                                                                       "enabled":  true
                                                                                                                                   }
                                                                                                                  },
                                                                                                                  {
                                                                                                                      "metadata":  {
                                                                                                                                       "dataType":  20,
                                                                                                                                       "category":  10,
                                                                                                                                       "nameResourceKey":  "appPublisherName",
                                                                                                                                       "descriptionResourceKey":  "Empty",
                                                                                                                                       "childSettings":  [

                                                                                                                                                         ],
                                                                                                                                       "options":  [

                                                                                                                                                   ],
                                                                                                                                       "entityKey":  "publisher",
                                                                                                                                       "booleanActions":  0,
                                                                                                                                       "policyType":  20,
                                                                                                                                       "enabled":  true
                                                                                                                                   }
                                                                                                                  }
                                                                                                              ],
                                                                                                  "dataType":  21,
                                                                                                  "category":  10,
                                                                                                  "nameResourceKey":  "Empty",
                                                                                                  "descriptionResourceKey":  "Empty",
                                                                                                  "childSettings":  [

                                                                                                                    ],
                                                                                                  "options":  [

                                                                                                              ],
                                                                                                  "entityKey":  "appsHideList",
                                                                                                  "booleanActions":  0,
                                                                                                  "policyType":  20,
                                                                                                  "enabled":  true
                                                                                              }
                                                                                          ],
                                                                       "dataType":  5,
                                                                       "category":  10,
                                                                       "nameResourceKey":  "androidHiddenApps",
                                                                       "childSettings":  [

                                                                                         ],
                                                                       "options":  [

                                                                                   ],
                                                                       "booleanActions":  0,
                                                                       "policyType":  20,
                                                                       "enabled":  true
                                                                   }
                                                               ],
                                             "options":  [

                                                         ],
                                             "booleanActions":  0,
                                             "policyType":  20,
                                             "enabled":  true
                                         }
                                     ]
}
