{
    "builtinapps_iosgeneral":  [
                                   {
                                       "isSettingDescription":  false,
                                       "showAsSectionHeader":  true,
                                       "dataType":  8,
                                       "category":  18,
                                       "nameResourceKey":  "allEnrollmentTypesHeaderName",
                                       "descriptionResourceKey":  "allEnrollmentTypesHeaderDescription",
                                       "childSettings":  [
                                                             {
                                                                 "dataType":  0,
                                                                 "category":  18,
                                                                 "nameResourceKey":  "blockSiriName",
                                                                 "childSettings":  [
                                                                                       {
                                                                                           "dataType":  0,
                                                                                           "category":  18,
                                                                                           "nameResourceKey":  "blockSiriWhenLockedName",
                                                                                           "childSettings":  [

                                                                                                             ],
                                                                                           "options":  [

                                                                                                       ],
                                                                                           "entityKey":  "siriBlockedWhenLocked",
                                                                                           "booleanActions":  9,
                                                                                           "defaultValue":  false,
                                                                                           "policyType":  46,
                                                                                           "enabled":  true
                                                                                       }
                                                                                   ],
                                                                 "options":  [

                                                                             ],
                                                                 "entityKey":  "siriBlocked",
                                                                 "booleanActions":  9,
                                                                 "defaultValue":  false,
                                                                 "policyType":  46,
                                                                 "enabled":  true
                                                             },
                                                             {
                                                                 "dataType":  0,
                                                                 "category":  18,
                                                                 "nameResourceKey":  "requireFraudWarningNameIOS",
                                                                 "childSettings":  [

                                                                                   ],
                                                                 "options":  [

                                                                             ],
                                                                 "entityKey":  "safariRequireFraudWarning",
                                                                 "booleanActions":  9,
                                                                 "defaultValue":  false,
                                                                 "policyType":  46,
                                                                 "enabled":  true
                                                             }
                                                         ],
                                       "options":  [

                                                   ],
                                       "booleanActions":  0,
                                       "policyType":  46,
                                       "enabled":  true
                                   },
                                   {
                                       "isSettingDescription":  false,
                                       "showAsSectionHeader":  true,
                                       "dataType":  8,
                                       "category":  18,
                                       "nameResourceKey":  "deviceEnrollmentAndAutomatedDeviceEnrollmentHeaderName",
                                       "descriptionResourceKey":  "deviceEnrollmentAndAutomatedDeviceEnrollmentHeaderDescription",
                                       "childSettings":  [
                                                             {
                                                                 "dataType":  0,
                                                                 "category":  18,
                                                                 "nameResourceKey":  "blockSpotlightInternetResultsName",
                                                                 "descriptionResourceKey":  "blockSpotlightInternetResultsDescription",
                                                                 "childSettings":  [

                                                                                   ],
                                                                 "options":  [

                                                                             ],
                                                                 "entityKey":  "spotlightBlockInternetResults",
                                                                 "booleanActions":  9,
                                                                 "defaultValue":  false,
                                                                 "policyType":  46,
                                                                 "enabled":  true
                                                             },
                                                             {
                                                                 "dataType":  16,
                                                                 "category":  18,
                                                                 "nameResourceKey":  "blockCookiesNameIOS",
                                                                 "descriptionResourceKey":  "blockCookiesDescriptionIOS",
                                                                 "childSettings":  [

                                                                                   ],
                                                                 "options":  [
                                                                                 {
                                                                                     "nameResourceKey":  "notConfigured",
                                                                                     "value":  "browserDefault",
                                                                                     "enabled":  true
                                                                                 },
                                                                                 {
                                                                                     "nameResourceKey":  "webBrowserCookiesAllowAll",
                                                                                     "value":  "allowAlways",
                                                                                     "enabled":  true
                                                                                 },
                                                                                 {
                                                                                     "nameResourceKey":  "webBrowserCookiesPreventAndBlock",
                                                                                     "value":  "blockAlways",
                                                                                     "enabled":  true
                                                                                 },
                                                                                 {
                                                                                     "nameResourceKey":  "webBrowserCookiesPreventCrossSite",
                                                                                     "value":  "allowCurrentWebSite",
                                                                                     "enabled":  true
                                                                                 }
                                                                             ],
                                                                 "entityKey":  "safariCookieSettings",
                                                                 "booleanActions":  0,
                                                                 "defaultValue":  "browserDefault",
                                                                 "unconfiguredValue":  "browserDefault",
                                                                 "policyType":  46,
                                                                 "enabled":  true
                                                             },
                                                             {
                                                                 "dataType":  0,
                                                                 "category":  18,
                                                                 "nameResourceKey":  "blockJavaScriptNameIOS",
                                                                 "childSettings":  [

                                                                                   ],
                                                                 "options":  [

                                                                             ],
                                                                 "entityKey":  "safariBlockJavaScript",
                                                                 "booleanActions":  9,
                                                                 "defaultValue":  false,
                                                                 "policyType":  46,
                                                                 "enabled":  true
                                                             },
                                                             {
                                                                 "dataType":  0,
                                                                 "category":  18,
                                                                 "nameResourceKey":  "blockPopUpsNameIOS",
                                                                 "childSettings":  [

                                                                                   ],
                                                                 "options":  [

                                                                             ],
                                                                 "entityKey":  "safariBlockPopups",
                                                                 "booleanActions":  9,
                                                                 "defaultValue":  false,
                                                                 "policyType":  46,
                                                                 "enabled":  true
                                                             },
                                                             {
                                                                 "dataType":  0,
                                                                 "category":  18,
                                                                 "nameResourceKey":  "onDeviceOnlyDictationForcedName",
                                                                 "descriptionResourceKey":  "onDeviceOnlyDictationForcedDescription",
                                                                 "childSettings":  [

                                                                                   ],
                                                                 "options":  [

                                                                             ],
                                                                 "entityKey":  "onDeviceOnlyDictationForced",
                                                                 "booleanActions":  9,
                                                                 "defaultValue":  false,
                                                                 "policyType":  46,
                                                                 "enabled":  true
                                                             },
                                                             {
                                                                 "dataType":  0,
                                                                 "category":  18,
                                                                 "nameResourceKey":  "onDeviceOnlyTranslationForcedName",
                                                                 "descriptionResourceKey":  "onDeviceOnlyTranslationForcedDescription",
                                                                 "childSettings":  [

                                                                                   ],
                                                                 "options":  [

                                                                             ],
                                                                 "entityKey":  "onDeviceOnlyTranslationForced",
                                                                 "booleanActions":  9,
                                                                 "defaultValue":  false,
                                                                 "policyType":  46,
                                                                 "enabled":  true
                                                             }
                                                         ],
                                       "options":  [

                                                   ],
                                       "booleanActions":  0,
                                       "policyType":  46,
                                       "enabled":  true
                                   },
                                   {
                                       "isSettingDescription":  false,
                                       "showAsSectionHeader":  true,
                                       "dataType":  8,
                                       "category":  18,
                                       "nameResourceKey":  "automatedDeviceEnrollmentHeaderName",
                                       "descriptionResourceKey":  "automatedDeviceEnrollmentHeaderDescription",
                                       "childSettings":  [
                                                             {
                                                                 "dataType":  0,
                                                                 "category":  18,
                                                                 "nameResourceKey":  "blockIosCameraName",
                                                                 "childSettings":  [
                                                                                       {
                                                                                           "dataType":  0,
                                                                                           "category":  18,
                                                                                           "nameResourceKey":  "blockFacetimeName",
                                                                                           "childSettings":  [

                                                                                                             ],
                                                                                           "options":  [

                                                                                                       ],
                                                                                           "entityKey":  "faceTimeBlocked",
                                                                                           "booleanActions":  9,
                                                                                           "defaultValue":  false,
                                                                                           "policyType":  46,
                                                                                           "enabled":  true
                                                                                       }
                                                                                   ],
                                                                 "options":  [

                                                                             ],
                                                                 "entityKey":  "cameraBlocked",
                                                                 "booleanActions":  9,
                                                                 "defaultValue":  false,
                                                                 "policyType":  46,
                                                                 "enabled":  true
                                                             },
                                                             {
                                                                 "dataType":  0,
                                                                 "category":  18,
                                                                 "nameResourceKey":  "requireSiriProfanityFilterName",
                                                                 "descriptionResourceKey":  "requireSiriProfanityFilterDescription",
                                                                 "childSettings":  [

                                                                                   ],
                                                                 "options":  [

                                                                             ],
                                                                 "entityKey":  "siriRequireProfanityFilter",
                                                                 "booleanActions":  9,
                                                                 "defaultValue":  false,
                                                                 "policyType":  46,
                                                                 "enabled":  true
                                                             },
                                                             {
                                                                 "dataType":  0,
                                                                 "category":  18,
                                                                 "nameResourceKey":  "blockSiriUserGeneratedContentName",
                                                                 "descriptionResourceKey":  "blockSiriUserGeneratedContentDescription",
                                                                 "childSettings":  [

                                                                                   ],
                                                                 "options":  [

                                                                             ],
                                                                 "entityKey":  "siriBlockUserGeneratedContent",
                                                                 "booleanActions":  9,
                                                                 "defaultValue":  false,
                                                                 "policyType":  46,
                                                                 "enabled":  true
                                                             },
                                                             {
                                                                 "dataType":  0,
                                                                 "category":  18,
                                                                 "nameResourceKey":  "blockAppleNewsName",
                                                                 "childSettings":  [

                                                                                   ],
                                                                 "options":  [

                                                                             ],
                                                                 "entityKey":  "appleNewsBlocked",
                                                                 "booleanActions":  9,
                                                                 "defaultValue":  false,
                                                                 "policyType":  46,
                                                                 "enabled":  true
                                                             },
                                                             {
                                                                 "dataType":  0,
                                                                 "category":  18,
                                                                 "nameResourceKey":  "blockIBooksStoreName",
                                                                 "childSettings":  [

                                                                                   ],
                                                                 "options":  [

                                                                             ],
                                                                 "entityKey":  "iBooksStoreBlocked",
                                                                 "booleanActions":  9,
                                                                 "defaultValue":  false,
                                                                 "policyType":  46,
                                                                 "enabled":  true
                                                             },
                                                             {
                                                                 "dataType":  0,
                                                                 "category":  18,
                                                                 "nameResourceKey":  "blockMessagesName",
                                                                 "childSettings":  [

                                                                                   ],
                                                                 "options":  [

                                                                             ],
                                                                 "entityKey":  "messagesBlocked",
                                                                 "booleanActions":  9,
                                                                 "defaultValue":  false,
                                                                 "policyType":  46,
                                                                 "enabled":  true
                                                             },
                                                             {
                                                                 "dataType":  0,
                                                                 "category":  18,
                                                                 "nameResourceKey":  "blockPodcastsName",
                                                                 "childSettings":  [

                                                                                   ],
                                                                 "options":  [

                                                                             ],
                                                                 "entityKey":  "podcastsBlocked",
                                                                 "booleanActions":  9,
                                                                 "defaultValue":  false,
                                                                 "policyType":  46,
                                                                 "enabled":  true
                                                             },
                                                             {
                                                                 "dataType":  0,
                                                                 "category":  18,
                                                                 "nameResourceKey":  "blockITunesMusicServiceName",
                                                                 "descriptionResourceKey":  "blockITunesMusicServiceDescription",
                                                                 "childSettings":  [

                                                                                   ],
                                                                 "options":  [

                                                                             ],
                                                                 "entityKey":  "iTunesBlockMusicService",
                                                                 "booleanActions":  9,
                                                                 "defaultValue":  false,
                                                                 "policyType":  46,
                                                                 "enabled":  true
                                                             },
                                                             {
                                                                 "dataType":  0,
                                                                 "category":  18,
                                                                 "nameResourceKey":  "blockITunesRadioName",
                                                                 "childSettings":  [

                                                                                   ],
                                                                 "options":  [

                                                                             ],
                                                                 "entityKey":  "iTunesBlockRadio",
                                                                 "booleanActions":  9,
                                                                 "defaultValue":  false,
                                                                 "policyType":  46,
                                                                 "enabled":  true
                                                             },
                                                             {
                                                                 "dataType":  0,
                                                                 "category":  18,
                                                                 "nameResourceKey":  "blockITunesStoreName",
                                                                 "childSettings":  [

                                                                                   ],
                                                                 "options":  [

                                                                             ],
                                                                 "entityKey":  "iTunesBlocked",
                                                                 "booleanActions":  9,
                                                                 "defaultValue":  false,
                                                                 "policyType":  46,
                                                                 "enabled":  true
                                                             },
                                                             {
                                                                 "dataType":  0,
                                                                 "category":  18,
                                                                 "nameResourceKey":  "blockFindMyDeviceName",
                                                                 "descriptionResourceKey":  "blockFindMyDeviceDescription",
                                                                 "childSettings":  [

                                                                                   ],
                                                                 "options":  [

                                                                             ],
                                                                 "entityKey":  "findMyDeviceInFindMyAppBlocked",
                                                                 "booleanActions":  9,
                                                                 "defaultValue":  false,
                                                                 "policyType":  46,
                                                                 "enabled":  true
                                                             },
                                                             {
                                                                 "dataType":  0,
                                                                 "category":  18,
                                                                 "nameResourceKey":  "blockFindMyFriendsName",
                                                                 "descriptionResourceKey":  "blockFindMyFriendsDescription",
                                                                 "childSettings":  [

                                                                                   ],
                                                                 "options":  [

                                                                             ],
                                                                 "entityKey":  "findMyFriendsInFindMyAppBlocked",
                                                                 "booleanActions":  9,
                                                                 "defaultValue":  false,
                                                                 "policyType":  46,
                                                                 "enabled":  true
                                                             },
                                                             {
                                                                 "dataType":  0,
                                                                 "category":  18,
                                                                 "nameResourceKey":  "blockFindMyFriendsModificationName",
                                                                 "descriptionResourceKey":  "blockFindMyFriendsModificationDescription",
                                                                 "childSettings":  [

                                                                                   ],
                                                                 "options":  [

                                                                             ],
                                                                 "entityKey":  "findMyFriendsBlocked",
                                                                 "booleanActions":  9,
                                                                 "defaultValue":  false,
                                                                 "policyType":  46,
                                                                 "enabled":  true
                                                             },
                                                             {
                                                                 "dataType":  0,
                                                                 "category":  18,
                                                                 "nameResourceKey":  "blockSystemAppRemovalName",
                                                                 "descriptionResourceKey":  "blockSystemAppRemovalDescription",
                                                                 "childSettings":  [

                                                                                   ],
                                                                 "options":  [

                                                                             ],
                                                                 "entityKey":  "blockSystemAppRemoval",
                                                                 "booleanActions":  9,
                                                                 "defaultValue":  false,
                                                                 "policyType":  46,
                                                                 "enabled":  true
                                                             },
                                                             {
                                                                 "dataType":  0,
                                                                 "category":  18,
                                                                 "nameResourceKey":  "blockSafariName",
                                                                 "descriptionResourceKey":  "blockSafariDescription",
                                                                 "childSettings":  [

                                                                                   ],
                                                                 "options":  [

                                                                             ],
                                                                 "entityKey":  "safariBlocked",
                                                                 "booleanActions":  9,
                                                                 "defaultValue":  false,
                                                                 "policyType":  46,
                                                                 "enabled":  true
                                                             },
                                                             {
                                                                 "dataType":  0,
                                                                 "category":  18,
                                                                 "nameResourceKey":  "blockIosSafariAutofillName",
                                                                 "childSettings":  [

                                                                                   ],
                                                                 "options":  [

                                                                             ],
                                                                 "entityKey":  "safariBlockAutofill",
                                                                 "booleanActions":  9,
                                                                 "defaultValue":  false,
                                                                 "policyType":  46,
                                                                 "enabled":  true
                                                             }
                                                         ],
                                       "options":  [

                                                   ],
                                       "booleanActions":  0,
                                       "policyType":  46,
                                       "enabled":  true
                                   }
                               ]
}
