{
    "cloudandstorage_macgeneral":  [
                                       {
                                           "isSettingDescription":  false,
                                           "showAsSectionHeader":  true,
                                           "dataType":  8,
                                           "category":  21,
                                           "nameResourceKey":  "allEnrollmentTypesHeaderNameMac",
                                           "descriptionResourceKey":  "allEnrollmentTypesHeaderDescriptionMac",
                                           "childSettings":  [
                                                                 {
                                                                     "dataType":  0,
                                                                     "category":  21,
                                                                     "nameResourceKey":  "blockKeychainCloudSyncName",
                                                                     "descriptionResourceKey":  "blockKeychainCloudSyncDescription",
                                                                     "childSettings":  [

                                                                                       ],
                                                                     "options":  [

                                                                                 ],
                                                                     "entityKey":  "keychainBlockCloudSync",
                                                                     "booleanActions":  9,
                                                                     "defaultValue":  false,
                                                                     "policyType":  61,
                                                                     "enabled":  true
                                                                 },
                                                                 {
                                                                     "dataType":  0,
                                                                     "category":  21,
                                                                     "nameResourceKey":  "blockICloudDesktopAndDocumentsName",
                                                                     "descriptionResourceKey":  "blockICloudDesktopAndDocumentsDescription",
                                                                     "childSettings":  [

                                                                                       ],
                                                                     "options":  [

                                                                                 ],
                                                                     "entityKey":  "iCloudDesktopAndDocumentsBlocked",
                                                                     "booleanActions":  9,
                                                                     "defaultValue":  false,
                                                                     "policyType":  61,
                                                                     "enabled":  true
                                                                 },
                                                                 {
                                                                     "dataType":  0,
                                                                     "category":  21,
                                                                     "nameResourceKey":  "blockICloudDocumentSyncName",
                                                                     "descriptionResourceKey":  "blockICloudDocumentSyncDescription",
                                                                     "childSettings":  [

                                                                                       ],
                                                                     "options":  [

                                                                                 ],
                                                                     "entityKey":  "iCloudBlockDocumentSync",
                                                                     "booleanActions":  9,
                                                                     "defaultValue":  false,
                                                                     "policyType":  61,
                                                                     "enabled":  true
                                                                 },
                                                                 {
                                                                     "dataType":  0,
                                                                     "category":  21,
                                                                     "nameResourceKey":  "blockICloudMailName",
                                                                     "descriptionResourceKey":  "blockICloudMailDescription",
                                                                     "childSettings":  [

                                                                                       ],
                                                                     "options":  [

                                                                                 ],
                                                                     "entityKey":  "iCloudBlockMail",
                                                                     "booleanActions":  9,
                                                                     "defaultValue":  false,
                                                                     "policyType":  61,
                                                                     "enabled":  true
                                                                 },
                                                                 {
                                                                     "dataType":  0,
                                                                     "category":  21,
                                                                     "nameResourceKey":  "blockICloudAddressBookName",
                                                                     "descriptionResourceKey":  "blockICloudAddressBookDescription",
                                                                     "childSettings":  [

                                                                                       ],
                                                                     "options":  [

                                                                                 ],
                                                                     "entityKey":  "iCloudBlockAddressBook",
                                                                     "booleanActions":  9,
                                                                     "defaultValue":  false,
                                                                     "policyType":  61,
                                                                     "enabled":  true
                                                                 },
                                                                 {
                                                                     "dataType":  0,
                                                                     "category":  21,
                                                                     "nameResourceKey":  "blockICloudCalendarName",
                                                                     "descriptionResourceKey":  "blockICloudCalendarDescription",
                                                                     "childSettings":  [

                                                                                       ],
                                                                     "options":  [

                                                                                 ],
                                                                     "entityKey":  "iCloudBlockCalendar",
                                                                     "booleanActions":  9,
                                                                     "defaultValue":  false,
                                                                     "policyType":  61,
                                                                     "enabled":  true
                                                                 },
                                                                 {
                                                                     "dataType":  0,
                                                                     "category":  21,
                                                                     "nameResourceKey":  "blockICloudRemindersName",
                                                                     "descriptionResourceKey":  "blockICloudRemindersDescription",
                                                                     "childSettings":  [

                                                                                       ],
                                                                     "options":  [

                                                                                 ],
                                                                     "entityKey":  "iCloudBlockReminders",
                                                                     "booleanActions":  9,
                                                                     "defaultValue":  false,
                                                                     "policyType":  61,
                                                                     "enabled":  true
                                                                 },
                                                                 {
                                                                     "dataType":  0,
                                                                     "category":  21,
                                                                     "nameResourceKey":  "blockICloudBookmarksName",
                                                                     "descriptionResourceKey":  "blockICloudBookmarksDescription",
                                                                     "childSettings":  [

                                                                                       ],
                                                                     "options":  [

                                                                                 ],
                                                                     "entityKey":  "iCloudBlockBookmarks",
                                                                     "booleanActions":  9,
                                                                     "defaultValue":  false,
                                                                     "policyType":  61,
                                                                     "enabled":  true
                                                                 },
                                                                 {
                                                                     "dataType":  0,
                                                                     "category":  21,
                                                                     "nameResourceKey":  "blockICloudNotesName",
                                                                     "descriptionResourceKey":  "blockICloudNotesDescription",
                                                                     "childSettings":  [

                                                                                       ],
                                                                     "options":  [

                                                                                 ],
                                                                     "entityKey":  "iCloudBlockNotes",
                                                                     "booleanActions":  9,
                                                                     "defaultValue":  false,
                                                                     "policyType":  61,
                                                                     "enabled":  true
                                                                 },
                                                                 {
                                                                     "dataType":  0,
                                                                     "category":  21,
                                                                     "nameResourceKey":  "MacBlockICloudPhotoLibraryName",
                                                                     "descriptionResourceKey":  "blockICloudPhotoLibraryDescription",
                                                                     "childSettings":  [

                                                                                       ],
                                                                     "options":  [

                                                                                 ],
                                                                     "entityKey":  "iCloudBlockPhotoLibrary",
                                                                     "booleanActions":  9,
                                                                     "defaultValue":  false,
                                                                     "policyType":  61,
                                                                     "enabled":  true
                                                                 },
                                                                 {
                                                                     "dataType":  0,
                                                                     "category":  21,
                                                                     "nameResourceKey":  "blockMacActivityContinuationName",
                                                                     "descriptionResourceKey":  "blockMacActivityContinuationDescription",
                                                                     "childSettings":  [

                                                                                       ],
                                                                     "options":  [

                                                                                 ],
                                                                     "entityKey":  "iCloudBlockActivityContinuation",
                                                                     "booleanActions":  9,
                                                                     "defaultValue":  false,
                                                                     "policyType":  61,
                                                                     "enabled":  true
                                                                 }
                                                             ],
                                           "options":  [

                                                       ],
                                           "booleanActions":  0,
                                           "policyType":  61,
                                           "enabled":  true
                                       },
                                       {
                                           "isSettingDescription":  false,
                                           "showAsSectionHeader":  true,
                                           "dataType":  8,
                                           "category":  21,
                                           "nameResourceKey":  "userApprovedAndAutomatedDeviceEnrollmentHeaderNameMac",
                                           "descriptionResourceKey":  "userApprovedAndAutomatedDeviceEnrollmentHeaderDescriptionMac",
                                           "childSettings":  [
                                                                 {
                                                                     "dataType":  0,
                                                                     "category":  21,
                                                                     "nameResourceKey":  "blockMacICloudPrivateRelayName",
                                                                     "descriptionResourceKey":  "blockMacICloudPrivateRelayDescription",
                                                                     "childSettings":  [

                                                                                       ],
                                                                     "options":  [

                                                                                 ],
                                                                     "entityKey":  "iCloudPrivateRelayBlocked",
                                                                     "booleanActions":  9,
                                                                     "defaultValue":  false,
                                                                     "policyType":  61,
                                                                     "enabled":  true
                                                                 }
                                                             ],
                                           "options":  [

                                                       ],
                                           "booleanActions":  0,
                                           "policyType":  61,
                                           "enabled":  true
                                       }
                                   ]
}
