{
    "cloudprint_windows10general":  [
                                        {
                                            "dataType":  20,
                                            "category":  22,
                                            "nameResourceKey":  "cloudPrintDiscoveryEndPointName",
                                            "descriptionResourceKey":  "cloudPrintDiscoveryEndPointDescription",
                                            "emptyValueResourceKey":  "cloudPrintDiscoveryEndPointExample",
                                            "childSettings":  [

                                                              ],
                                            "options":  [

                                                        ],
                                            "entityKey":  "enterpriseCloudPrintDiscoveryEndPoint",
                                            "booleanActions":  0,
                                            "defaultValue":  "",
                                            "unconfiguredValue":  "",
                                            "policyType":  79,
                                            "enabled":  true
                                        },
                                        {
                                            "dataType":  20,
                                            "category":  22,
                                            "nameResourceKey":  "cloudPrintOAuthAuthorityName",
                                            "descriptionResourceKey":  "cloudPrintOAuthAuthorityDescription",
                                            "emptyValueResourceKey":  "cloudPrintOAuthAuthorityExample",
                                            "childSettings":  [

                                                              ],
                                            "options":  [

                                                        ],
                                            "entityKey":  "enterpriseCloudPrintOAuthAuthority",
                                            "booleanActions":  0,
                                            "defaultValue":  "",
                                            "unconfiguredValue":  "",
                                            "policyType":  79,
                                            "enabled":  true
                                        },
                                        {
                                            "dataType":  20,
                                            "category":  22,
                                            "nameResourceKey":  "cloudPrintOAuthClientIdName",
                                            "descriptionResourceKey":  "cloudPrintOAuthClientIdDescription",
                                            "emptyValueResourceKey":  "cloudPrintOAuthClientIdExample",
                                            "childSettings":  [

                                                              ],
                                            "options":  [

                                                        ],
                                            "entityKey":  "enterpriseCloudPrintOAuthClientIdentifier",
                                            "booleanActions":  0,
                                            "defaultValue":  "",
                                            "unconfiguredValue":  "",
                                            "policyType":  79,
                                            "enabled":  true
                                        },
                                        {
                                            "dataType":  20,
                                            "category":  22,
                                            "nameResourceKey":  "cloudPrintResourceIdName",
                                            "descriptionResourceKey":  "cloudPrintResourceIdDescription",
                                            "emptyValueResourceKey":  "cloudPrintResourceIdExample",
                                            "childSettings":  [

                                                              ],
                                            "options":  [

                                                        ],
                                            "entityKey":  "enterpriseCloudPrintResourceIdentifier",
                                            "booleanActions":  0,
                                            "defaultValue":  "",
                                            "unconfiguredValue":  "",
                                            "policyType":  79,
                                            "enabled":  true
                                        },
                                        {
                                            "dataType":  14,
                                            "category":  22,
                                            "nameResourceKey":  "cloudPrintDiscoveryMaxLimitName",
                                            "descriptionResourceKey":  "cloudPrintDiscoveryMaxLimitDescription",
                                            "emptyValueResourceKey":  "cloudPrintDiscoveryMaxLimitExample",
                                            "childSettings":  [

                                                              ],
                                            "options":  [

                                                        ],
                                            "entityKey":  "enterpriseCloudPrintDiscoveryMaxLimit",
                                            "booleanActions":  0,
                                            "policyType":  79,
                                            "enabled":  true
                                        },
                                        {
                                            "dataType":  20,
                                            "category":  22,
                                            "nameResourceKey":  "mopriaDiscoveryResourceIdName",
                                            "descriptionResourceKey":  "mopriaDiscoveryResourceIdDescription",
                                            "emptyValueResourceKey":  "mopriaDiscoveryResourceIdExample",
                                            "childSettings":  [

                                                              ],
                                            "options":  [

                                                        ],
                                            "entityKey":  "enterpriseCloudPrintMopriaDiscoveryResourceIdentifier",
                                            "booleanActions":  0,
                                            "defaultValue":  "",
                                            "unconfiguredValue":  "",
                                            "policyType":  79,
                                            "enabled":  true
                                        }
                                    ]
}
