{
    "cloudandstorage_windows10general":  [
                                             {
                                                 "dataType":  0,
                                                 "category":  21,
                                                 "nameResourceKey":  "blockMicrosoftAccountName",
                                                 "descriptionResourceKey":  "blockMicrosoftAccountDescription",
                                                 "childSettings":  [

                                                                   ],
                                                 "options":  [

                                                             ],
                                                 "entityKey":  "microsoftAccountBlocked",
                                                 "booleanActions":  3,
                                                 "defaultValue":  false,
                                                 "policyType":  79,
                                                 "enabled":  true
                                             },
                                             {
                                                 "dataType":  0,
                                                 "category":  21,
                                                 "nameResourceKey":  "blockNonMicrosoftAccountName",
                                                 "descriptionResourceKey":  "blockNonMicrosoftAccountDescription",
                                                 "childSettings":  [

                                                                   ],
                                                 "options":  [

                                                             ],
                                                 "entityKey":  "accountsBlockAddingNonMicrosoftAccountEmail",
                                                 "booleanActions":  3,
                                                 "defaultValue":  false,
                                                 "policyType":  79,
                                                 "enabled":  true
                                             },
                                             {
                                                 "dataType":  0,
                                                 "category":  21,
                                                 "nameResourceKey":  "blockSettingsSynchronizationForMicrosoftAccountName",
                                                 "descriptionResourceKey":  "blockSettingsSynchronizationForMicrosoftAccountDescription",
                                                 "childSettings":  [

                                                                   ],
                                                 "options":  [

                                                             ],
                                                 "entityKey":  "microsoftAccountBlockSettingsSync",
                                                 "booleanActions":  3,
                                                 "defaultValue":  false,
                                                 "policyType":  79,
                                                 "enabled":  true
                                             },
                                             {
                                                 "dataType":  16,
                                                 "category":  21,
                                                 "nameResourceKey":  "AccountsSignInAssistantSettingsName",
                                                 "descriptionResourceKey":  "AccountsSignInAssistantSettingsDescription",
                                                 "childSettings":  [

                                                                   ],
                                                 "options":  [
                                                                 {
                                                                     "nameResourceKey":  "NotConfigured",
                                                                     "value":  "notConfigured",
                                                                     "enabled":  true
                                                                 },
                                                                 {
                                                                     "nameResourceKey":  "disableOption",
                                                                     "value":  "disabled",
                                                                     "enabled":  true
                                                                 }
                                                             ],
                                                 "entityKey":  "microsoftAccountSignInAssistantSettings",
                                                 "booleanActions":  0,
                                                 "defaultValue":  "notConfigured",
                                                 "unconfiguredValue":  "notConfigured",
                                                 "policyType":  79,
                                                 "enabled":  true
                                             }
                                         ]
}
