{
    "connectivity_windows10general":  [
                                          {
                                              "dataType":  16,
                                              "category":  24,
                                              "nameResourceKey":  "cellularDataName",
                                              "descriptionResourceKey":  "cellularDataDescription",
                                              "childSettings":  [

                                                                ],
                                              "options":  [
                                                              {
                                                                  "nameResourceKey":  "notConfigured",
                                                                  "value":  "allowed",
                                                                  "enabled":  true
                                                              },
                                                              {
                                                                  "nameResourceKey":  "blockOption",
                                                                  "value":  "blocked",
                                                                  "enabled":  true
                                                              },
                                                              {
                                                                  "nameResourceKey":  "allowNotEditableOption",
                                                                  "value":  "required",
                                                                  "enabled":  true
                                                              }
                                                          ],
                                              "entityKey":  "cellularData",
                                              "booleanActions":  0,
                                              "defaultValue":  "allowed",
                                              "unconfiguredValue":  "allowed",
                                              "policyType":  79,
                                              "enabled":  true
                                          },
                                          {
                                              "dataType":  0,
                                              "category":  24,
                                              "nameResourceKey":  "blockDataRoamingName",
                                              "descriptionResourceKey":  "blockDataRoamingDescription",
                                              "childSettings":  [

                                                                ],
                                              "options":  [

                                                          ],
                                              "entityKey":  "cellularBlockDataWhenRoaming",
                                              "booleanActions":  3,
                                              "defaultValue":  false,
                                              "policyType":  79,
                                              "enabled":  true
                                          },
                                          {
                                              "dataType":  0,
                                              "category":  24,
                                              "nameResourceKey":  "vpnOverCellularName",
                                              "descriptionResourceKey":  "empty",
                                              "childSettings":  [

                                                                ],
                                              "options":  [

                                                          ],
                                              "entityKey":  "cellularBlockVpn",
                                              "booleanActions":  3,
                                              "defaultValue":  false,
                                              "policyType":  79,
                                              "enabled":  true
                                          },
                                          {
                                              "dataType":  0,
                                              "category":  24,
                                              "nameResourceKey":  "vpnRoamingOverCellularName",
                                              "descriptionResourceKey":  "empty",
                                              "childSettings":  [

                                                                ],
                                              "options":  [

                                                          ],
                                              "entityKey":  "cellularBlockVpnWhenRoaming",
                                              "booleanActions":  3,
                                              "defaultValue":  false,
                                              "policyType":  79,
                                              "enabled":  true
                                          },
                                          {
                                              "dataType":  0,
                                              "category":  24,
                                              "nameResourceKey":  "blockConnectedDevicesServiceName",
                                              "descriptionResourceKey":  "blockConnectedDevicesServiceDescription",
                                              "childSettings":  [

                                                                ],
                                              "options":  [

                                                          ],
                                              "entityKey":  "connectedDevicesServiceBlocked",
                                              "booleanActions":  3,
                                              "defaultValue":  false,
                                              "policyType":  79,
                                              "enabled":  true
                                          },
                                          {
                                              "dataType":  0,
                                              "category":  24,
                                              "nameResourceKey":  "blockNFCName",
                                              "descriptionResourceKey":  "blockNFCDescription",
                                              "childSettings":  [

                                                                ],
                                              "options":  [

                                                          ],
                                              "entityKey":  "nfcBlocked",
                                              "booleanActions":  3,
                                              "defaultValue":  false,
                                              "policyType":  79,
                                              "enabled":  true
                                          },
                                          {
                                              "dataType":  0,
                                              "category":  24,
                                              "nameResourceKey":  "blockWiFiName",
                                              "descriptionResourceKey":  "blockWiFiDescription",
                                              "childSettings":  [

                                                                ],
                                              "options":  [

                                                          ],
                                              "entityKey":  "wiFiBlocked",
                                              "booleanActions":  3,
                                              "defaultValue":  false,
                                              "policyType":  79,
                                              "enabled":  true
                                          },
                                          {
                                              "dataType":  0,
                                              "category":  24,
                                              "nameResourceKey":  "blockWiFiHotspotAutoConnectName",
                                              "descriptionResourceKey":  "blockWiFiHotspotAutoConnectDescription",
                                              "childSettings":  [

                                                                ],
                                              "options":  [

                                                          ],
                                              "entityKey":  "wiFiBlockAutomaticConnectHotspots",
                                              "booleanActions":  3,
                                              "defaultValue":  false,
                                              "policyType":  79,
                                              "enabled":  true
                                          },
                                          {
                                              "dataType":  0,
                                              "category":  24,
                                              "nameResourceKey":  "blockManualWifiConfigurationName",
                                              "descriptionResourceKey":  "blockManualWifiConfigurationDescription",
                                              "childSettings":  [

                                                                ],
                                              "options":  [

                                                          ],
                                              "entityKey":  "wiFiBlockManualConfiguration",
                                              "booleanActions":  3,
                                              "defaultValue":  false,
                                              "policyType":  79,
                                              "enabled":  true
                                          },
                                          {
                                              "dataType":  14,
                                              "category":  24,
                                              "nameResourceKey":  "wiFiScanIntervalName",
                                              "descriptionResourceKey":  "wiFiScanIntervalDescription",
                                              "emptyValueResourceKey":  "wifiScanIntervalPlaceholder",
                                              "childSettings":  [

                                                                ],
                                              "options":  [

                                                          ],
                                              "entityKey":  "wiFiScanInterval",
                                              "booleanActions":  0,
                                              "policyType":  79,
                                              "enabled":  true
                                          },
                                          {
                                              "isSettingDescription":  false,
                                              "showAsSectionHeader":  false,
                                              "dataType":  8,
                                              "category":  24,
                                              "nameResourceKey":  "win10BluetoothHeader",
                                              "childSettings":  [

                                                                ],
                                              "options":  [

                                                          ],
                                              "booleanActions":  0,
                                              "policyType":  79,
                                              "enabled":  true
                                          },
                                          {
                                              "dataType":  0,
                                              "category":  24,
                                              "nameResourceKey":  "blockBluetoothName",
                                              "descriptionResourceKey":  "blockBluetoothDescription",
                                              "childSettings":  [

                                                                ],
                                              "options":  [

                                                          ],
                                              "entityKey":  "bluetoothBlocked",
                                              "booleanActions":  3,
                                              "defaultValue":  false,
                                              "policyType":  79,
                                              "enabled":  true
                                          },
                                          {
                                              "dataType":  0,
                                              "category":  24,
                                              "nameResourceKey":  "blockBluetoothDiscoverableModeName",
                                              "descriptionResourceKey":  "blockBluetoothDiscoverableModeDescription",
                                              "childSettings":  [

                                                                ],
                                              "options":  [

                                                          ],
                                              "entityKey":  "bluetoothBlockDiscoverableMode",
                                              "booleanActions":  3,
                                              "defaultValue":  false,
                                              "policyType":  79,
                                              "enabled":  true
                                          },
                                          {
                                              "dataType":  0,
                                              "category":  24,
                                              "nameResourceKey":  "blockBluetoothPrepairingName",
                                              "descriptionResourceKey":  "blockBluetoothPrepairingDescription",
                                              "childSettings":  [

                                                                ],
                                              "options":  [

                                                          ],
                                              "entityKey":  "bluetoothBlockPrePairing",
                                              "booleanActions":  3,
                                              "defaultValue":  false,
                                              "policyType":  79,
                                              "enabled":  true
                                          },
                                          {
                                              "dataType":  0,
                                              "category":  24,
                                              "nameResourceKey":  "blockBluetoothAdvertisingName",
                                              "descriptionResourceKey":  "blockBluetoothAdvertisingDescription",
                                              "childSettings":  [

                                                                ],
                                              "options":  [

                                                          ],
                                              "entityKey":  "bluetoothBlockAdvertising",
                                              "booleanActions":  3,
                                              "defaultValue":  false,
                                              "policyType":  79,
                                              "enabled":  true
                                          },
                                          {
                                              "dataType":  0,
                                              "category":  24,
                                              "nameResourceKey":  "bluetoothBlockPromptedProximalConnectionsName",
                                              "descriptionResourceKey":  "bluetoothBlockPromptedProximalConnectionsDescription",
                                              "childSettings":  [

                                                                ],
                                              "options":  [

                                                          ],
                                              "entityKey":  "bluetoothBlockPromptedProximalConnections",
                                              "booleanActions":  3,
                                              "defaultValue":  false,
                                              "unconfiguredValue":  false,
                                              "policyType":  79,
                                              "enabled":  true
                                          },
                                          {
                                              "columns":  [
                                                              {
                                                                  "metadata":  {
                                                                                   "dataType":  20,
                                                                                   "category":  24,
                                                                                   "nameResourceKey":  "bluetoothAllowedServicesName",
                                                                                   "emptyValueResourceKey":  "guidExample",
                                                                                   "childSettings":  [

                                                                                                     ],
                                                                                   "options":  [

                                                                                               ],
                                                                                   "entityKey":  "guidExample",
                                                                                   "booleanActions":  0,
                                                                                   "policyType":  79,
                                                                                   "enabled":  true
                                                                               }
                                                              }
                                                          ],
                                              "dataType":  21,
                                              "category":  24,
                                              "nameResourceKey":  "bluetoothAllowedServicesName",
                                              "descriptionResourceKey":  "bluetoothAllowedServicesDescription",
                                              "childSettings":  [

                                                                ],
                                              "options":  [

                                                          ],
                                              "entityKey":  "bluetoothAllowedServices",
                                              "booleanActions":  0,
                                              "policyType":  79,
                                              "enabled":  true
                                          }
                                      ]
}
