{
    "credentialguard_windows10endpointprotection":  {
                                                        "dataType":  16,
                                                        "category":  27,
                                                        "nameResourceKey":  "deviceGuardCredentialGuardName",
                                                        "descriptionResourceKey":  "deviceGuardCredentialGuardDescription",
                                                        "childSettings":  [

                                                                          ],
                                                        "options":  [
                                                                        {
                                                                            "nameResourceKey":  "notConfigured",
                                                                            "value":  "notConfigured",
                                                                            "enabled":  true
                                                                        },
                                                                        {
                                                                            "nameResourceKey":  "disableOption",
                                                                            "value":  "disable",
                                                                            "enabled":  true
                                                                        },
                                                                        {
                                                                            "nameResourceKey":  "enableWithUEFILock",
                                                                            "value":  "enableWithUEFILock",
                                                                            "enabled":  true
                                                                        },
                                                                        {
                                                                            "nameResourceKey":  "enableWithoutUEFILock",
                                                                            "value":  "enableWithoutUEFILock",
                                                                            "enabled":  true
                                                                        }
                                                                    ],
                                                        "entityKey":  "deviceGuardLocalSystemAuthorityCredentialGuardSettings",
                                                        "booleanActions":  0,
                                                        "defaultValue":  "notConfigured",
                                                        "unconfiguredValue":  "notConfigured",
                                                        "policyType":  77,
                                                        "enabled":  true
                                                    }
}
