{
    "customconfiguration_maccustom":  [
                                          {
                                              "dataType":  20,
                                              "category":  28,
                                              "nameResourceKey":  "customPolicyConfigurationProfileName",
                                              "descriptionResourceKey":  "customPolicyConfigurationProfileDescription",
                                              "childSettings":  [

                                                                ],
                                              "options":  [

                                                          ],
                                              "entityKey":  "payloadName",
                                              "booleanActions":  0,
                                              "defaultValue":  "",
                                              "policyType":  56,
                                              "enabled":  true
                                          },
                                          {
                                              "dataType":  16,
                                              "category":  28,
                                              "nameResourceKey":  "customPolicyConfigurationDeploymentChannelName",
                                              "descriptionResourceKey":  "customPolicyConfigurationDeploymentChannelDescription",
                                              "childSettings":  [

                                                                ],
                                              "options":  [
                                                              {
                                                                  "nameResourceKey":  "customPolicyConfigurationDeviceChannel",
                                                                  "value":  "deviceChannel",
                                                                  "enabled":  true
                                                              },
                                                              {
                                                                  "nameResourceKey":  "customPolicyConfigurationUserChannel",
                                                                  "value":  "userChannel",
                                                                  "enabled":  true
                                                              }
                                                          ],
                                              "entityKey":  "deploymentChannel",
                                              "booleanActions":  0,
                                              "defaultValue":  "deviceChannel",
                                              "unconfiguredValue":  "deviceChannel",
                                              "policyType":  56,
                                              "enabled":  true
                                          },
                                          {
                                              "dataEntityKey":  "payload",
                                              "filenameEntityKey":  "payloadFileName",
                                              "dataType":  2,
                                              "category":  28,
                                              "nameResourceKey":  "customPolicyConfigurationProfileFileName",
                                              "descriptionResourceKey":  "empty",
                                              "childSettings":  [

                                                                ],
                                              "options":  [

                                                          ],
                                              "entityKey":  "payload",
                                              "booleanActions":  0,
                                              "policyType":  56,
                                              "enabled":  true
                                          }
                                      ]
}
