{
    "customcompliance_compliancewindows10":  {
                                                 "dataType":  25,
                                                 "category":  151,
                                                 "childSettings":  [

                                                                   ],
                                                 "options":  [

                                                             ],
                                                 "booleanActions":  0,
                                                 "policyType":  35,
                                                 "enabled":  true
                                             }
}
