{
    "customomasettings_androidcustom":  {
                                            "columns":  [
                                                            {
                                                                "metadata":  {
                                                                                 "dataType":  20,
                                                                                 "category":  29,
                                                                                 "nameResourceKey":  "nameName",
                                                                                 "descriptionResourceKey":  "empty",
                                                                                 "childSettings":  [

                                                                                                   ],
                                                                                 "options":  [

                                                                                             ],
                                                                                 "entityKey":  "displayName",
                                                                                 "booleanActions":  0,
                                                                                 "policyType":  0,
                                                                                 "enabled":  true
                                                                             }
                                                            },
                                                            {
                                                                "metadata":  {
                                                                                 "dataType":  20,
                                                                                 "category":  29,
                                                                                 "nameResourceKey":  "descriptionName",
                                                                                 "descriptionResourceKey":  "empty",
                                                                                 "childSettings":  [

                                                                                                   ],
                                                                                 "options":  [

                                                                                             ],
                                                                                 "entityKey":  "description",
                                                                                 "booleanActions":  0,
                                                                                 "policyType":  0,
                                                                                 "enabled":  true
                                                                             }
                                                            },
                                                            {
                                                                "metadata":  {
                                                                                 "dataType":  20,
                                                                                 "category":  29,
                                                                                 "nameResourceKey":  "oMAURIName",
                                                                                 "descriptionResourceKey":  "empty",
                                                                                 "childSettings":  [

                                                                                                   ],
                                                                                 "options":  [

                                                                                             ],
                                                                                 "entityKey":  "omaUri",
                                                                                 "booleanActions":  0,
                                                                                 "policyType":  0,
                                                                                 "enabled":  true
                                                                             }
                                                            },
                                                            {
                                                                "metadata":  {
                                                                                 "dataType":  16,
                                                                                 "category":  29,
                                                                                 "nameResourceKey":  "dataTypeName",
                                                                                 "descriptionResourceKey":  "empty",
                                                                                 "childSettings":  [

                                                                                                   ],
                                                                                 "options":  [
                                                                                                 {
                                                                                                     "nameResourceKey":  "notConfigured",
                                                                                                     "enabled":  true
                                                                                                 },
                                                                                                 {
                                                                                                     "nameResourceKey":  "stringName",
                                                                                                     "value":  "#microsoft.graph.omaSettingString",
                                                                                                     "children":  [
                                                                                                                      {
                                                                                                                          "dataType":  12,
                                                                                                                          "category":  29,
                                                                                                                          "nameResourceKey":  "valueName",
                                                                                                                          "descriptionResourceKey":  "empty",
                                                                                                                          "childSettings":  [

                                                                                                                                            ],
                                                                                                                          "options":  [

                                                                                                                                      ],
                                                                                                                          "entityKey":  "value",
                                                                                                                          "booleanActions":  0,
                                                                                                                          "policyType":  0,
                                                                                                                          "enabled":  true
                                                                                                                      }
                                                                                                                  ],
                                                                                                     "enabled":  true
                                                                                                 },
                                                                                                 {
                                                                                                     "nameResourceKey":  "stringXMLName",
                                                                                                     "value":  "#microsoft.graph.omaSettingStringXml",
                                                                                                     "children":  [
                                                                                                                      {
                                                                                                                          "dataEntityKey":  "value",
                                                                                                                          "filenameEntityKey":  "fileName",
                                                                                                                          "dataType":  2,
                                                                                                                          "category":  29,
                                                                                                                          "nameResourceKey":  "vPNPolicyCustomXMLName",
                                                                                                                          "descriptionResourceKey":  "empty",
                                                                                                                          "childSettings":  [

                                                                                                                                            ],
                                                                                                                          "options":  [

                                                                                                                                      ],
                                                                                                                          "entityKey":  "value",
                                                                                                                          "booleanActions":  0,
                                                                                                                          "policyType":  0,
                                                                                                                          "enabled":  true
                                                                                                                      }
                                                                                                                  ],
                                                                                                     "enabled":  true
                                                                                                 },
                                                                                                 {
                                                                                                     "nameResourceKey":  "dateTimeName",
                                                                                                     "value":  "#microsoft.graph.omaSettingDateTime",
                                                                                                     "children":  [
                                                                                                                      {
                                                                                                                          "dataType":  7,
                                                                                                                          "category":  29,
                                                                                                                          "nameResourceKey":  "valueName",
                                                                                                                          "descriptionResourceKey":  "empty",
                                                                                                                          "childSettings":  [

                                                                                                                                            ],
                                                                                                                          "options":  [

                                                                                                                                      ],
                                                                                                                          "entityKey":  "value",
                                                                                                                          "booleanActions":  0,
                                                                                                                          "policyType":  0,
                                                                                                                          "enabled":  true
                                                                                                                      }
                                                                                                                  ],
                                                                                                     "enabled":  true
                                                                                                 },
                                                                                                 {
                                                                                                     "nameResourceKey":  "integerName",
                                                                                                     "value":  "#microsoft.graph.omaSettingInteger",
                                                                                                     "children":  [
                                                                                                                      {
                                                                                                                          "dataType":  14,
                                                                                                                          "category":  29,
                                                                                                                          "nameResourceKey":  "valueName",
                                                                                                                          "descriptionResourceKey":  "empty",
                                                                                                                          "childSettings":  [

                                                                                                                                            ],
                                                                                                                          "options":  [

                                                                                                                                      ],
                                                                                                                          "entityKey":  "value",
                                                                                                                          "booleanActions":  0,
                                                                                                                          "policyType":  0,
                                                                                                                          "enabled":  true
                                                                                                                      }
                                                                                                                  ],
                                                                                                     "enabled":  true
                                                                                                 },
                                                                                                 {
                                                                                                     "nameResourceKey":  "floatingPointName",
                                                                                                     "value":  "#microsoft.graph.omaSettingFloatingPoint",
                                                                                                     "children":  [
                                                                                                                      {
                                                                                                                          "dataType":  20,
                                                                                                                          "category":  29,
                                                                                                                          "nameResourceKey":  "valueName",
                                                                                                                          "descriptionResourceKey":  "empty",
                                                                                                                          "childSettings":  [

                                                                                                                                            ],
                                                                                                                          "options":  [

                                                                                                                                      ],
                                                                                                                          "entityKey":  "value",
                                                                                                                          "booleanActions":  0,
                                                                                                                          "policyType":  0,
                                                                                                                          "enabled":  true
                                                                                                                      }
                                                                                                                  ],
                                                                                                     "enabled":  true
                                                                                                 },
                                                                                                 {
                                                                                                     "nameResourceKey":  "booleanName",
                                                                                                     "value":  "#microsoft.graph.omaSettingBoolean",
                                                                                                     "children":  [
                                                                                                                      {
                                                                                                                          "dataType":  16,
                                                                                                                          "category":  29,
                                                                                                                          "nameResourceKey":  "valueName",
                                                                                                                          "descriptionResourceKey":  "empty",
                                                                                                                          "childSettings":  [

                                                                                                                                            ],
                                                                                                                          "options":  [
                                                                                                                                          {
                                                                                                                                              "nameResourceKey":  "trueOption",
                                                                                                                                              "value":  "true",
                                                                                                                                              "enabled":  true
                                                                                                                                          },
                                                                                                                                          {
                                                                                                                                              "nameResourceKey":  "falseOption",
                                                                                                                                              "value":  "false",
                                                                                                                                              "enabled":  true
                                                                                                                                          }
                                                                                                                                      ],
                                                                                                                          "entityKey":  "value",
                                                                                                                          "booleanActions":  0,
                                                                                                                          "defaultValue":  false,
                                                                                                                          "policyType":  0,
                                                                                                                          "enabled":  true
                                                                                                                      }
                                                                                                                  ],
                                                                                                     "enabled":  true
                                                                                                 },
                                                                                                 {
                                                                                                     "nameResourceKey":  "base64Name",
                                                                                                     "value":  "#microsoft.graph.omaSettingBase64",
                                                                                                     "children":  [
                                                                                                                      {
                                                                                                                          "dataEntityKey":  "value",
                                                                                                                          "filenameEntityKey":  "fileName",
                                                                                                                          "dataType":  2,
                                                                                                                          "category":  29,
                                                                                                                          "nameResourceKey":  "omaBase64Name",
                                                                                                                          "descriptionResourceKey":  "empty",
                                                                                                                          "childSettings":  [

                                                                                                                                            ],
                                                                                                                          "options":  [

                                                                                                                                      ],
                                                                                                                          "entityKey":  "value",
                                                                                                                          "booleanActions":  0,
                                                                                                                          "policyType":  0,
                                                                                                                          "enabled":  true
                                                                                                                      }
                                                                                                                  ],
                                                                                                     "enabled":  true
                                                                                                 }
                                                                                             ],
                                                                                 "entityKey":  "@odata.type",
                                                                                 "booleanActions":  0,
                                                                                 "policyType":  0,
                                                                                 "enabled":  true
                                                                             }
                                                            }
                                                        ],
                                            "dataType":  21,
                                            "category":  29,
                                            "nameResourceKey":  "customPolicyOMAURISettingsName",
                                            "descriptionResourceKey":  "empty",
                                            "childSettings":  [

                                                              ],
                                            "options":  [

                                                        ],
                                            "entityKey":  "omaSettings",
                                            "booleanActions":  0,
                                            "defaultValue":  "",
                                            "policyType":  0,
                                            "enabled":  true
                                        }
}
