{
    "defendersecuritycenter_windows10endpointprotection":  [
                                                               {
                                                                   "isSettingDescription":  false,
                                                                   "showAsSectionHeader":  false,
                                                                   "dataType":  8,
                                                                   "category":  34,
                                                                   "nameResourceKey":  "defenderSecurityCenterHeaderText",
                                                                   "childSettings":  [

                                                                                     ],
                                                                   "options":  [

                                                                               ],
                                                                   "booleanActions":  0,
                                                                   "policyType":  77,
                                                                   "enabled":  true
                                                               },
                                                               {
                                                                   "isSettingDescription":  true,
                                                                   "showAsSectionHeader":  false,
                                                                   "dataType":  8,
                                                                   "category":  34,
                                                                   "nameResourceKey":  "defenderSecurityCenterSubHeaderText",
                                                                   "childSettings":  [

                                                                                     ],
                                                                   "options":  [

                                                                               ],
                                                                   "booleanActions":  0,
                                                                   "policyType":  77,
                                                                   "enabled":  true
                                                               },
                                                               {
                                                                   "dataType":  16,
                                                                   "category":  34,
                                                                   "nameResourceKey":  "defenderSecurityCenterDisableVirusUIName",
                                                                   "descriptionResourceKey":  "defenderSecurityCenterDisableVirusUIDescription",
                                                                   "childSettings":  [
                                                                                         {
                                                                                             "dataType":  16,
                                                                                             "category":  34,
                                                                                             "nameResourceKey":  "defenderSecurityCenterDisableRansomwareUIName",
                                                                                             "descriptionResourceKey":  "defenderSecurityCenterDisableRansomwareUIDescription",
                                                                                             "childSettings":  [

                                                                                                               ],
                                                                                             "options":  [
                                                                                                             {
                                                                                                                 "nameResourceKey":  "NotConfiguredAlwaysOnOption",
                                                                                                                 "enabled":  true
                                                                                                             },
                                                                                                             {
                                                                                                                 "nameResourceKey":  "allowOption",
                                                                                                                 "value":  false,
                                                                                                                 "enabled":  true
                                                                                                             },
                                                                                                             {
                                                                                                                 "nameResourceKey":  "blockOption",
                                                                                                                 "value":  true,
                                                                                                                 "enabled":  true
                                                                                                             }
                                                                                                         ],
                                                                                             "entityKey":  "defenderSecurityCenterDisableRansomwareUI",
                                                                                             "booleanActions":  0,
                                                                                             "policyType":  77,
                                                                                             "enabled":  true
                                                                                         }
                                                                                     ],
                                                                   "options":  [
                                                                                   {
                                                                                       "nameResourceKey":  "NotConfiguredAlwaysOnOption",
                                                                                       "enabled":  true
                                                                                   },
                                                                                   {
                                                                                       "nameResourceKey":  "allowOption",
                                                                                       "value":  false,
                                                                                       "enabled":  true
                                                                                   },
                                                                                   {
                                                                                       "nameResourceKey":  "blockOption",
                                                                                       "value":  true,
                                                                                       "enabled":  true
                                                                                   }
                                                                               ],
                                                                   "entityKey":  "defenderSecurityCenterDisableVirusUI",
                                                                   "booleanActions":  0,
                                                                   "policyType":  77,
                                                                   "enabled":  true
                                                               },
                                                               {
                                                                   "dataType":  16,
                                                                   "category":  34,
                                                                   "nameResourceKey":  "defenderSecurityCenterDisableAccountUIName",
                                                                   "descriptionResourceKey":  "defenderSecurityCenterDisableAccountUIDescription",
                                                                   "childSettings":  [

                                                                                     ],
                                                                   "options":  [
                                                                                   {
                                                                                       "nameResourceKey":  "NotConfiguredAlwaysOnOption",
                                                                                       "enabled":  true
                                                                                   },
                                                                                   {
                                                                                       "nameResourceKey":  "allowOption",
                                                                                       "value":  false,
                                                                                       "enabled":  true
                                                                                   },
                                                                                   {
                                                                                       "nameResourceKey":  "blockOption",
                                                                                       "value":  true,
                                                                                       "enabled":  true
                                                                                   }
                                                                               ],
                                                                   "entityKey":  "defenderSecurityCenterDisableAccountUI",
                                                                   "booleanActions":  0,
                                                                   "policyType":  77,
                                                                   "enabled":  true
                                                               },
                                                               {
                                                                   "dataType":  16,
                                                                   "category":  34,
                                                                   "nameResourceKey":  "defenderSecurityCenterDisableNetworkUIName",
                                                                   "descriptionResourceKey":  "defenderSecurityCenterDisableNetworkUIDescription",
                                                                   "childSettings":  [

                                                                                     ],
                                                                   "options":  [
                                                                                   {
                                                                                       "nameResourceKey":  "NotConfiguredAlwaysOnOption",
                                                                                       "enabled":  true
                                                                                   },
                                                                                   {
                                                                                       "nameResourceKey":  "allowOption",
                                                                                       "value":  false,
                                                                                       "enabled":  true
                                                                                   },
                                                                                   {
                                                                                       "nameResourceKey":  "blockOption",
                                                                                       "value":  true,
                                                                                       "enabled":  true
                                                                                   }
                                                                               ],
                                                                   "entityKey":  "defenderSecurityCenterDisableNetworkUI",
                                                                   "booleanActions":  0,
                                                                   "policyType":  77,
                                                                   "enabled":  true
                                                               },
                                                               {
                                                                   "dataType":  16,
                                                                   "category":  34,
                                                                   "nameResourceKey":  "defenderSecurityCenterDisableAppBrowserUIName",
                                                                   "descriptionResourceKey":  "defenderSecurityCenterDisableAppBrowserUIDescription",
                                                                   "childSettings":  [

                                                                                     ],
                                                                   "options":  [
                                                                                   {
                                                                                       "nameResourceKey":  "NotConfiguredAlwaysOnOption",
                                                                                       "enabled":  true
                                                                                   },
                                                                                   {
                                                                                       "nameResourceKey":  "allowOption",
                                                                                       "value":  false,
                                                                                       "enabled":  true
                                                                                   },
                                                                                   {
                                                                                       "nameResourceKey":  "blockOption",
                                                                                       "value":  true,
                                                                                       "enabled":  true
                                                                                   }
                                                                               ],
                                                                   "entityKey":  "defenderSecurityCenterDisableAppBrowserUI",
                                                                   "booleanActions":  0,
                                                                   "policyType":  77,
                                                                   "enabled":  true
                                                               },
                                                               {
                                                                   "dataType":  19,
                                                                   "category":  34,
                                                                   "nameResourceKey":  "defenderSecurityCenterDisableHardwareUIName",
                                                                   "descriptionResourceKey":  "defenderSecurityCenterDisableHardwareUIDescription",
                                                                   "childSettings":  [

                                                                                     ],
                                                                   "options":  [
                                                                                   {
                                                                                       "nameResourceKey":  "hideOption",
                                                                                       "value":  true,
                                                                                       "enabled":  true
                                                                                   },
                                                                                   {
                                                                                       "nameResourceKey":  "notConfigured",
                                                                                       "value":  false,
                                                                                       "enabled":  true
                                                                                   }
                                                                               ],
                                                                   "entityKey":  "defenderSecurityCenterDisableHardwareUI",
                                                                   "booleanActions":  0,
                                                                   "defaultValue":  false,
                                                                   "policyType":  77,
                                                                   "enabled":  true
                                                               },
                                                               {
                                                                   "dataType":  16,
                                                                   "category":  34,
                                                                   "nameResourceKey":  "defenderSecurityCenterDisableHealthUIName",
                                                                   "descriptionResourceKey":  "defenderSecurityCenterDisableHealthUIDescription",
                                                                   "childSettings":  [

                                                                                     ],
                                                                   "options":  [
                                                                                   {
                                                                                       "nameResourceKey":  "NotConfiguredAlwaysOnOption",
                                                                                       "enabled":  true
                                                                                   },
                                                                                   {
                                                                                       "nameResourceKey":  "allowOption",
                                                                                       "value":  false,
                                                                                       "enabled":  true
                                                                                   },
                                                                                   {
                                                                                       "nameResourceKey":  "blockOption",
                                                                                       "value":  true,
                                                                                       "enabled":  true
                                                                                   }
                                                                               ],
                                                                   "entityKey":  "defenderSecurityCenterDisableHealthUI",
                                                                   "booleanActions":  0,
                                                                   "policyType":  77,
                                                                   "enabled":  true
                                                               },
                                                               {
                                                                   "dataType":  16,
                                                                   "category":  34,
                                                                   "nameResourceKey":  "defenderSecurityCenterDisableFamilyUIName",
                                                                   "descriptionResourceKey":  "defenderSecurityCenterDisableFamilyUIDescription",
                                                                   "childSettings":  [

                                                                                     ],
                                                                   "options":  [
                                                                                   {
                                                                                       "nameResourceKey":  "NotConfiguredAlwaysOnOption",
                                                                                       "enabled":  true
                                                                                   },
                                                                                   {
                                                                                       "nameResourceKey":  "allowOption",
                                                                                       "value":  false,
                                                                                       "enabled":  true
                                                                                   },
                                                                                   {
                                                                                       "nameResourceKey":  "blockOption",
                                                                                       "value":  true,
                                                                                       "enabled":  true
                                                                                   }
                                                                               ],
                                                                   "entityKey":  "defenderSecurityCenterDisableFamilyUI",
                                                                   "booleanActions":  0,
                                                                   "policyType":  77,
                                                                   "enabled":  true
                                                               },
                                                               {
                                                                   "dataType":  16,
                                                                   "category":  34,
                                                                   "nameResourceKey":  "defenderSecurityCenterNotificationsFromAppName",
                                                                   "descriptionResourceKey":  "defenderSecurityCenterNotificationsFromAppDescription",
                                                                   "childSettings":  [

                                                                                     ],
                                                                   "options":  [
                                                                                   {
                                                                                       "nameResourceKey":  "notConfigured",
                                                                                       "value":  "notConfigured",
                                                                                       "enabled":  true
                                                                                   },
                                                                                   {
                                                                                       "nameResourceKey":  "DefenderSecurityCenterNotificationsFromAppBlockNoncriticalNotificationsName",
                                                                                       "value":  "blockNoncriticalNotifications",
                                                                                       "enabled":  true
                                                                                   },
                                                                                   {
                                                                                       "nameResourceKey":  "DefenderSecurityCenterNotificationsFromAppBlockAllNotificationsName",
                                                                                       "value":  "blockAllNotifications",
                                                                                       "enabled":  true
                                                                                   }
                                                                               ],
                                                                   "entityKey":  "defenderSecurityCenterNotificationsFromApp",
                                                                   "booleanActions":  0,
                                                                   "defaultValue":  "notConfigured",
                                                                   "unconfiguredValue":  "notConfigured",
                                                                   "policyType":  77,
                                                                   "enabled":  true
                                                               },
                                                               {
                                                                   "dataType":  16,
                                                                   "category":  34,
                                                                   "nameResourceKey":  "defenderSecurityCenterDisableNotificationAreaUIName",
                                                                   "descriptionResourceKey":  "defenderSecurityCenterDisableNotificationAreaUIDescription",
                                                                   "childSettings":  [

                                                                                     ],
                                                                   "options":  [
                                                                                   {
                                                                                       "nameResourceKey":  "NotConfiguredAlwaysOnOption",
                                                                                       "enabled":  true
                                                                                   },
                                                                                   {
                                                                                       "nameResourceKey":  "allowOption",
                                                                                       "value":  false,
                                                                                       "enabled":  true
                                                                                   },
                                                                                   {
                                                                                       "nameResourceKey":  "blockOption",
                                                                                       "value":  true,
                                                                                       "enabled":  true
                                                                                   }
                                                                               ],
                                                                   "entityKey":  "defenderSecurityCenterDisableNotificationAreaUI",
                                                                   "booleanActions":  0,
                                                                   "policyType":  77,
                                                                   "enabled":  true
                                                               },
                                                               {
                                                                   "dataType":  16,
                                                                   "category":  34,
                                                                   "nameResourceKey":  "defenderSecurityCenterDisableClearTpmUIName",
                                                                   "descriptionResourceKey":  "defenderSecurityCenterDisableClearTpmUIDescription",
                                                                   "childSettings":  [

                                                                                     ],
                                                                   "options":  [
                                                                                   {
                                                                                       "nameResourceKey":  "NotConfiguredAlwaysOnOption",
                                                                                       "enabled":  true
                                                                                   },
                                                                                   {
                                                                                       "nameResourceKey":  "allowOption",
                                                                                       "value":  false,
                                                                                       "enabled":  true
                                                                                   },
                                                                                   {
                                                                                       "nameResourceKey":  "blockOption",
                                                                                       "value":  true,
                                                                                       "enabled":  true
                                                                                   }
                                                                               ],
                                                                   "entityKey":  "defenderSecurityCenterDisableClearTpmUI",
                                                                   "booleanActions":  0,
                                                                   "policyType":  77,
                                                                   "enabled":  true
                                                               },
                                                               {
                                                                   "dataType":  16,
                                                                   "category":  34,
                                                                   "nameResourceKey":  "defenderSecurityCenterDisableVulnerableTpmFirmwareUpdateUIName",
                                                                   "descriptionResourceKey":  "defenderSecurityCenterDisableVulnerableTpmFirmwareUpdateUIDescription",
                                                                   "childSettings":  [

                                                                                     ],
                                                                   "options":  [
                                                                                   {
                                                                                       "nameResourceKey":  "NotConfiguredAlwaysOnOption",
                                                                                       "enabled":  true
                                                                                   },
                                                                                   {
                                                                                       "nameResourceKey":  "allowOption",
                                                                                       "value":  false,
                                                                                       "enabled":  true
                                                                                   },
                                                                                   {
                                                                                       "nameResourceKey":  "blockOption",
                                                                                       "value":  true,
                                                                                       "enabled":  true
                                                                                   }
                                                                               ],
                                                                   "entityKey":  "defenderSecurityCenterDisableVulnerableTpmFirmwareUpdateUI",
                                                                   "booleanActions":  0,
                                                                   "policyType":  77,
                                                                   "enabled":  true
                                                               },
                                                               {
                                                                   "dataType":  16,
                                                                   "category":  34,
                                                                   "nameResourceKey":  "defenderSecurityCenterTamperProtectionName",
                                                                   "descriptionResourceKey":  "defenderSecurityCenterTamperProtectionDescription",
                                                                   "childSettings":  [

                                                                                     ],
                                                                   "options":  [
                                                                                   {
                                                                                       "nameResourceKey":  "notConfigured",
                                                                                       "value":  "notConfigured",
                                                                                       "enabled":  true
                                                                                   },
                                                                                   {
                                                                                       "nameResourceKey":  "DefenderSecurityCenterTamperProtectionEnable",
                                                                                       "value":  "enable",
                                                                                       "enabled":  true
                                                                                   },
                                                                                   {
                                                                                       "nameResourceKey":  "DefenderSecurityCenterTamperProtectionDisable",
                                                                                       "value":  "disable",
                                                                                       "enabled":  true
                                                                                   }
                                                                               ],
                                                                   "entityKey":  "windowsDefenderTamperProtection",
                                                                   "booleanActions":  0,
                                                                   "defaultValue":  "notConfigured",
                                                                   "unconfiguredValue":  "notConfigured",
                                                                   "policyType":  77,
                                                                   "enabled":  false
                                                               },
                                                               {
                                                                   "isSettingDescription":  false,
                                                                   "showAsSectionHeader":  false,
                                                                   "dataType":  8,
                                                                   "category":  34,
                                                                   "nameResourceKey":  "defenderSecurityCenterITContactInformationHeaderText",
                                                                   "childSettings":  [

                                                                                     ],
                                                                   "options":  [

                                                                               ],
                                                                   "booleanActions":  0,
                                                                   "policyType":  77,
                                                                   "enabled":  true
                                                               },
                                                               {
                                                                   "isSettingDescription":  true,
                                                                   "showAsSectionHeader":  false,
                                                                   "dataType":  8,
                                                                   "category":  34,
                                                                   "nameResourceKey":  "defenderSecurityCenterITContactInformationSubHeaderText",
                                                                   "childSettings":  [

                                                                                     ],
                                                                   "options":  [

                                                                               ],
                                                                   "booleanActions":  0,
                                                                   "policyType":  77,
                                                                   "enabled":  true
                                                               },
                                                               {
                                                                   "dataType":  16,
                                                                   "category":  34,
                                                                   "nameResourceKey":  "defenderSecurityCenterITContactDisplayName",
                                                                   "descriptionResourceKey":  "defenderSecurityCenterITContactDisplayDescription",
                                                                   "childSettings":  [
                                                                                         {
                                                                                             "dataType":  20,
                                                                                             "category":  34,
                                                                                             "nameResourceKey":  "defenderSecurityCenterOrganizationDisplayNameName",
                                                                                             "descriptionResourceKey":  "defenderSecurityCenterOrganizationDisplayNameName",
                                                                                             "emptyValueResourceKey":  "defenderSecurityCenterOrganizationDisplayNamePlaceholder",
                                                                                             "childSettings":  [

                                                                                                               ],
                                                                                             "options":  [

                                                                                                         ],
                                                                                             "entityKey":  "defenderSecurityCenterOrganizationDisplayName",
                                                                                             "booleanActions":  0,
                                                                                             "defaultValue":  "",
                                                                                             "policyType":  77,
                                                                                             "enabled":  true
                                                                                         },
                                                                                         {
                                                                                             "isSettingDescription":  false,
                                                                                             "showAsSectionHeader":  false,
                                                                                             "dataType":  8,
                                                                                             "category":  34,
                                                                                             "nameResourceKey":  "defenderSecurityCenterContactOptionsText",
                                                                                             "childSettings":  [

                                                                                                               ],
                                                                                             "options":  [

                                                                                                         ],
                                                                                             "booleanActions":  0,
                                                                                             "policyType":  77,
                                                                                             "enabled":  true
                                                                                         },
                                                                                         {
                                                                                             "dataType":  20,
                                                                                             "category":  34,
                                                                                             "nameResourceKey":  "defenderSecurityCenterHelpPhoneName",
                                                                                             "descriptionResourceKey":  "defenderSecurityCenterHelpPhoneDescription",
                                                                                             "emptyValueResourceKey":  "defenderSecurityCenterHelpPhonePlaceholder",
                                                                                             "childSettings":  [

                                                                                                               ],
                                                                                             "options":  [

                                                                                                         ],
                                                                                             "entityKey":  "defenderSecurityCenterHelpPhone",
                                                                                             "booleanActions":  0,
                                                                                             "defaultValue":  "",
                                                                                             "policyType":  77,
                                                                                             "enabled":  true
                                                                                         },
                                                                                         {
                                                                                             "dataType":  20,
                                                                                             "category":  34,
                                                                                             "nameResourceKey":  "defenderSecurityCenterHelpEmailName",
                                                                                             "descriptionResourceKey":  "defenderSecurityCenterHelpEmailDescription",
                                                                                             "emptyValueResourceKey":  "defenderSecurityCenterHelpEmailPlaceholder",
                                                                                             "childSettings":  [

                                                                                                               ],
                                                                                             "options":  [

                                                                                                         ],
                                                                                             "entityKey":  "defenderSecurityCenterHelpEmail",
                                                                                             "booleanActions":  0,
                                                                                             "defaultValue":  "",
                                                                                             "policyType":  77,
                                                                                             "enabled":  true
                                                                                         },
                                                                                         {
                                                                                             "dataType":  20,
                                                                                             "category":  34,
                                                                                             "nameResourceKey":  "defenderSecurityCenterHelpURLName",
                                                                                             "descriptionResourceKey":  "defenderSecurityCenterHelpURLDescription",
                                                                                             "emptyValueResourceKey":  "defenderSecurityCenterHelpURLPlaceholder",
                                                                                             "childSettings":  [

                                                                                                               ],
                                                                                             "options":  [

                                                                                                         ],
                                                                                             "entityKey":  "defenderSecurityCenterHelpURL",
                                                                                             "booleanActions":  0,
                                                                                             "defaultValue":  "",
                                                                                             "policyType":  77,
                                                                                             "enabled":  true
                                                                                         }
                                                                                     ],
                                                                   "options":  [
                                                                                   {
                                                                                       "nameResourceKey":  "defenderSecurityCenterITContactDisplayDisplayInAppAndInNotificationsName",
                                                                                       "value":  "displayInAppAndInNotifications",
                                                                                       "enabled":  true
                                                                                   },
                                                                                   {
                                                                                       "nameResourceKey":  "defenderSecurityCenterITContactDisplayDisplayOnlyInAppName",
                                                                                       "value":  "displayOnlyInApp",
                                                                                       "enabled":  true
                                                                                   },
                                                                                   {
                                                                                       "nameResourceKey":  "defenderSecurityCenterITContactDisplayDisplayOnlyInNotificationsName",
                                                                                       "value":  "displayOnlyInNotifications",
                                                                                       "enabled":  true
                                                                                   },
                                                                                   {
                                                                                       "nameResourceKey":  "defenderSecurityCenterITContactDisplayDontDisplayName",
                                                                                       "value":  "notConfigured",
                                                                                       "enabled":  true
                                                                                   }
                                                                               ],
                                                                   "entityKey":  "defenderSecurityCenterITContactDisplay",
                                                                   "booleanActions":  0,
                                                                   "defaultValue":  "notConfigured",
                                                                   "unconfiguredValue":  "notConfigured",
                                                                   "policyType":  77,
                                                                   "enabled":  true
                                                               }
                                                           ]
}
