{
    "deviceguard_windows10endpointprotection":  [
                                                    {
                                                        "isSettingDescription":  true,
                                                        "showAsSectionHeader":  false,
                                                        "dataType":  8,
                                                        "category":  41,
                                                        "nameResourceKey":  "Windows10EndpointProtectionDeviceGuardLearnMore",
                                                        "childSettings":  [

                                                                          ],
                                                        "options":  [

                                                                    ],
                                                        "booleanActions":  0,
                                                        "policyType":  77,
                                                        "enabled":  true
                                                    },
                                                    {
                                                        "dataType":  16,
                                                        "category":  41,
                                                        "nameResourceKey":  "Win10AppLockerEnforcementTypeName",
                                                        "descriptionResourceKey":  "Win10AppLockerEnforcementTypeDescription",
                                                        "childSettings":  [

                                                                          ],
                                                        "options":  [
                                                                        {
                                                                            "nameResourceKey":  "Win10appLockerApplicationControlNotConfiguredName",
                                                                            "value":  "notConfigured",
                                                                            "enabled":  true
                                                                        },
                                                                        {
                                                                            "nameResourceKey":  "Win10appLockerApplicationControlAllowName",
                                                                            "value":  "allow",
                                                                            "children":  [
                                                                                             {
                                                                                                 "dataType":  16,
                                                                                                 "category":  41,
                                                                                                 "nameResourceKey":  "Win10AppLockerApplicationControlTypeName",
                                                                                                 "descriptionResourceKey":  "Win10appLockerApplicationControlAllowDescription",
                                                                                                 "childSettings":  [

                                                                                                                   ],
                                                                                                 "options":  [
                                                                                                                 {
                                                                                                                     "nameResourceKey":  "Win10appLockerApplicationControlEnforceComponentsAndStoreAppsName",
                                                                                                                     "value":  "enforceComponentsAndStoreApps",
                                                                                                                     "children":  [
                                                                                                                                      {
                                                                                                                                          "isSettingDescription":  true,
                                                                                                                                          "showAsSectionHeader":  false,
                                                                                                                                          "dataType":  8,
                                                                                                                                          "category":  41,
                                                                                                                                          "nameResourceKey":  "Win10appLockerApplicationControlEnforceComponentsAndStoreAppsDescription",
                                                                                                                                          "childSettings":  [

                                                                                                                                                            ],
                                                                                                                                          "options":  [

                                                                                                                                                      ],
                                                                                                                                          "booleanActions":  0,
                                                                                                                                          "policyType":  77,
                                                                                                                                          "enabled":  true
                                                                                                                                      }
                                                                                                                                  ],
                                                                                                                     "enabled":  true
                                                                                                                 },
                                                                                                                 {
                                                                                                                     "nameResourceKey":  "Win10appLockerApplicationControlEnforceComponentsStoreAppsAndSmartlockerName",
                                                                                                                     "value":  "enforceComponentsStoreAppsAndSmartlocker",
                                                                                                                     "children":  [
                                                                                                                                      {
                                                                                                                                          "isSettingDescription":  true,
                                                                                                                                          "showAsSectionHeader":  false,
                                                                                                                                          "dataType":  8,
                                                                                                                                          "category":  41,
                                                                                                                                          "nameResourceKey":  "Win10appLockerApplicationControlEnforceComponentsStoreAppsAndSmartlockerDescription",
                                                                                                                                          "childSettings":  [

                                                                                                                                                            ],
                                                                                                                                          "options":  [

                                                                                                                                                      ],
                                                                                                                                          "booleanActions":  0,
                                                                                                                                          "policyType":  77,
                                                                                                                                          "enabled":  true
                                                                                                                                      }
                                                                                                                                  ],
                                                                                                                     "enabled":  true
                                                                                                                 }
                                                                                                             ],
                                                                                                 "entityKey":  "appLockerApplicationControl",
                                                                                                 "booleanActions":  0,
                                                                                                 "defaultValue":  "enforceComponentsAndStoreApps",
                                                                                                 "unconfiguredValue":  "notConfigured",
                                                                                                 "policyType":  77,
                                                                                                 "enabled":  true
                                                                                             }
                                                                                         ],
                                                                            "enabled":  true
                                                                        },
                                                                        {
                                                                            "nameResourceKey":  "Win10appLockerApplicationControlAuditOnlyName",
                                                                            "value":  "audit",
                                                                            "children":  [
                                                                                             {
                                                                                                 "dataType":  16,
                                                                                                 "category":  41,
                                                                                                 "nameResourceKey":  "Win10AppLockerApplicationControlTypeName",
                                                                                                 "descriptionResourceKey":  "Win10AppLockerApplicationControlTypeAuditDescription",
                                                                                                 "childSettings":  [

                                                                                                                   ],
                                                                                                 "options":  [
                                                                                                                 {
                                                                                                                     "nameResourceKey":  "Win10appLockerApplicationControlAuditComponentsAndStoreAppsName",
                                                                                                                     "value":  "auditComponentsAndStoreApps",
                                                                                                                     "children":  [
                                                                                                                                      {
                                                                                                                                          "isSettingDescription":  true,
                                                                                                                                          "showAsSectionHeader":  false,
                                                                                                                                          "dataType":  8,
                                                                                                                                          "category":  41,
                                                                                                                                          "nameResourceKey":  "Win10appLockerApplicationControlAuditComponentsAndStoreAppsDescription",
                                                                                                                                          "childSettings":  [

                                                                                                                                                            ],
                                                                                                                                          "options":  [

                                                                                                                                                      ],
                                                                                                                                          "booleanActions":  0,
                                                                                                                                          "policyType":  77,
                                                                                                                                          "enabled":  true
                                                                                                                                      }
                                                                                                                                  ],
                                                                                                                     "enabled":  true
                                                                                                                 },
                                                                                                                 {
                                                                                                                     "nameResourceKey":  "Win10appLockerApplicationControlAuditComponentsStoreAppsAndSmartlockerName",
                                                                                                                     "value":  "auditComponentsStoreAppsAndSmartlocker",
                                                                                                                     "children":  [
                                                                                                                                      {
                                                                                                                                          "isSettingDescription":  true,
                                                                                                                                          "showAsSectionHeader":  false,
                                                                                                                                          "dataType":  8,
                                                                                                                                          "category":  41,
                                                                                                                                          "nameResourceKey":  "Win10appLockerApplicationControlAuditComponentsStoreAppsAndSmartlockerDescription",
                                                                                                                                          "childSettings":  [

                                                                                                                                                            ],
                                                                                                                                          "options":  [

                                                                                                                                                      ],
                                                                                                                                          "booleanActions":  0,
                                                                                                                                          "policyType":  77,
                                                                                                                                          "enabled":  true
                                                                                                                                      }
                                                                                                                                  ],
                                                                                                                     "enabled":  true
                                                                                                                 }
                                                                                                             ],
                                                                                                 "entityKey":  "appLockerApplicationControl",
                                                                                                 "booleanActions":  0,
                                                                                                 "defaultValue":  "auditComponentsAndStoreApps",
                                                                                                 "unconfiguredValue":  "notConfigured",
                                                                                                 "policyType":  77,
                                                                                                 "enabled":  true
                                                                                             }
                                                                                         ],
                                                                            "enabled":  true
                                                                        }
                                                                    ],
                                                        "entityKey":  "appLockerApplicationControlType",
                                                        "booleanActions":  0,
                                                        "defaultValue":  "notConfigured",
                                                        "policyType":  77,
                                                        "enabled":  true
                                                    }
                                                ]
}
