{
    "devicesecurity_androidforworkgeneral":  [
                                                 {
                                                     "dataType":  0,
                                                     "category":  45,
                                                     "nameResourceKey":  "requireAppVerifyName",
                                                     "descriptionResourceKey":  "requireAppVerifyDescription",
                                                     "childSettings":  [

                                                                       ],
                                                     "options":  [

                                                                 ],
                                                     "entityKey":  "requireAppVerify",
                                                     "booleanActions":  1,
                                                     "defaultValue":  false,
                                                     "policyType":  13,
                                                     "enabled":  false
                                                 },
                                                 {
                                                     "dataType":  0,
                                                     "category":  45,
                                                     "nameResourceKey":  "requireAppVerifyName",
                                                     "descriptionResourceKey":  "requireAppVerifyDescription",
                                                     "childSettings":  [

                                                                       ],
                                                     "options":  [

                                                                 ],
                                                     "entityKey":  "securityRequireVerifyApps",
                                                     "booleanActions":  1,
                                                     "defaultValue":  false,
                                                     "policyType":  13,
                                                     "enabled":  true
                                                 },
                                                 {
                                                     "dataType":  0,
                                                     "category":  45,
                                                     "nameResourceKey":  "workProfileBlockPersonalAppInstallsFromUnknownSourcesName",
                                                     "descriptionResourceKey":  "workProfileBlockPersonalAppInstallsFromUnknownSourcesDescription",
                                                     "childSettings":  [

                                                                       ],
                                                     "options":  [

                                                                 ],
                                                     "entityKey":  "workProfileBlockPersonalAppInstallsFromUnknownSources",
                                                     "booleanActions":  3,
                                                     "defaultValue":  false,
                                                     "policyType":  13,
                                                     "enabled":  true
                                                 },
                                                 {
                                                     "dataType":  0,
                                                     "category":  45,
                                                     "nameResourceKey":  "workProfileAllowAppInstallsFromUnknownSourcesInWorkProfileName",
                                                     "descriptionResourceKey":  "workProfileAllowAppInstallsFromUnknownSourcesInWorkProfileDescription",
                                                     "childSettings":  [

                                                                       ],
                                                     "options":  [

                                                                 ],
                                                     "entityKey":  "workProfileAllowAppInstallsFromUnknownSources",
                                                     "booleanActions":  2,
                                                     "defaultValue":  false,
                                                     "policyType":  13,
                                                     "enabled":  false
                                                 }
                                             ]
}
