{
    "deviceproperties_compliancewindows10":  {
                                                 "isSettingDescription":  false,
                                                 "showAsSectionHeader":  false,
                                                 "dataType":  8,
                                                 "category":  43,
                                                 "nameResourceKey":  "complianceOsVersionRestrictionHeader",
                                                 "descriptionResourceKey":  "complianceWindowsOsVersionRestrictionHeaderDescription",
                                                 "childSettings":  [
                                                                       {
                                                                           "dataType":  20,
                                                                           "category":  43,
                                                                           "nameResourceKey":  "complianceOsVersionRestrictionMinimumName",
                                                                           "descriptionResourceKey":  "complianceWindowsOsVersionRestrictionMinimumDescription",
                                                                           "childSettings":  [

                                                                                             ],
                                                                           "options":  [

                                                                                       ],
                                                                           "entityKey":  "osMinimumVersion",
                                                                           "booleanActions":  0,
                                                                           "policyType":  35,
                                                                           "enabled":  true
                                                                       },
                                                                       {
                                                                           "dataType":  20,
                                                                           "category":  43,
                                                                           "nameResourceKey":  "complianceOsVersionRestrictionMaximumName",
                                                                           "descriptionResourceKey":  "complianceWindowsOsVersionRestrictionMaximumDescription",
                                                                           "childSettings":  [

                                                                                             ],
                                                                           "options":  [

                                                                                       ],
                                                                           "entityKey":  "osMaximumVersion",
                                                                           "booleanActions":  0,
                                                                           "policyType":  35,
                                                                           "enabled":  true
                                                                       },
                                                                       {
                                                                           "dataType":  16,
                                                                           "category":  43,
                                                                           "nameResourceKey":  "minimumUpdateAutoInstallClassificationName",
                                                                           "descriptionResourceKey":  "minimumUpdateAutoInstallClassificationDescription",
                                                                           "childSettings":  [

                                                                                             ],
                                                                           "options":  [
                                                                                           {
                                                                                               "nameResourceKey":  "minimumUpdateAutoInstallClassificationValueNone",
                                                                                               "enabled":  true
                                                                                           },
                                                                                           {
                                                                                               "nameResourceKey":  "minimumUpdateAutoInstallClassificationValueRecommended",
                                                                                               "value":  "RecommendedAndImportant",
                                                                                               "enabled":  true
                                                                                           },
                                                                                           {
                                                                                               "nameResourceKey":  "minimumUpdateAutoInstallClassificationValueImportant",
                                                                                               "value":  "Important",
                                                                                               "enabled":  true
                                                                                           }
                                                                                       ],
                                                                           "entityKey":  "minimumUpdateAutoInstallClassification",
                                                                           "booleanActions":  0,
                                                                           "policyType":  35,
                                                                           "enabled":  false
                                                                       },
                                                                       {
                                                                           "dataType":  20,
                                                                           "category":  43,
                                                                           "nameResourceKey":  "complianceMobileOsVersionRestrictionMinimumName",
                                                                           "descriptionResourceKey":  "complianceWindowsMobileOsVersionRestrictionMinimumDescription",
                                                                           "childSettings":  [

                                                                                             ],
                                                                           "options":  [

                                                                                       ],
                                                                           "entityKey":  "mobileOsMinimumVersion",
                                                                           "booleanActions":  0,
                                                                           "policyType":  35,
                                                                           "enabled":  true
                                                                       },
                                                                       {
                                                                           "dataType":  20,
                                                                           "category":  43,
                                                                           "nameResourceKey":  "complianceMobileOsVersionRestrictionMaximumName",
                                                                           "descriptionResourceKey":  "complianceWindowsMobileOsVersionRestrictionMaximumDescription",
                                                                           "childSettings":  [

                                                                                             ],
                                                                           "options":  [

                                                                                       ],
                                                                           "entityKey":  "mobileOsMaximumVersion",
                                                                           "booleanActions":  0,
                                                                           "policyType":  35,
                                                                           "enabled":  true
                                                                       },
                                                                       {
                                                                           "columns":  [
                                                                                           {
                                                                                               "metadata":  {
                                                                                                                "dataType":  20,
                                                                                                                "category":  43,
                                                                                                                "nameResourceKey":  "ValidOperatingSystemBuildsDescriptionName",
                                                                                                                "descriptionResourceKey":  "empty",
                                                                                                                "childSettings":  [

                                                                                                                                  ],
                                                                                                                "options":  [

                                                                                                                            ],
                                                                                                                "entityKey":  "description",
                                                                                                                "booleanActions":  0,
                                                                                                                "policyType":  35,
                                                                                                                "enabled":  true
                                                                                                            }
                                                                                           },
                                                                                           {
                                                                                               "metadata":  {
                                                                                                                "dataType":  20,
                                                                                                                "category":  43,
                                                                                                                "nameResourceKey":  "ValidOperatingSystemBuildsMinimumName",
                                                                                                                "descriptionResourceKey":  "empty",
                                                                                                                "childSettings":  [

                                                                                                                                  ],
                                                                                                                "options":  [

                                                                                                                            ],
                                                                                                                "entityKey":  "lowestVersion",
                                                                                                                "booleanActions":  0,
                                                                                                                "policyType":  35,
                                                                                                                "enabled":  true
                                                                                                            }
                                                                                           },
                                                                                           {
                                                                                               "metadata":  {
                                                                                                                "dataType":  20,
                                                                                                                "category":  43,
                                                                                                                "nameResourceKey":  "ValidOperatingSystemBuildsMaximumName",
                                                                                                                "descriptionResourceKey":  "empty",
                                                                                                                "childSettings":  [

                                                                                                                                  ],
                                                                                                                "options":  [

                                                                                                                            ],
                                                                                                                "entityKey":  "highestVersion",
                                                                                                                "booleanActions":  0,
                                                                                                                "policyType":  35,
                                                                                                                "enabled":  true
                                                                                                            }
                                                                                           }
                                                                                       ],
                                                                           "dataType":  21,
                                                                           "category":  43,
                                                                           "nameResourceKey":  "ValidOperatingSystemBuildsName",
                                                                           "descriptionResourceKey":  "empty",
                                                                           "childSettings":  [

                                                                                             ],
                                                                           "options":  [

                                                                                       ],
                                                                           "entityKey":  "validOperatingSystemBuildRanges",
                                                                           "booleanActions":  0,
                                                                           "policyType":  35,
                                                                           "enabled":  true
                                                                       }
                                                                   ],
                                                 "options":  [

                                                             ],
                                                 "booleanActions":  0,
                                                 "policyType":  35,
                                                 "enabled":  true
                                             }
}
