{
    "devicerestrictions_iosgeneral":  [
                                          {
                                              "isSettingDescription":  false,
                                              "showAsSectionHeader":  true,
                                              "dataType":  8,
                                              "category":  44,
                                              "nameResourceKey":  "allEnrollmentTypesHeaderName",
                                              "descriptionResourceKey":  "allEnrollmentTypesHeaderDescription",
                                              "childSettings":  [
                                                                    {
                                                                        "dataType":  0,
                                                                        "category":  44,
                                                                        "nameResourceKey":  "iOSBlockDiagnosticDataSubmissionName",
                                                                        "descriptionResourceKey":  "blockDiagnosticDataSubmissionDescription",
                                                                        "childSettings":  [

                                                                                          ],
                                                                        "options":  [

                                                                                    ],
                                                                        "entityKey":  "diagnosticDataBlockSubmission",
                                                                        "booleanActions":  9,
                                                                        "defaultValue":  false,
                                                                        "policyType":  46,
                                                                        "enabled":  true
                                                                    },
                                                                    {
                                                                        "dataType":  0,
                                                                        "category":  44,
                                                                        "nameResourceKey":  "iOSBlockScreenshotName",
                                                                        "childSettings":  [

                                                                                          ],
                                                                        "options":  [

                                                                                    ],
                                                                        "entityKey":  "screenCaptureBlocked",
                                                                        "booleanActions":  9,
                                                                        "defaultValue":  false,
                                                                        "policyType":  46,
                                                                        "enabled":  true
                                                                    }
                                                                ],
                                              "options":  [

                                                          ],
                                              "booleanActions":  0,
                                              "policyType":  46,
                                              "enabled":  true
                                          },
                                          {
                                              "isSettingDescription":  false,
                                              "showAsSectionHeader":  true,
                                              "dataType":  8,
                                              "category":  44,
                                              "nameResourceKey":  "deviceEnrollmentAndAutomatedDeviceEnrollmentHeaderName",
                                              "descriptionResourceKey":  "deviceEnrollmentAndAutomatedDeviceEnrollmentHeaderDescription",
                                              "childSettings":  [
                                                                    {
                                                                        "dataType":  0,
                                                                        "category":  44,
                                                                        "nameResourceKey":  "blockUntrustedTLSCertificatesName",
                                                                        "descriptionResourceKey":  "blockUntrustedTLSCertificatesDescription",
                                                                        "childSettings":  [

                                                                                          ],
                                                                        "options":  [

                                                                                    ],
                                                                        "entityKey":  "certificatesBlockUntrustedTlsCertificates",
                                                                        "booleanActions":  9,
                                                                        "defaultValue":  false,
                                                                        "policyType":  46,
                                                                        "enabled":  true
                                                                    },
                                                                    {
                                                                        "dataType":  0,
                                                                        "category":  44,
                                                                        "nameResourceKey":  "allowOTAPKIUpdatesName",
                                                                        "descriptionResourceKey":  "allowOTAPKIUpdatesDescription",
                                                                        "childSettings":  [

                                                                                          ],
                                                                        "options":  [

                                                                                    ],
                                                                        "entityKey":  "pkiBlockOTAUpdates",
                                                                        "booleanActions":  9,
                                                                        "defaultValue":  false,
                                                                        "policyType":  46,
                                                                        "enabled":  true
                                                                    },
                                                                    {
                                                                        "dataType":  0,
                                                                        "category":  44,
                                                                        "nameResourceKey":  "forceLimitAdTrackingName",
                                                                        "descriptionResourceKey":  "forceLimitAdTrackingDescription",
                                                                        "childSettings":  [

                                                                                          ],
                                                                        "options":  [

                                                                                    ],
                                                                        "entityKey":  "privacyForceLimitAdTracking",
                                                                        "booleanActions":  9,
                                                                        "defaultValue":  false,
                                                                        "policyType":  46,
                                                                        "enabled":  true
                                                                    },
                                                                    {
                                                                        "dataType":  0,
                                                                        "category":  44,
                                                                        "nameResourceKey":  "blockEnterpriseAppTrustName",
                                                                        "descriptionResourceKey":  "blockEnterpriseAppTrustDescription",
                                                                        "childSettings":  [

                                                                                          ],
                                                                        "options":  [

                                                                                    ],
                                                                        "entityKey":  "enterpriseAppBlockTrust",
                                                                        "booleanActions":  9,
                                                                        "defaultValue":  false,
                                                                        "policyType":  46,
                                                                        "enabled":  true
                                                                    },
                                                                    {
                                                                        "dataType":  0,
                                                                        "category":  44,
                                                                        "nameResourceKey":  "applePersonalizedAdsBlockedName",
                                                                        "descriptionResourceKey":  "applePersonalizedAdsBlockedDescription",
                                                                        "childSettings":  [

                                                                                          ],
                                                                        "options":  [

                                                                                    ],
                                                                        "entityKey":  "applePersonalizedAdsBlocked",
                                                                        "booleanActions":  9,
                                                                        "defaultValue":  false,
                                                                        "policyType":  46,
                                                                        "enabled":  true
                                                                    }
                                                                ],
                                              "options":  [

                                                          ],
                                              "booleanActions":  0,
                                              "policyType":  46,
                                              "enabled":  true
                                          },
                                          {
                                              "isSettingDescription":  false,
                                              "showAsSectionHeader":  true,
                                              "dataType":  8,
                                              "category":  44,
                                              "nameResourceKey":  "automatedDeviceEnrollmentHeaderName",
                                              "descriptionResourceKey":  "automatedDeviceEnrollmentHeaderDescription",
                                              "childSettings":  [
                                                                    {
                                                                        "dataType":  0,
                                                                        "category":  44,
                                                                        "nameResourceKey":  "blockDiagnosticDataSubmissionModificationName",
                                                                        "descriptionResourceKey":  "blockDiagnosticDataSubmissionModificationDescription",
                                                                        "childSettings":  [

                                                                                          ],
                                                                        "options":  [

                                                                                    ],
                                                                        "entityKey":  "diagnosticDataBlockSubmissionModification",
                                                                        "booleanActions":  9,
                                                                        "defaultValue":  false,
                                                                        "policyType":  46,
                                                                        "enabled":  true
                                                                    },
                                                                    {
                                                                        "dataType":  0,
                                                                        "category":  44,
                                                                        "nameResourceKey":  "blockClassroomAppRemoteScreenObservationName",
                                                                        "descriptionResourceKey":  "blockClassroomAppRemoteScreenObservationDescription",
                                                                        "childSettings":  [

                                                                                          ],
                                                                        "options":  [

                                                                                    ],
                                                                        "entityKey":  "classroomAppBlockRemoteScreenObservation",
                                                                        "booleanActions":  9,
                                                                        "defaultValue":  false,
                                                                        "policyType":  46,
                                                                        "enabled":  true
                                                                    },
                                                                    {
                                                                        "dataType":  0,
                                                                        "category":  44,
                                                                        "nameResourceKey":  "classroomAppForceUnpromptedScreenObservationName",
                                                                        "descriptionResourceKey":  "classroomAppForceUnpromptedScreenObservationDescription",
                                                                        "childSettings":  [

                                                                                          ],
                                                                        "options":  [

                                                                                    ],
                                                                        "entityKey":  "classroomAppForceUnpromptedScreenObservation",
                                                                        "booleanActions":  9,
                                                                        "defaultValue":  false,
                                                                        "policyType":  46,
                                                                        "enabled":  true
                                                                    },
                                                                    {
                                                                        "dataType":  0,
                                                                        "category":  44,
                                                                        "nameResourceKey":  "blockAccountModificationName",
                                                                        "childSettings":  [

                                                                                          ],
                                                                        "options":  [

                                                                                    ],
                                                                        "entityKey":  "accountBlockModification",
                                                                        "booleanActions":  9,
                                                                        "defaultValue":  false,
                                                                        "policyType":  46,
                                                                        "enabled":  true
                                                                    },
                                                                    {
                                                                        "dataType":  0,
                                                                        "category":  44,
                                                                        "nameResourceKey":  "blockDeviceEnablingRestrictionsName",
                                                                        "descriptionResourceKey":  "blockDeviceEnablingRestrictionsDescription",
                                                                        "childSettings":  [

                                                                                          ],
                                                                        "options":  [

                                                                                    ],
                                                                        "entityKey":  "deviceBlockEnableRestrictions",
                                                                        "booleanActions":  9,
                                                                        "defaultValue":  false,
                                                                        "policyType":  46,
                                                                        "enabled":  true
                                                                    },
                                                                    {
                                                                        "dataType":  0,
                                                                        "category":  44,
                                                                        "nameResourceKey":  "blockDeviceEraseContentAndSettingsIosName",
                                                                        "descriptionResourceKey":  "blockDeviceEraseContentAndSettingsIosDescription",
                                                                        "childSettings":  [

                                                                                          ],
                                                                        "options":  [

                                                                                    ],
                                                                        "entityKey":  "deviceBlockEraseContentAndSettings",
                                                                        "booleanActions":  9,
                                                                        "defaultValue":  false,
                                                                        "policyType":  46,
                                                                        "enabled":  true
                                                                    },
                                                                    {
                                                                        "dataType":  0,
                                                                        "category":  44,
                                                                        "nameResourceKey":  "blockDeviceNameModificationName",
                                                                        "childSettings":  [

                                                                                          ],
                                                                        "options":  [

                                                                                    ],
                                                                        "entityKey":  "deviceBlockNameModification",
                                                                        "booleanActions":  9,
                                                                        "defaultValue":  false,
                                                                        "policyType":  46,
                                                                        "enabled":  true
                                                                    },
                                                                    {
                                                                        "dataType":  0,
                                                                        "category":  44,
                                                                        "nameResourceKey":  "blockNotificationsModificationName",
                                                                        "childSettings":  [

                                                                                          ],
                                                                        "options":  [

                                                                                    ],
                                                                        "entityKey":  "notificationsBlockSettingsModification",
                                                                        "booleanActions":  9,
                                                                        "defaultValue":  false,
                                                                        "policyType":  46,
                                                                        "enabled":  true
                                                                    },
                                                                    {
                                                                        "dataType":  0,
                                                                        "category":  44,
                                                                        "nameResourceKey":  "blockWallpaperModificationName",
                                                                        "descriptionResourceKey":  "blockWallpaperModificationDescription",
                                                                        "childSettings":  [

                                                                                          ],
                                                                        "options":  [

                                                                                    ],
                                                                        "entityKey":  "wallpaperBlockModification",
                                                                        "booleanActions":  9,
                                                                        "defaultValue":  false,
                                                                        "policyType":  46,
                                                                        "enabled":  true
                                                                    },
                                                                    {
                                                                        "dataType":  0,
                                                                        "category":  44,
                                                                        "nameResourceKey":  "blockConfigurationProfileChangesName",
                                                                        "childSettings":  [

                                                                                          ],
                                                                        "options":  [

                                                                                    ],
                                                                        "entityKey":  "configurationProfileBlockChanges",
                                                                        "booleanActions":  9,
                                                                        "defaultValue":  false,
                                                                        "policyType":  46,
                                                                        "enabled":  true
                                                                    },
                                                                    {
                                                                        "dataType":  0,
                                                                        "category":  44,
                                                                        "nameResourceKey":  "allowActivationLockWhenSupervisedName",
                                                                        "descriptionResourceKey":  "allowActivationLockWhenSupervisedDescription",
                                                                        "childSettings":  [

                                                                                          ],
                                                                        "options":  [

                                                                                    ],
                                                                        "entityKey":  "activationLockAllowWhenSupervised",
                                                                        "booleanActions":  9,
                                                                        "defaultValue":  false,
                                                                        "policyType":  46,
                                                                        "enabled":  true
                                                                    },
                                                                    {
                                                                        "dataType":  0,
                                                                        "category":  44,
                                                                        "nameResourceKey":  "blockAppRemovalName",
                                                                        "descriptionResourceKey":  "blockAppRemovalDescription",
                                                                        "childSettings":  [

                                                                                          ],
                                                                        "options":  [

                                                                                    ],
                                                                        "entityKey":  "appRemovalBlocked",
                                                                        "booleanActions":  9,
                                                                        "defaultValue":  false,
                                                                        "policyType":  46,
                                                                        "enabled":  true
                                                                    },
                                                                    {
                                                                        "dataType":  0,
                                                                        "category":  44,
                                                                        "nameResourceKey":  "blockAppClipsName",
                                                                        "descriptionResourceKey":  "blockAppClipsDescription",
                                                                        "childSettings":  [

                                                                                          ],
                                                                        "options":  [

                                                                                    ],
                                                                        "entityKey":  "appClipsBlocked",
                                                                        "booleanActions":  9,
                                                                        "defaultValue":  false,
                                                                        "policyType":  46,
                                                                        "enabled":  true
                                                                    },
                                                                    {
                                                                        "dataType":  0,
                                                                        "category":  44,
                                                                        "nameResourceKey":  "blockUsbRestrictedModeName",
                                                                        "descriptionResourceKey":  "blockUsbRestrictedModeDescription",
                                                                        "childSettings":  [

                                                                                          ],
                                                                        "options":  [

                                                                                    ],
                                                                        "entityKey":  "usbRestrictedModeBlocked",
                                                                        "booleanActions":  9,
                                                                        "defaultValue":  false,
                                                                        "policyType":  46,
                                                                        "enabled":  true
                                                                    },
                                                                    {
                                                                        "dataType":  0,
                                                                        "category":  44,
                                                                        "nameResourceKey":  "forceDateAndTimeSetAutomaticallyName",
                                                                        "descriptionResourceKey":  "forceDateAndTimeSetAutomaticallyDescription",
                                                                        "childSettings":  [

                                                                                          ],
                                                                        "options":  [

                                                                                    ],
                                                                        "entityKey":  "dateAndTimeForceSetAutomatically",
                                                                        "booleanActions":  9,
                                                                        "defaultValue":  false,
                                                                        "policyType":  46,
                                                                        "enabled":  true
                                                                    },
                                                                    {
                                                                        "dataType":  0,
                                                                        "category":  44,
                                                                        "nameResourceKey":  "requireClassroomRequestPermissionToLeaveClassesName",
                                                                        "descriptionResourceKey":  "requireClassroomRequestPermissionToLeaveClassesDescription",
                                                                        "childSettings":  [

                                                                                          ],
                                                                        "options":  [

                                                                                    ],
                                                                        "entityKey":  "classroomForceRequestPermissionToLeaveClasses",
                                                                        "booleanActions":  9,
                                                                        "defaultValue":  false,
                                                                        "policyType":  46,
                                                                        "enabled":  true
                                                                    },
                                                                    {
                                                                        "dataType":  0,
                                                                        "category":  44,
                                                                        "nameResourceKey":  "forceClassroomUnpromptedAppAndDeviceLockName",
                                                                        "descriptionResourceKey":  "forceClassroomUnpromptedAppAndDeviceLockDescription",
                                                                        "childSettings":  [

                                                                                          ],
                                                                        "options":  [

                                                                                    ],
                                                                        "entityKey":  "classroomForceUnpromptedAppAndDeviceLock",
                                                                        "booleanActions":  9,
                                                                        "defaultValue":  false,
                                                                        "policyType":  46,
                                                                        "enabled":  true
                                                                    },
                                                                    {
                                                                        "dataType":  0,
                                                                        "category":  44,
                                                                        "nameResourceKey":  "forceClassroomAutomaticallyJoinClassesName",
                                                                        "descriptionResourceKey":  "forceClassroomAutomaticallyJoinClassesDescription",
                                                                        "childSettings":  [

                                                                                          ],
                                                                        "options":  [

                                                                                    ],
                                                                        "entityKey":  "classroomForceAutomaticallyJoinClasses",
                                                                        "booleanActions":  9,
                                                                        "defaultValue":  false,
                                                                        "policyType":  46,
                                                                        "enabled":  true
                                                                    },
                                                                    {
                                                                        "dataType":  0,
                                                                        "category":  44,
                                                                        "nameResourceKey":  "blockVPNCreationName",
                                                                        "descriptionResourceKey":  "blockVPNCreationDescription",
                                                                        "childSettings":  [

                                                                                          ],
                                                                        "options":  [

                                                                                    ],
                                                                        "entityKey":  "vpnBlockCreation",
                                                                        "booleanActions":  9,
                                                                        "defaultValue":  false,
                                                                        "policyType":  46,
                                                                        "enabled":  true
                                                                    },
                                                                    {
                                                                        "dataType":  0,
                                                                        "category":  44,
                                                                        "nameResourceKey":  "blockESIMModificationName",
                                                                        "descriptionResourceKey":  "blockESIMModificationDescription",
                                                                        "childSettings":  [

                                                                                          ],
                                                                        "options":  [

                                                                                    ],
                                                                        "entityKey":  "esimBlockModification",
                                                                        "booleanActions":  9,
                                                                        "defaultValue":  false,
                                                                        "policyType":  46,
                                                                        "enabled":  true
                                                                    },
                                                                    {
                                                                        "dataType":  0,
                                                                        "category":  44,
                                                                        "nameResourceKey":  "forceDelayedSoftwareUpdatesName",
                                                                        "descriptionResourceKey":  "forceDelayedSoftwareUpdatesDescription",
                                                                        "childSettings":  [
                                                                                              {
                                                                                                  "dataType":  14,
                                                                                                  "category":  44,
                                                                                                  "nameResourceKey":  "enforcedSoftwareUpdateDelayName",
                                                                                                  "descriptionResourceKey":  "enforcedSoftwareUpdateDelayDescription",
                                                                                                  "emptyValueResourceKey":  "EnforcedSoftwareUpdateDelayNamePlaceholder",
                                                                                                  "childSettings":  [

                                                                                                                    ],
                                                                                                  "options":  [

                                                                                                              ],
                                                                                                  "entityKey":  "softwareUpdatesEnforcedDelayInDays",
                                                                                                  "booleanActions":  0,
                                                                                                  "policyType":  46,
                                                                                                  "enabled":  true
                                                                                              }
                                                                                          ],
                                                                        "options":  [

                                                                                    ],
                                                                        "entityKey":  "softwareUpdatesForceDelayed",
                                                                        "booleanActions":  9,
                                                                        "defaultValue":  false,
                                                                        "policyType":  46,
                                                                        "enabled":  true
                                                                    }
                                                                ],
                                              "options":  [

                                                          ],
                                              "booleanActions":  0,
                                              "policyType":  46,
                                              "enabled":  true
                                          }
                                      ]
}
