{
    "devicepassword_aospdeviceownerdevice":  [
                                                 {
                                                     "dataType":  16,
                                                     "category":  42,
                                                     "nameResourceKey":  "requiredPasswordTypeName",
                                                     "descriptionResourceKey":  "androidEnterpriseRequiredPasswordTypeDescription",
                                                     "emptyValueResourceKey":  "passwordExpirationInDaysEmptyValueKey",
                                                     "childSettings":  [

                                                                       ],
                                                     "options":  [
                                                                     {
                                                                         "nameResourceKey":  "selectTypeOption",
                                                                         "enabled":  true
                                                                     },
                                                                     {
                                                                         "nameResourceKey":  "deviceDefault",
                                                                         "value":  "deviceDefault",
                                                                         "enabled":  true
                                                                     },
                                                                     {
                                                                         "nameResourceKey":  "requiredNoRestiction",
                                                                         "value":  "required",
                                                                         "enabled":  true
                                                                     },
                                                                     {
                                                                         "nameResourceKey":  "biometricWeak",
                                                                         "value":  "lowSecurityBiometric",
                                                                         "enabled":  true
                                                                     },
                                                                     {
                                                                         "nameResourceKey":  "numericOption",
                                                                         "value":  "numeric",
                                                                         "children":  [
                                                                                          {
                                                                                              "dataType":  14,
                                                                                              "category":  42,
                                                                                              "nameResourceKey":  "complianceMinimumPasswordLengthName",
                                                                                              "descriptionResourceKey":  "passwordMinimumLengthDescription",
                                                                                              "emptyValueResourceKey":  "minimumPasswordLengthEmptyValueKeyFourToSixteen",
                                                                                              "childSettings":  [

                                                                                                                ],
                                                                                              "options":  [

                                                                                                          ],
                                                                                              "entityKey":  "passwordMinimumLength",
                                                                                              "booleanActions":  0,
                                                                                              "policyType":  28,
                                                                                              "enabled":  true
                                                                                          }
                                                                                      ],
                                                                         "enabled":  true
                                                                     },
                                                                     {
                                                                         "nameResourceKey":  "numericComplex",
                                                                         "value":  "numericComplex",
                                                                         "children":  [
                                                                                          {
                                                                                              "dataType":  14,
                                                                                              "category":  42,
                                                                                              "nameResourceKey":  "complianceMinimumPasswordLengthName",
                                                                                              "descriptionResourceKey":  "passwordMinimumLengthDescription",
                                                                                              "emptyValueResourceKey":  "minimumPasswordLengthEmptyValueKeyFourToSixteen",
                                                                                              "childSettings":  [

                                                                                                                ],
                                                                                              "options":  [

                                                                                                          ],
                                                                                              "entityKey":  "passwordMinimumLength",
                                                                                              "booleanActions":  0,
                                                                                              "policyType":  28,
                                                                                              "enabled":  true
                                                                                          }
                                                                                      ],
                                                                         "enabled":  true
                                                                     },
                                                                     {
                                                                         "nameResourceKey":  "alphabeticOption",
                                                                         "value":  "alphabetic",
                                                                         "children":  [
                                                                                          {
                                                                                              "dataType":  14,
                                                                                              "category":  42,
                                                                                              "nameResourceKey":  "complianceMinimumPasswordLengthName",
                                                                                              "descriptionResourceKey":  "passwordMinimumLengthDescription",
                                                                                              "emptyValueResourceKey":  "minimumPasswordLengthEmptyValueKeyFourToSixteen",
                                                                                              "childSettings":  [

                                                                                                                ],
                                                                                              "options":  [

                                                                                                          ],
                                                                                              "entityKey":  "passwordMinimumLength",
                                                                                              "booleanActions":  0,
                                                                                              "policyType":  28,
                                                                                              "enabled":  true
                                                                                          }
                                                                                      ],
                                                                         "enabled":  true
                                                                     },
                                                                     {
                                                                         "nameResourceKey":  "alphanumericOption",
                                                                         "value":  "alphanumeric",
                                                                         "children":  [
                                                                                          {
                                                                                              "dataType":  14,
                                                                                              "category":  42,
                                                                                              "nameResourceKey":  "complianceMinimumPasswordLengthName",
                                                                                              "descriptionResourceKey":  "passwordMinimumLengthDescription",
                                                                                              "emptyValueResourceKey":  "minimumPasswordLengthEmptyValueKeyFourToSixteen",
                                                                                              "childSettings":  [

                                                                                                                ],
                                                                                              "options":  [

                                                                                                          ],
                                                                                              "entityKey":  "passwordMinimumLength",
                                                                                              "booleanActions":  0,
                                                                                              "policyType":  28,
                                                                                              "enabled":  true
                                                                                          }
                                                                                      ],
                                                                         "enabled":  true
                                                                     },
                                                                     {
                                                                         "nameResourceKey":  "alphanumericWithSymbolsOption",
                                                                         "value":  "alphanumericWithSymbols",
                                                                         "children":  [
                                                                                          {
                                                                                              "dataType":  14,
                                                                                              "category":  42,
                                                                                              "nameResourceKey":  "complianceMinimumPasswordLengthName",
                                                                                              "descriptionResourceKey":  "passwordMinimumLengthDescription",
                                                                                              "emptyValueResourceKey":  "minimumPasswordLengthEmptyValueKeyFourToSixteen",
                                                                                              "childSettings":  [

                                                                                                                ],
                                                                                              "options":  [

                                                                                                          ],
                                                                                              "entityKey":  "passwordMinimumLength",
                                                                                              "booleanActions":  0,
                                                                                              "policyType":  28,
                                                                                              "enabled":  true
                                                                                          }
                                                                                      ],
                                                                         "enabled":  true
                                                                     }
                                                                 ],
                                                     "entityKey":  "passwordRequiredType",
                                                     "booleanActions":  0,
                                                     "defaultValue":  "deviceDefault",
                                                     "unconfiguredValue":  "deviceDefault",
                                                     "policyType":  28,
                                                     "enabled":  true
                                                 },
                                                 {
                                                     "dataType":  14,
                                                     "category":  42,
                                                     "nameResourceKey":  "passwordSignInFailureCountBeforeFactoryResetName",
                                                     "descriptionResourceKey":  "passwordSignInFailureCountBeforeFactoryResetDescription",
                                                     "emptyValueResourceKey":  "passwordSignInFailureCountBeforeFactoryResetEmptyValueKey",
                                                     "childSettings":  [

                                                                       ],
                                                     "options":  [

                                                                 ],
                                                     "entityKey":  "passwordSignInFailureCountBeforeFactoryReset",
                                                     "booleanActions":  0,
                                                     "policyType":  28,
                                                     "enabled":  true
                                                 },
                                                 {
                                                     "dataType":  16,
                                                     "category":  42,
                                                     "nameResourceKey":  "minutesOfInactivityBeforeScreenTurnsOffName",
                                                     "descriptionResourceKey":  "minutesOfInactivityBeforeScreenTurnsOffDescription",
                                                     "childSettings":  [

                                                                       ],
                                                     "options":  [
                                                                     {
                                                                         "nameResourceKey":  "notConfigured",
                                                                         "enabled":  true
                                                                     },
                                                                     {
                                                                         "nameResourceKey":  "oneMinuteOption",
                                                                         "value":  1,
                                                                         "enabled":  true
                                                                     },
                                                                     {
                                                                         "nameResourceKey":  "fiveMinutesOption",
                                                                         "value":  5,
                                                                         "enabled":  true
                                                                     },
                                                                     {
                                                                         "nameResourceKey":  "fifteenMinutesOption",
                                                                         "value":  15,
                                                                         "enabled":  true
                                                                     },
                                                                     {
                                                                         "nameResourceKey":  "thirtyMinutesOption",
                                                                         "value":  30,
                                                                         "enabled":  true
                                                                     },
                                                                     {
                                                                         "nameResourceKey":  "oneHourOption",
                                                                         "value":  60,
                                                                         "enabled":  true
                                                                     }
                                                                 ],
                                                     "entityKey":  "passwordMinutesOfInactivityBeforeScreenTimeout",
                                                     "booleanActions":  0,
                                                     "policyType":  28,
                                                     "enabled":  true
                                                 }
                                             ]
}
