{
    "deviceproperties_complianceandroidforwork":  {
                                                      "isSettingDescription":  false,
                                                      "showAsSectionHeader":  false,
                                                      "dataType":  8,
                                                      "category":  43,
                                                      "nameResourceKey":  "complianceOsVersionRestrictionHeader",
                                                      "childSettings":  [
                                                                            {
                                                                                "dataType":  20,
                                                                                "category":  43,
                                                                                "nameResourceKey":  "complianceOsVersionRestrictionMinimumName",
                                                                                "descriptionResourceKey":  "complianceOsVersionRestrictionMinimumAndroidDescription",
                                                                                "childSettings":  [

                                                                                                  ],
                                                                                "options":  [

                                                                                            ],
                                                                                "entityKey":  "osMinimumVersion",
                                                                                "booleanActions":  0,
                                                                                "policyType":  30,
                                                                                "enabled":  true
                                                                            },
                                                                            {
                                                                                "dataType":  20,
                                                                                "category":  43,
                                                                                "nameResourceKey":  "complianceOsVersionRestrictionMaximumName",
                                                                                "descriptionResourceKey":  "complianceOsVersionRestrictionMaximumAndroidDescription",
                                                                                "childSettings":  [

                                                                                                  ],
                                                                                "options":  [

                                                                                            ],
                                                                                "entityKey":  "osMaximumVersion",
                                                                                "booleanActions":  0,
                                                                                "policyType":  30,
                                                                                "enabled":  true
                                                                            }
                                                                        ],
                                                      "options":  [

                                                                  ],
                                                      "booleanActions":  0,
                                                      "policyType":  30,
                                                      "enabled":  true
                                                  }
}
