{
    "dfcisecuritysettings_windows10devicefirmwareconfigurationinterface":  [
                                                                               {
                                                                                   "dataType":  16,
                                                                                   "category":  47,
                                                                                   "nameResourceKey":  "virtualizationOfCpuAndIOName",
                                                                                   "descriptionResourceKey":  "virtualizationOfCpuAndIODescription",
                                                                                   "childSettings":  [

                                                                                                     ],
                                                                                   "options":  [
                                                                                                   {
                                                                                                       "nameResourceKey":  "notConfigured",
                                                                                                       "value":  "notConfigured",
                                                                                                       "enabled":  true
                                                                                                   },
                                                                                                   {
                                                                                                       "nameResourceKey":  "enabledOption",
                                                                                                       "value":  "enabled",
                                                                                                       "enabled":  true
                                                                                                   },
                                                                                                   {
                                                                                                       "nameResourceKey":  "disabledOption",
                                                                                                       "value":  "disabled",
                                                                                                       "enabled":  true
                                                                                                   }
                                                                                               ],
                                                                                   "entityKey":  "virtualizationOfCpuAndIO",
                                                                                   "booleanActions":  0,
                                                                                   "defaultValue":  "notConfigured",
                                                                                   "unconfiguredValue":  "notConfigured",
                                                                                   "policyType":  108,
                                                                                   "enabled":  true
                                                                               },
                                                                               {
                                                                                   "dataType":  16,
                                                                                   "category":  47,
                                                                                   "nameResourceKey":  "windowsPlatformBinaryTableName",
                                                                                   "descriptionResourceKey":  "windowsPlatformBinaryTableDescription",
                                                                                   "childSettings":  [

                                                                                                     ],
                                                                                   "options":  [
                                                                                                   {
                                                                                                       "nameResourceKey":  "notConfigured",
                                                                                                       "value":  "notConfigured",
                                                                                                       "enabled":  true
                                                                                                   },
                                                                                                   {
                                                                                                       "nameResourceKey":  "enabledOption",
                                                                                                       "value":  "enabled",
                                                                                                       "enabled":  true
                                                                                                   },
                                                                                                   {
                                                                                                       "nameResourceKey":  "disabledOption",
                                                                                                       "value":  "disabled",
                                                                                                       "enabled":  true
                                                                                                   }
                                                                                               ],
                                                                                   "entityKey":  "windowsPlatformBinaryTable",
                                                                                   "booleanActions":  0,
                                                                                   "defaultValue":  "notConfigured",
                                                                                   "unconfiguredValue":  "notConfigured",
                                                                                   "policyType":  108,
                                                                                   "enabled":  false
                                                                               },
                                                                               {
                                                                                   "dataType":  16,
                                                                                   "category":  47,
                                                                                   "nameResourceKey":  "simultaneousMultiThreadingName",
                                                                                   "descriptionResourceKey":  "simultaneousMultiThreadingDescription",
                                                                                   "childSettings":  [

                                                                                                     ],
                                                                                   "options":  [
                                                                                                   {
                                                                                                       "nameResourceKey":  "notConfigured",
                                                                                                       "value":  "notConfigured",
                                                                                                       "enabled":  true
                                                                                                   },
                                                                                                   {
                                                                                                       "nameResourceKey":  "enabledOption",
                                                                                                       "value":  "enabled",
                                                                                                       "enabled":  true
                                                                                                   },
                                                                                                   {
                                                                                                       "nameResourceKey":  "disabledOption",
                                                                                                       "value":  "disabled",
                                                                                                       "enabled":  true
                                                                                                   }
                                                                                               ],
                                                                                   "entityKey":  "simultaneousMultiThreading",
                                                                                   "booleanActions":  0,
                                                                                   "defaultValue":  "notConfigured",
                                                                                   "unconfiguredValue":  "notConfigured",
                                                                                   "policyType":  108,
                                                                                   "enabled":  false
                                                                               }
                                                                           ]
}
