{
    "domains_macgeneral":  [
                               {
                                   "isSettingDescription":  false,
                                   "showAsSectionHeader":  false,
                                   "dataType":  8,
                                   "category":  49,
                                   "nameResourceKey":  "MacGeneralDomainsHeader",
                                   "childSettings":  [

                                                     ],
                                   "options":  [

                                               ],
                                   "booleanActions":  0,
                                   "policyType":  61,
                                   "enabled":  true
                               },
                               {
                                   "isSettingDescription":  false,
                                   "showAsSectionHeader":  true,
                                   "dataType":  8,
                                   "category":  49,
                                   "nameResourceKey":  "allEnrollmentTypesHeaderNameMac",
                                   "descriptionResourceKey":  "allEnrollmentTypesHeaderDescriptionMac",
                                   "childSettings":  [
                                                         {
                                                             "columns":  [
                                                                             {
                                                                                 "metadata":  {
                                                                                                  "dataType":  20,
                                                                                                  "category":  49,
                                                                                                  "nameResourceKey":  "domainsEmailDomainsTableColumnName",
                                                                                                  "emptyValueResourceKey":  "domainsUrlExample",
                                                                                                  "childSettings":  [

                                                                                                                    ],
                                                                                                  "options":  [

                                                                                                              ],
                                                                                                  "entityKey":  "emailInDomainSuffixes",
                                                                                                  "booleanActions":  0,
                                                                                                  "policyType":  61,
                                                                                                  "enabled":  true
                                                                                              }
                                                                             }
                                                                         ],
                                                             "dataType":  21,
                                                             "category":  49,
                                                             "nameResourceKey":  "domainsEmailDomainsTableName",
                                                             "descriptionResourceKey":  "domainsEmailDomainsTableDescription",
                                                             "childSettings":  [

                                                                               ],
                                                             "options":  [

                                                                         ],
                                                             "entityKey":  "emailInDomainSuffixes",
                                                             "booleanActions":  0,
                                                             "policyType":  61,
                                                             "enabled":  true
                                                         }
                                                     ],
                                   "options":  [

                                               ],
                                   "booleanActions":  0,
                                   "policyType":  61,
                                   "enabled":  true
                               }
                           ]
}
