{
    "edgekiosk_windows10kiosk":  [
                                     {
                                         "isSettingDescription":  false,
                                         "showAsSectionHeader":  false,
                                         "dataType":  8,
                                         "category":  77,
                                         "nameResourceKey":  "edgeKioskHeader",
                                         "childSettings":  [

                                                           ],
                                         "options":  [

                                                     ],
                                         "booleanActions":  0,
                                         "policyType":  80,
                                         "enabled":  true
                                     },
                                     {
                                         "isSettingDescription":  false,
                                         "showAsSectionHeader":  false,
                                         "dataType":  8,
                                         "category":  77,
                                         "nameResourceKey":  "edgeKioskLearnMore",
                                         "childSettings":  [

                                                           ],
                                         "options":  [

                                                     ],
                                         "booleanActions":  0,
                                         "policyType":  80,
                                         "enabled":  true
                                     },
                                     {
                                         "isSettingDescription":  false,
                                         "showAsSectionHeader":  false,
                                         "dataType":  8,
                                         "category":  77,
                                         "nameResourceKey":  "edgeKioskHeader1",
                                         "childSettings":  [

                                                           ],
                                         "options":  [

                                                     ],
                                         "booleanActions":  0,
                                         "policyType":  80,
                                         "enabled":  true
                                     },
                                     {
                                         "dataType":  0,
                                         "category":  77,
                                         "nameResourceKey":  "edgeKioskEnablePublicBrowsingName",
                                         "descriptionResourceKey":  "edgeKioskEnablePublicBrowsingDescription",
                                         "childSettings":  [

                                                           ],
                                         "options":  [

                                                     ],
                                         "entityKey":  "edgeKioskEnablePublicBrowsing",
                                         "booleanActions":  0,
                                         "defaultValue":  false,
                                         "policyType":  80,
                                         "enabled":  true
                                     },
                                     {
                                         "isSettingDescription":  false,
                                         "showAsSectionHeader":  false,
                                         "dataType":  8,
                                         "category":  77,
                                         "nameResourceKey":  "edgeKioskFooter",
                                         "childSettings":  [

                                                           ],
                                         "options":  [

                                                     ],
                                         "booleanActions":  0,
                                         "policyType":  80,
                                         "enabled":  true
                                     }
                                 ]
}
