{
    "educationteachercerts_ioseducation":  [
                                               {
                                                   "isSettingDescription":  false,
                                                   "showAsSectionHeader":  false,
                                                   "dataType":  8,
                                                   "category":  55,
                                                   "nameResourceKey":  "iOSEduTeacherDescription",
                                                   "childSettings":  [

                                                                     ],
                                                   "options":  [

                                                               ],
                                                   "booleanActions":  0,
                                                   "policyType":  44,
                                                   "enabled":  true
                                               },
                                               {
                                                   "complexOptions":  [
                                                                          {
                                                                              "isSettingDescription":  false,
                                                                              "showAsSectionHeader":  false,
                                                                              "dataType":  8,
                                                                              "category":  55,
                                                                              "nameResourceKey":  "teacherRootCertificate",
                                                                              "childSettings":  [

                                                                                                ],
                                                                              "options":  [

                                                                                          ],
                                                                              "booleanActions":  0,
                                                                              "policyType":  44,
                                                                              "enabled":  true
                                                                          },
                                                                          {
                                                                              "dataEntityKey":  "trustedRootCertificate",
                                                                              "filenameEntityKey":  "certFileName",
                                                                              "dataType":  1,
                                                                              "category":  55,
                                                                              "nameResourceKey":  "trustedCertPolicySelectCertificateName",
                                                                              "descriptionResourceKey":  "empty",
                                                                              "childSettings":  [

                                                                                                ],
                                                                              "options":  [

                                                                                          ],
                                                                              "entityKey":  "trustedRootCertificate",
                                                                              "booleanActions":  0,
                                                                              "policyType":  44,
                                                                              "enabled":  true
                                                                          },
                                                                          {
                                                                              "isSettingDescription":  false,
                                                                              "showAsSectionHeader":  false,
                                                                              "dataType":  8,
                                                                              "category":  55,
                                                                              "nameResourceKey":  "teacherPfxCertHeading",
                                                                              "childSettings":  [

                                                                                                ],
                                                                              "options":  [

                                                                                          ],
                                                                              "booleanActions":  0,
                                                                              "policyType":  44,
                                                                              "enabled":  true
                                                                          },
                                                                          {
                                                                              "dataType":  20,
                                                                              "category":  55,
                                                                              "nameResourceKey":  "sCEPPolicySubjectNameFormatName",
                                                                              "descriptionResourceKey":  "empty",
                                                                              "childSettings":  [

                                                                                                ],
                                                                              "options":  [

                                                                                          ],
                                                                              "entityKey":  "subjectNameFormat",
                                                                              "booleanActions":  0,
                                                                              "defaultValue":  "leader-{UserEmail}",
                                                                              "policyType":  44,
                                                                              "enabled":  true
                                                                          },
                                                                          {
                                                                              "dataType":  20,
                                                                              "category":  55,
                                                                              "nameResourceKey":  "pKCSPolicyCertificationAuthorityName",
                                                                              "descriptionResourceKey":  "pKCSPolicyCertificationAuthorityNameDescription",
                                                                              "childSettings":  [

                                                                                                ],
                                                                              "options":  [

                                                                                          ],
                                                                              "entityKey":  "certificationAuthority",
                                                                              "booleanActions":  0,
                                                                              "defaultValue":  "",
                                                                              "policyType":  44,
                                                                              "enabled":  true
                                                                          },
                                                                          {
                                                                              "dataType":  20,
                                                                              "category":  55,
                                                                              "nameResourceKey":  "pKCSPolicyCertificationAuthorityNameName",
                                                                              "descriptionResourceKey":  "pKCSPolicyCertificationAuthorityNameNameDescription",
                                                                              "childSettings":  [

                                                                                                ],
                                                                              "options":  [

                                                                                          ],
                                                                              "entityKey":  "certificationAuthorityName",
                                                                              "booleanActions":  0,
                                                                              "defaultValue":  "",
                                                                              "policyType":  44,
                                                                              "enabled":  true
                                                                          },
                                                                          {
                                                                              "dataType":  20,
                                                                              "category":  55,
                                                                              "nameResourceKey":  "pKCSPolicyCertificateTemplateNameName",
                                                                              "descriptionResourceKey":  "empty",
                                                                              "childSettings":  [

                                                                                                ],
                                                                              "options":  [

                                                                                          ],
                                                                              "entityKey":  "certificateTemplateName",
                                                                              "booleanActions":  0,
                                                                              "defaultValue":  "",
                                                                              "policyType":  44,
                                                                              "enabled":  true
                                                                          },
                                                                          {
                                                                              "dataType":  14,
                                                                              "category":  55,
                                                                              "nameResourceKey":  "sCEPPolicyRenewalThresholdName",
                                                                              "descriptionResourceKey":  "sCEPPolicyRenewalThresholdDescription",
                                                                              "childSettings":  [

                                                                                                ],
                                                                              "options":  [

                                                                                          ],
                                                                              "entityKey":  "renewalThresholdPercentage",
                                                                              "booleanActions":  0,
                                                                              "policyType":  44,
                                                                              "enabled":  true
                                                                          },
                                                                          {
                                                                              "scaleOptions":  [
                                                                                                   {
                                                                                                       "nameResourceKey":  "days",
                                                                                                       "value":  "days",
                                                                                                       "enabled":  true
                                                                                                   },
                                                                                                   {
                                                                                                       "nameResourceKey":  "months",
                                                                                                       "value":  "months",
                                                                                                       "enabled":  true
                                                                                                   },
                                                                                                   {
                                                                                                       "nameResourceKey":  "years",
                                                                                                       "value":  "years",
                                                                                                       "enabled":  true
                                                                                                   }
                                                                                               ],
                                                                              "scaleEntityKey":  "certificateValidityPeriodScale",
                                                                              "defaultScale":  "years",
                                                                              "dataType":  22,
                                                                              "category":  55,
                                                                              "nameResourceKey":  "sCEPPolicyCertificateValidityPeriodName",
                                                                              "descriptionResourceKey":  "sCEPPolicyCertificateValidityPeriodDescription",
                                                                              "childSettings":  [

                                                                                                ],
                                                                              "options":  [

                                                                                          ],
                                                                              "entityKey":  "certificateValidityPeriodValue",
                                                                              "booleanActions":  0,
                                                                              "policyType":  44,
                                                                              "enabled":  true
                                                                          }
                                                                      ],
                                                   "dataType":  6,
                                                   "category":  55,
                                                   "nameResourceKey":  "empty",
                                                   "descriptionResourceKey":  "empty",
                                                   "childSettings":  [

                                                                     ],
                                                   "options":  [

                                                               ],
                                                   "entityKey":  "teacherCertificateSettings",
                                                   "booleanActions":  0,
                                                   "policyType":  44,
                                                   "enabled":  true
                                               }
                                           ]
}
