{
    "educationstudentcerts_ioseducation":  [
                                               {
                                                   "isSettingDescription":  false,
                                                   "showAsSectionHeader":  false,
                                                   "dataType":  8,
                                                   "category":  56,
                                                   "nameResourceKey":  "iOSEduStudentCertPickerDescription",
                                                   "childSettings":  [

                                                                     ],
                                                   "options":  [

                                                               ],
                                                   "booleanActions":  0,
                                                   "policyType":  44,
                                                   "enabled":  true
                                               },
                                               {
                                                   "dataType":  16,
                                                   "category":  56,
                                                   "nameResourceKey":  "iOSEduStudentScenario",
                                                   "descriptionResourceKey":  "empty",
                                                   "childSettings":  [

                                                                     ],
                                                   "options":  [
                                                                   {
                                                                       "nameResourceKey":  "notConfigured",
                                                                       "enabled":  true
                                                                   },
                                                                   {
                                                                       "nameResourceKey":  "OneToOneOption",
                                                                       "value":  0,
                                                                       "children":  [
                                                                                        {
                                                                                            "complexOptions":  [
                                                                                                                   {
                                                                                                                       "isSettingDescription":  false,
                                                                                                                       "showAsSectionHeader":  false,
                                                                                                                       "dataType":  8,
                                                                                                                       "category":  56,
                                                                                                                       "nameResourceKey":  "studentRootCertificate",
                                                                                                                       "childSettings":  [

                                                                                                                                         ],
                                                                                                                       "options":  [

                                                                                                                                   ],
                                                                                                                       "booleanActions":  0,
                                                                                                                       "policyType":  44,
                                                                                                                       "enabled":  true
                                                                                                                   },
                                                                                                                   {
                                                                                                                       "dataEntityKey":  "trustedRootCertificate",
                                                                                                                       "filenameEntityKey":  "certFileName",
                                                                                                                       "dataType":  1,
                                                                                                                       "category":  56,
                                                                                                                       "nameResourceKey":  "trustedCertPolicySelectCertificateName",
                                                                                                                       "descriptionResourceKey":  "empty",
                                                                                                                       "childSettings":  [

                                                                                                                                         ],
                                                                                                                       "options":  [

                                                                                                                                   ],
                                                                                                                       "entityKey":  "trustedRootCertificate",
                                                                                                                       "booleanActions":  0,
                                                                                                                       "policyType":  44,
                                                                                                                       "enabled":  true
                                                                                                                   },
                                                                                                                   {
                                                                                                                       "isSettingDescription":  false,
                                                                                                                       "showAsSectionHeader":  false,
                                                                                                                       "dataType":  8,
                                                                                                                       "category":  56,
                                                                                                                       "nameResourceKey":  "studentPfxCertHeading",
                                                                                                                       "childSettings":  [

                                                                                                                                         ],
                                                                                                                       "options":  [

                                                                                                                                   ],
                                                                                                                       "booleanActions":  0,
                                                                                                                       "policyType":  44,
                                                                                                                       "enabled":  true
                                                                                                                   },
                                                                                                                   {
                                                                                                                       "dataType":  20,
                                                                                                                       "category":  56,
                                                                                                                       "nameResourceKey":  "sCEPPolicySubjectNameFormatName",
                                                                                                                       "descriptionResourceKey":  "empty",
                                                                                                                       "childSettings":  [

                                                                                                                                         ],
                                                                                                                       "options":  [

                                                                                                                                   ],
                                                                                                                       "entityKey":  "subjectNameFormat",
                                                                                                                       "booleanActions":  0,
                                                                                                                       "defaultValue":  "member-{UserEmail}",
                                                                                                                       "policyType":  44,
                                                                                                                       "enabled":  true
                                                                                                                   },
                                                                                                                   {
                                                                                                                       "dataType":  20,
                                                                                                                       "category":  56,
                                                                                                                       "nameResourceKey":  "pKCSPolicyCertificationAuthorityName",
                                                                                                                       "descriptionResourceKey":  "pKCSPolicyCertificationAuthorityNameDescription",
                                                                                                                       "childSettings":  [

                                                                                                                                         ],
                                                                                                                       "options":  [

                                                                                                                                   ],
                                                                                                                       "entityKey":  "certificationAuthority",
                                                                                                                       "booleanActions":  0,
                                                                                                                       "defaultValue":  "",
                                                                                                                       "policyType":  44,
                                                                                                                       "enabled":  true
                                                                                                                   },
                                                                                                                   {
                                                                                                                       "dataType":  20,
                                                                                                                       "category":  56,
                                                                                                                       "nameResourceKey":  "pKCSPolicyCertificationAuthorityNameName",
                                                                                                                       "descriptionResourceKey":  "pKCSPolicyCertificationAuthorityNameNameDescription",
                                                                                                                       "childSettings":  [

                                                                                                                                         ],
                                                                                                                       "options":  [

                                                                                                                                   ],
                                                                                                                       "entityKey":  "certificationAuthorityName",
                                                                                                                       "booleanActions":  0,
                                                                                                                       "defaultValue":  "",
                                                                                                                       "policyType":  44,
                                                                                                                       "enabled":  true
                                                                                                                   },
                                                                                                                   {
                                                                                                                       "dataType":  20,
                                                                                                                       "category":  56,
                                                                                                                       "nameResourceKey":  "pKCSPolicyCertificateTemplateNameName",
                                                                                                                       "descriptionResourceKey":  "empty",
                                                                                                                       "childSettings":  [

                                                                                                                                         ],
                                                                                                                       "options":  [

                                                                                                                                   ],
                                                                                                                       "entityKey":  "certificateTemplateName",
                                                                                                                       "booleanActions":  0,
                                                                                                                       "defaultValue":  "",
                                                                                                                       "policyType":  44,
                                                                                                                       "enabled":  true
                                                                                                                   },
                                                                                                                   {
                                                                                                                       "dataType":  14,
                                                                                                                       "category":  56,
                                                                                                                       "nameResourceKey":  "sCEPPolicyRenewalThresholdName",
                                                                                                                       "descriptionResourceKey":  "sCEPPolicyRenewalThresholdDescription",
                                                                                                                       "childSettings":  [

                                                                                                                                         ],
                                                                                                                       "options":  [

                                                                                                                                   ],
                                                                                                                       "entityKey":  "renewalThresholdPercentage",
                                                                                                                       "booleanActions":  0,
                                                                                                                       "policyType":  44,
                                                                                                                       "enabled":  true
                                                                                                                   },
                                                                                                                   {
                                                                                                                       "scaleOptions":  [
                                                                                                                                            {
                                                                                                                                                "nameResourceKey":  "days",
                                                                                                                                                "value":  "days",
                                                                                                                                                "enabled":  true
                                                                                                                                            },
                                                                                                                                            {
                                                                                                                                                "nameResourceKey":  "months",
                                                                                                                                                "value":  "months",
                                                                                                                                                "enabled":  true
                                                                                                                                            },
                                                                                                                                            {
                                                                                                                                                "nameResourceKey":  "years",
                                                                                                                                                "value":  "years",
                                                                                                                                                "enabled":  true
                                                                                                                                            }
                                                                                                                                        ],
                                                                                                                       "scaleEntityKey":  "certificateValidityPeriodScale",
                                                                                                                       "defaultScale":  "years",
                                                                                                                       "dataType":  22,
                                                                                                                       "category":  56,
                                                                                                                       "nameResourceKey":  "sCEPPolicyCertificateValidityPeriodName",
                                                                                                                       "descriptionResourceKey":  "sCEPPolicyCertificateValidityPeriodDescription",
                                                                                                                       "childSettings":  [

                                                                                                                                         ],
                                                                                                                       "options":  [

                                                                                                                                   ],
                                                                                                                       "entityKey":  "certificateValidityPeriodValue",
                                                                                                                       "booleanActions":  0,
                                                                                                                       "policyType":  44,
                                                                                                                       "enabled":  true
                                                                                                                   }
                                                                                                               ],
                                                                                            "dataType":  6,
                                                                                            "category":  56,
                                                                                            "nameResourceKey":  "empty",
                                                                                            "descriptionResourceKey":  "empty",
                                                                                            "childSettings":  [

                                                                                                              ],
                                                                                            "options":  [

                                                                                                        ],
                                                                                            "entityKey":  "studentCertificateSettings",
                                                                                            "booleanActions":  0,
                                                                                            "policyType":  44,
                                                                                            "enabled":  true
                                                                                        }
                                                                                    ],
                                                                       "enabled":  true
                                                                   },
                                                                   {
                                                                       "nameResourceKey":  "SharedOption",
                                                                       "value":  1,
                                                                       "children":  [
                                                                                        {
                                                                                            "complexOptions":  [
                                                                                                                   {
                                                                                                                       "isSettingDescription":  false,
                                                                                                                       "showAsSectionHeader":  false,
                                                                                                                       "dataType":  8,
                                                                                                                       "category":  56,
                                                                                                                       "nameResourceKey":  "deviceRootCertificate",
                                                                                                                       "childSettings":  [

                                                                                                                                         ],
                                                                                                                       "options":  [

                                                                                                                                   ],
                                                                                                                       "booleanActions":  0,
                                                                                                                       "policyType":  44,
                                                                                                                       "enabled":  true
                                                                                                                   },
                                                                                                                   {
                                                                                                                       "dataEntityKey":  "trustedRootCertificate",
                                                                                                                       "filenameEntityKey":  "certFileName",
                                                                                                                       "dataType":  1,
                                                                                                                       "category":  56,
                                                                                                                       "nameResourceKey":  "trustedCertPolicySelectCertificateName",
                                                                                                                       "descriptionResourceKey":  "empty",
                                                                                                                       "childSettings":  [

                                                                                                                                         ],
                                                                                                                       "options":  [

                                                                                                                                   ],
                                                                                                                       "entityKey":  "trustedRootCertificate",
                                                                                                                       "booleanActions":  0,
                                                                                                                       "policyType":  44,
                                                                                                                       "enabled":  true
                                                                                                                   },
                                                                                                                   {
                                                                                                                       "dataType":  8,
                                                                                                                       "category":  56,
                                                                                                                       "nameResourceKey":  "devicePfxCertHeading",
                                                                                                                       "childSettings":  [

                                                                                                                                         ],
                                                                                                                       "options":  [

                                                                                                                                   ],
                                                                                                                       "booleanActions":  0,
                                                                                                                       "policyType":  44,
                                                                                                                       "enabled":  true
                                                                                                                   },
                                                                                                                   {
                                                                                                                       "dataType":  20,
                                                                                                                       "category":  56,
                                                                                                                       "nameResourceKey":  "sCEPPolicySubjectNameFormatName",
                                                                                                                       "descriptionResourceKey":  "empty",
                                                                                                                       "childSettings":  [

                                                                                                                                         ],
                                                                                                                       "options":  [

                                                                                                                                   ],
                                                                                                                       "entityKey":  "subjectNameFormat",
                                                                                                                       "booleanActions":  0,
                                                                                                                       "defaultValue":  "member-{UserEmail}",
                                                                                                                       "policyType":  44,
                                                                                                                       "enabled":  true
                                                                                                                   },
                                                                                                                   {
                                                                                                                       "dataType":  20,
                                                                                                                       "category":  56,
                                                                                                                       "nameResourceKey":  "pKCSPolicyCertificationAuthorityName",
                                                                                                                       "descriptionResourceKey":  "pKCSPolicyCertificationAuthorityNameDescription",
                                                                                                                       "childSettings":  [

                                                                                                                                         ],
                                                                                                                       "options":  [

                                                                                                                                   ],
                                                                                                                       "entityKey":  "certificationAuthority",
                                                                                                                       "booleanActions":  0,
                                                                                                                       "defaultValue":  "",
                                                                                                                       "policyType":  44,
                                                                                                                       "enabled":  true
                                                                                                                   },
                                                                                                                   {
                                                                                                                       "dataType":  20,
                                                                                                                       "category":  56,
                                                                                                                       "nameResourceKey":  "pKCSPolicyCertificationAuthorityNameName",
                                                                                                                       "descriptionResourceKey":  "pKCSPolicyCertificationAuthorityNameNameDescription",
                                                                                                                       "childSettings":  [

                                                                                                                                         ],
                                                                                                                       "options":  [

                                                                                                                                   ],
                                                                                                                       "entityKey":  "certificationAuthorityName",
                                                                                                                       "booleanActions":  0,
                                                                                                                       "defaultValue":  "",
                                                                                                                       "policyType":  44,
                                                                                                                       "enabled":  true
                                                                                                                   },
                                                                                                                   {
                                                                                                                       "dataType":  20,
                                                                                                                       "category":  56,
                                                                                                                       "nameResourceKey":  "pKCSPolicyCertificateTemplateNameName",
                                                                                                                       "descriptionResourceKey":  "empty",
                                                                                                                       "childSettings":  [

                                                                                                                                         ],
                                                                                                                       "options":  [

                                                                                                                                   ],
                                                                                                                       "entityKey":  "certificateTemplateName",
                                                                                                                       "booleanActions":  0,
                                                                                                                       "defaultValue":  "",
                                                                                                                       "policyType":  44,
                                                                                                                       "enabled":  true
                                                                                                                   },
                                                                                                                   {
                                                                                                                       "dataType":  14,
                                                                                                                       "category":  56,
                                                                                                                       "nameResourceKey":  "sCEPPolicyRenewalThresholdName",
                                                                                                                       "descriptionResourceKey":  "sCEPPolicyRenewalThresholdDescription",
                                                                                                                       "childSettings":  [

                                                                                                                                         ],
                                                                                                                       "options":  [

                                                                                                                                   ],
                                                                                                                       "entityKey":  "renewalThresholdPercentage",
                                                                                                                       "booleanActions":  0,
                                                                                                                       "policyType":  44,
                                                                                                                       "enabled":  true
                                                                                                                   },
                                                                                                                   {
                                                                                                                       "scaleOptions":  [
                                                                                                                                            {
                                                                                                                                                "nameResourceKey":  "days",
                                                                                                                                                "value":  "days",
                                                                                                                                                "enabled":  true
                                                                                                                                            },
                                                                                                                                            {
                                                                                                                                                "nameResourceKey":  "months",
                                                                                                                                                "value":  "months",
                                                                                                                                                "enabled":  true
                                                                                                                                            },
                                                                                                                                            {
                                                                                                                                                "nameResourceKey":  "years",
                                                                                                                                                "value":  "years",
                                                                                                                                                "enabled":  true
                                                                                                                                            }
                                                                                                                                        ],
                                                                                                                       "scaleEntityKey":  "certificateValidityPeriodScale",
                                                                                                                       "defaultScale":  "years",
                                                                                                                       "dataType":  22,
                                                                                                                       "category":  56,
                                                                                                                       "nameResourceKey":  "sCEPPolicyCertificateValidityPeriodName",
                                                                                                                       "descriptionResourceKey":  "sCEPPolicyCertificateValidityPeriodDescription",
                                                                                                                       "childSettings":  [

                                                                                                                                         ],
                                                                                                                       "options":  [

                                                                                                                                   ],
                                                                                                                       "entityKey":  "certificateValidityPeriodValue",
                                                                                                                       "booleanActions":  0,
                                                                                                                       "policyType":  44,
                                                                                                                       "enabled":  true
                                                                                                                   }
                                                                                                               ],
                                                                                            "dataType":  6,
                                                                                            "category":  56,
                                                                                            "nameResourceKey":  "empty",
                                                                                            "descriptionResourceKey":  "empty",
                                                                                            "childSettings":  [

                                                                                                              ],
                                                                                            "options":  [

                                                                                                        ],
                                                                                            "entityKey":  "deviceCertificateSettings",
                                                                                            "booleanActions":  0,
                                                                                            "policyType":  44,
                                                                                            "enabled":  true
                                                                                        }
                                                                                    ],
                                                                       "enabled":  true
                                                                   }
                                                               ],
                                                   "entityKey":  "StudentDeviceCertOptionPicker",
                                                   "booleanActions":  0,
                                                   "policyType":  44,
                                                   "enabled":  true
                                               }
                                           ]
}
