{
    "emailprofile_androidemailprofile":  [
                                             {
                                                 "dataType":  20,
                                                 "category":  58,
                                                 "nameResourceKey":  "exchangeActiveSyncHostName",
                                                 "descriptionResourceKey":  "exchangeActiveSyncHostDescription",
                                                 "emptyValueResourceKey":  "exchangeActiveSyncHostExample",
                                                 "childSettings":  [

                                                                   ],
                                                 "options":  [

                                                             ],
                                                 "entityKey":  "hostName",
                                                 "booleanActions":  0,
                                                 "policyType":  1,
                                                 "enabled":  true
                                             },
                                             {
                                                 "dataType":  20,
                                                 "category":  58,
                                                 "nameResourceKey":  "exchangeActiveSyncAccountName",
                                                 "descriptionResourceKey":  "exchangeActiveSyncAccountDescription",
                                                 "emptyValueResourceKey":  "exchangeActiveSyncAccountExample",
                                                 "childSettings":  [

                                                                   ],
                                                 "options":  [

                                                             ],
                                                 "entityKey":  "accountName",
                                                 "booleanActions":  0,
                                                 "policyType":  1,
                                                 "enabled":  true
                                             },
                                             {
                                                 "dataType":  16,
                                                 "category":  58,
                                                 "nameResourceKey":  "userNameTypeName",
                                                 "descriptionResourceKey":  "userNameTypeDescription",
                                                 "childSettings":  [

                                                                   ],
                                                 "options":  [
                                                                 {
                                                                     "nameResourceKey":  "selectAADAttribute",
                                                                     "enabled":  true
                                                                 },
                                                                 {
                                                                     "nameResourceKey":  "userPrincipalNameOption",
                                                                     "value":  "userPrincipalName",
                                                                     "enabled":  true
                                                                 },
                                                                 {
                                                                     "nameResourceKey":  "userNameOption",
                                                                     "value":  "username",
                                                                     "enabled":  true
                                                                 }
                                                             ],
                                                 "entityKey":  "usernameSource",
                                                 "booleanActions":  0,
                                                 "policyType":  1,
                                                 "enabled":  false
                                             },
                                             {
                                                 "dataType":  16,
                                                 "category":  58,
                                                 "nameResourceKey":  "userNameTypeName",
                                                 "descriptionResourceKey":  "userNameTypeDescription",
                                                 "childSettings":  [

                                                                   ],
                                                 "options":  [
                                                                 {
                                                                     "nameResourceKey":  "selectAADAttribute",
                                                                     "enabled":  true
                                                                 },
                                                                 {
                                                                     "nameResourceKey":  "userPrincipalNameOption",
                                                                     "value":  "userPrincipalName",
                                                                     "enabled":  true
                                                                 },
                                                                 {
                                                                     "nameResourceKey":  "userNameOption",
                                                                     "value":  "username",
                                                                     "enabled":  true
                                                                 },
                                                                 {
                                                                     "nameResourceKey":  "sAMAccountNameOption",
                                                                     "value":  "samAccountName",
                                                                     "children":  [
                                                                                      {
                                                                                          "dataType":  16,
                                                                                          "category":  58,
                                                                                          "nameResourceKey":  "DomainNameSourceOption",
                                                                                          "descriptionResourceKey":  "userCustomDomainDescription",
                                                                                          "childSettings":  [

                                                                                                            ],
                                                                                          "options":  [
                                                                                                          {
                                                                                                              "nameResourceKey":  "DynamicDomainNameOption",
                                                                                                              "value":  "AAD",
                                                                                                              "children":  [
                                                                                                                               {
                                                                                                                                   "dataType":  16,
                                                                                                                                   "category":  58,
                                                                                                                                   "nameResourceKey":  "userDomainAADAttributeName",
                                                                                                                                   "descriptionResourceKey":  "userDomainAADAttributeDescription",
                                                                                                                                   "childSettings":  [

                                                                                                                                                     ],
                                                                                                                                   "options":  [
                                                                                                                                                   {
                                                                                                                                                       "nameResourceKey":  "selectAADAttribute",
                                                                                                                                                       "enabled":  true
                                                                                                                                                   },
                                                                                                                                                   {
                                                                                                                                                       "nameResourceKey":  "fullDomainNameOption",
                                                                                                                                                       "value":  "fullDomainName",
                                                                                                                                                       "enabled":  true
                                                                                                                                                   },
                                                                                                                                                   {
                                                                                                                                                       "nameResourceKey":  "netBiosNameOption",
                                                                                                                                                       "value":  "netBiosDomainName",
                                                                                                                                                       "enabled":  true
                                                                                                                                                   }
                                                                                                                                               ],
                                                                                                                                   "entityKey":  "userDomainNameSource",
                                                                                                                                   "booleanActions":  0,
                                                                                                                                   "policyType":  1,
                                                                                                                                   "enabled":  true
                                                                                                                               }
                                                                                                                           ],
                                                                                                              "enabled":  true
                                                                                                          },
                                                                                                          {
                                                                                                              "nameResourceKey":  "StaticDomainNameOption",
                                                                                                              "value":  "CustomDomainName",
                                                                                                              "children":  [
                                                                                                                               {
                                                                                                                                   "dataType":  20,
                                                                                                                                   "category":  58,
                                                                                                                                   "nameResourceKey":  "userCustomDomainName",
                                                                                                                                   "descriptionResourceKey":  "userCustomDomainDescription",
                                                                                                                                   "emptyValueResourceKey":  "userCustomDomainNameExample",
                                                                                                                                   "childSettings":  [

                                                                                                                                                     ],
                                                                                                                                   "options":  [

                                                                                                                                               ],
                                                                                                                                   "entityKey":  "customDomainName",
                                                                                                                                   "booleanActions":  0,
                                                                                                                                   "policyType":  1,
                                                                                                                                   "enabled":  true
                                                                                                                               }
                                                                                                                           ],
                                                                                                              "enabled":  true
                                                                                                          }
                                                                                                      ],
                                                                                          "entityKey":  "domainNameSourceType",
                                                                                          "booleanActions":  0,
                                                                                          "policyType":  1,
                                                                                          "enabled":  true
                                                                                      }
                                                                                  ],
                                                                     "enabled":  true
                                                                 }
                                                             ],
                                                 "entityKey":  "usernameSource",
                                                 "booleanActions":  0,
                                                 "policyType":  1,
                                                 "enabled":  true
                                             },
                                             {
                                                 "dataType":  16,
                                                 "category":  58,
                                                 "nameResourceKey":  "emailAddressTypeName",
                                                 "descriptionResourceKey":  "emailAddressTypeDescription",
                                                 "childSettings":  [

                                                                   ],
                                                 "options":  [
                                                                 {
                                                                     "nameResourceKey":  "selectAADAttribute",
                                                                     "enabled":  true
                                                                 },
                                                                 {
                                                                     "nameResourceKey":  "userPrincipalNameOption",
                                                                     "value":  "userPrincipalName",
                                                                     "enabled":  true
                                                                 },
                                                                 {
                                                                     "nameResourceKey":  "primarySMTPAddressOption",
                                                                     "value":  "primarySmtpAddress",
                                                                     "enabled":  true
                                                                 }
                                                             ],
                                                 "entityKey":  "emailAddressSource",
                                                 "booleanActions":  0,
                                                 "policyType":  1,
                                                 "enabled":  true
                                             },
                                             {
                                                 "dataType":  16,
                                                 "category":  58,
                                                 "nameResourceKey":  "authenticationMethodName",
                                                 "descriptionResourceKey":  "authenticationMethodDescription",
                                                 "childSettings":  [

                                                                   ],
                                                 "options":  [
                                                                 {
                                                                     "nameResourceKey":  "selectAuthenticationMethod",
                                                                     "enabled":  true
                                                                 },
                                                                 {
                                                                     "nameResourceKey":  "certificateOption",
                                                                     "value":  "certificate",
                                                                     "children":  [
                                                                                      {
                                                                                          "complexOptions":  [
                                                                                                                 {
                                                                                                                     "dataType":  4,
                                                                                                                     "category":  58,
                                                                                                                     "nameResourceKey":  "selectCertificateProfile",
                                                                                                                     "descriptionResourceKey":  "clientCertForClientAuthenticationDescription",
                                                                                                                     "childSettings":  [

                                                                                                                                       ],
                                                                                                                     "options":  [

                                                                                                                                 ],
                                                                                                                     "entityKey":  "identityCertificate",
                                                                                                                     "booleanActions":  0,
                                                                                                                     "policyType":  1,
                                                                                                                     "enabled":  true
                                                                                                                 }
                                                                                                             ],
                                                                                          "dataType":  5,
                                                                                          "category":  58,
                                                                                          "nameResourceKey":  "certificateOption",
                                                                                          "descriptionResourceKey":  "empty",
                                                                                          "emptyValueResourceKey":  "selectCertificate",
                                                                                          "childSettings":  [

                                                                                                            ],
                                                                                          "options":  [

                                                                                                      ],
                                                                                          "booleanActions":  0,
                                                                                          "policyType":  1,
                                                                                          "enabled":  true
                                                                                      }
                                                                                  ],
                                                                     "enabled":  true
                                                                 },
                                                                 {
                                                                     "nameResourceKey":  "usernameAndPasswordOption",
                                                                     "value":  "usernameAndPassword",
                                                                     "enabled":  true
                                                                 }
                                                             ],
                                                 "entityKey":  "authenticationMethod",
                                                 "booleanActions":  0,
                                                 "policyType":  1,
                                                 "enabled":  true
                                             },
                                             {
                                                 "isSettingDescription":  false,
                                                 "showAsSectionHeader":  false,
                                                 "dataType":  8,
                                                 "category":  58,
                                                 "nameResourceKey":  "complianceIosEmailProfileSecurityHeader",
                                                 "childSettings":  [

                                                                   ],
                                                 "options":  [

                                                             ],
                                                 "booleanActions":  0,
                                                 "policyType":  1,
                                                 "enabled":  true
                                             },
                                             {
                                                 "dataType":  19,
                                                 "category":  58,
                                                 "nameResourceKey":  "requireSSLName",
                                                 "descriptionResourceKey":  "requireSSLDescription",
                                                 "childSettings":  [

                                                                   ],
                                                 "options":  [
                                                                 {
                                                                     "nameResourceKey":  "enableOption",
                                                                     "value":  true,
                                                                     "enabled":  true
                                                                 },
                                                                 {
                                                                     "nameResourceKey":  "disableOption",
                                                                     "value":  false,
                                                                     "enabled":  true
                                                                 }
                                                             ],
                                                 "entityKey":  "requireSsl",
                                                 "booleanActions":  0,
                                                 "defaultValue":  true,
                                                 "policyType":  1,
                                                 "enabled":  true
                                             },
                                             {
                                                 "dataType":  16,
                                                 "category":  58,
                                                 "nameResourceKey":  "requireSMIME",
                                                 "descriptionResourceKey":  "requireSMIMEDescription",
                                                 "childSettings":  [

                                                                   ],
                                                 "options":  [
                                                                 {
                                                                     "nameResourceKey":  "disableSMIMEOption",
                                                                     "value":  "false",
                                                                     "enabled":  true
                                                                 },
                                                                 {
                                                                     "nameResourceKey":  "sMIMECertificateOption",
                                                                     "value":  "true",
                                                                     "children":  [
                                                                                      {
                                                                                          "complexOptions":  [
                                                                                                                 {
                                                                                                                     "dataType":  4,
                                                                                                                     "category":  58,
                                                                                                                     "nameResourceKey":  "selectCertificateProfile",
                                                                                                                     "descriptionResourceKey":  "requireSMIMEDescription",
                                                                                                                     "childSettings":  [

                                                                                                                                       ],
                                                                                                                     "options":  [

                                                                                                                                 ],
                                                                                                                     "entityKey":  "smimeSigningCertificate",
                                                                                                                     "booleanActions":  0,
                                                                                                                     "policyType":  1,
                                                                                                                     "enabled":  true
                                                                                                                 }
                                                                                                             ],
                                                                                          "dataType":  5,
                                                                                          "category":  58,
                                                                                          "nameResourceKey":  "sMIMECertificateOptionSigning",
                                                                                          "descriptionResourceKey":  "empty",
                                                                                          "emptyValueResourceKey":  "selectCertificate",
                                                                                          "childSettings":  [

                                                                                                            ],
                                                                                          "options":  [

                                                                                                      ],
                                                                                          "booleanActions":  0,
                                                                                          "policyType":  1,
                                                                                          "enabled":  true
                                                                                      }
                                                                                  ],
                                                                     "enabled":  true
                                                                 }
                                                             ],
                                                 "entityKey":  "requireSmime",
                                                 "booleanActions":  0,
                                                 "defaultValue":  "false",
                                                 "unconfiguredValue":  "false",
                                                 "policyType":  1,
                                                 "enabled":  true
                                             },
                                             {
                                                 "isSettingDescription":  false,
                                                 "showAsSectionHeader":  false,
                                                 "dataType":  8,
                                                 "category":  58,
                                                 "nameResourceKey":  "complianceIosEmailProfileSyncOptionsHeader",
                                                 "descriptionResourceKey":  "synchronizeDescription",
                                                 "childSettings":  [

                                                                   ],
                                                 "options":  [

                                                             ],
                                                 "booleanActions":  0,
                                                 "policyType":  1,
                                                 "enabled":  true
                                             },
                                             {
                                                 "dataType":  16,
                                                 "category":  58,
                                                 "nameResourceKey":  "daysOfEmailToSynchronizeName",
                                                 "descriptionResourceKey":  "daysOfEmailToSynchronizeDescription",
                                                 "childSettings":  [

                                                                   ],
                                                 "options":  [
                                                                 {
                                                                     "nameResourceKey":  "notConfigured",
                                                                     "value":  "userDefined",
                                                                     "enabled":  true
                                                                 },
                                                                 {
                                                                     "nameResourceKey":  "oneDayOption",
                                                                     "value":  "oneDay",
                                                                     "enabled":  true
                                                                 },
                                                                 {
                                                                     "nameResourceKey":  "threeDaysOption",
                                                                     "value":  "threeDays",
                                                                     "enabled":  true
                                                                 },
                                                                 {
                                                                     "nameResourceKey":  "oneWeekOption",
                                                                     "value":  "oneWeek",
                                                                     "enabled":  true
                                                                 },
                                                                 {
                                                                     "nameResourceKey":  "twoWeeksOption",
                                                                     "value":  "twoWeeks",
                                                                     "enabled":  true
                                                                 },
                                                                 {
                                                                     "nameResourceKey":  "oneMonthOption",
                                                                     "value":  "oneMonth",
                                                                     "enabled":  true
                                                                 },
                                                                 {
                                                                     "nameResourceKey":  "unlimitedOption",
                                                                     "value":  "unlimited",
                                                                     "enabled":  true
                                                                 }
                                                             ],
                                                 "entityKey":  "durationOfEmailToSync",
                                                 "booleanActions":  0,
                                                 "defaultValue":  "userDefined",
                                                 "unconfiguredValue":  "userDefined",
                                                 "policyType":  1,
                                                 "enabled":  true
                                             },
                                             {
                                                 "dataType":  16,
                                                 "category":  58,
                                                 "nameResourceKey":  "syncScheduleName",
                                                 "descriptionResourceKey":  "syncScheduleDescription",
                                                 "childSettings":  [

                                                                   ],
                                                 "options":  [
                                                                 {
                                                                     "nameResourceKey":  "asMessagesArriveOption",
                                                                     "value":  "asMessagesArrive",
                                                                     "enabled":  true
                                                                 },
                                                                 {
                                                                     "nameResourceKey":  "manualOption",
                                                                     "value":  "manual",
                                                                     "enabled":  true
                                                                 },
                                                                 {
                                                                     "nameResourceKey":  "fifteenMinutesOption",
                                                                     "value":  "fifteenMinutes",
                                                                     "enabled":  true
                                                                 },
                                                                 {
                                                                     "nameResourceKey":  "thirtyMinutesOption",
                                                                     "value":  "thirtyMinutes",
                                                                     "enabled":  true
                                                                 },
                                                                 {
                                                                     "nameResourceKey":  "sixtyMinutesOption",
                                                                     "value":  "sixtyMinutes",
                                                                     "enabled":  true
                                                                 },
                                                                 {
                                                                     "nameResourceKey":  "basedOnMyUsageOption",
                                                                     "value":  "basedOnMyUsage",
                                                                     "enabled":  true
                                                                 },
                                                                 {
                                                                     "nameResourceKey":  "notConfigured",
                                                                     "value":  "userDefined",
                                                                     "enabled":  true
                                                                 }
                                                             ],
                                                 "entityKey":  "emailSyncSchedule",
                                                 "booleanActions":  0,
                                                 "defaultValue":  "manual",
                                                 "policyType":  1,
                                                 "enabled":  true
                                             },
                                             {
                                                 "isSettingDescription":  false,
                                                 "showAsSectionHeader":  false,
                                                 "dataType":  8,
                                                 "category":  58,
                                                 "nameResourceKey":  "contentTypeToSyncName",
                                                 "descriptionResourceKey":  "contentTypeToSyncAndroidDescription",
                                                 "childSettings":  [

                                                                   ],
                                                 "options":  [

                                                             ],
                                                 "booleanActions":  0,
                                                 "policyType":  1,
                                                 "enabled":  true
                                             },
                                             {
                                                 "dataType":  0,
                                                 "category":  58,
                                                 "nameResourceKey":  "contactsOption",
                                                 "childSettings":  [

                                                                   ],
                                                 "options":  [

                                                             ],
                                                 "entityKey":  "syncContacts",
                                                 "booleanActions":  2,
                                                 "defaultValue":  false,
                                                 "policyType":  1,
                                                 "enabled":  true
                                             },
                                             {
                                                 "dataType":  0,
                                                 "category":  58,
                                                 "nameResourceKey":  "calenderOption",
                                                 "childSettings":  [

                                                                   ],
                                                 "options":  [

                                                             ],
                                                 "entityKey":  "syncCalendar",
                                                 "booleanActions":  2,
                                                 "defaultValue":  false,
                                                 "policyType":  1,
                                                 "enabled":  true
                                             },
                                             {
                                                 "dataType":  0,
                                                 "category":  58,
                                                 "nameResourceKey":  "tasksOption",
                                                 "childSettings":  [

                                                                   ],
                                                 "options":  [

                                                             ],
                                                 "entityKey":  "syncTasks",
                                                 "booleanActions":  2,
                                                 "defaultValue":  false,
                                                 "policyType":  1,
                                                 "enabled":  true
                                             }
                                         ]
}
