{
    "homescreenlayout_iosdevicefeatures":  [
                                               {
                                                   "isSettingDescription":  false,
                                                   "showAsSectionHeader":  false,
                                                   "dataType":  8,
                                                   "category":  65,
                                                   "nameResourceKey":  "IosDeviceFeaturesHomeScreenLayoutHeader",
                                                   "childSettings":  [

                                                                     ],
                                                   "options":  [

                                                               ],
                                                   "booleanActions":  0,
                                                   "policyType":  42,
                                                   "enabled":  true
                                               },
                                               {
                                                   "dataType":  25,
                                                   "category":  65,
                                                   "childSettings":  [

                                                                     ],
                                                   "options":  [

                                                               ],
                                                   "booleanActions":  0,
                                                   "policyType":  42,
                                                   "enabled":  true
                                               }
                                           ]
}
