{
    "importedpfx_windowsphoneimportedpfx":  [
                                                {
                                                    "dataType":  16,
                                                    "category":  69,
                                                    "nameResourceKey":  "PFXImportPolicyIntendedPurpose",
                                                    "descriptionResourceKey":  "empty",
                                                    "childSettings":  [

                                                                      ],
                                                    "options":  [
                                                                    {
                                                                        "nameResourceKey":  "PFXImportPolicyIntendedPurposeUnassigned",
                                                                        "value":  "unassigned",
                                                                        "enabled":  true
                                                                    },
                                                                    {
                                                                        "nameResourceKey":  "PFXImportPolicyIntendedPurposeSmimeEncryption",
                                                                        "value":  "smimeEncryption",
                                                                        "enabled":  true
                                                                    },
                                                                    {
                                                                        "nameResourceKey":  "PFXImportPolicyIntendedPurposeSmimeSigning",
                                                                        "value":  "smimeSigning",
                                                                        "enabled":  true
                                                                    }
                                                                ],
                                                    "entityKey":  "intendedPurpose",
                                                    "booleanActions":  0,
                                                    "policyType":  102,
                                                    "enabled":  true
                                                },
                                                {
                                                    "dataType":  16,
                                                    "category":  69,
                                                    "nameResourceKey":  "sCEPPolicyKeyStorageProviderName",
                                                    "descriptionResourceKey":  "sCEPPolicyKeyStorageProviderDescription",
                                                    "childSettings":  [

                                                                      ],
                                                    "options":  [
                                                                    {
                                                                        "nameResourceKey":  "notConfigured",
                                                                        "enabled":  true
                                                                    },
                                                                    {
                                                                        "nameResourceKey":  "sCEPPolicyEnrollToTrustedOtherwiseKSP",
                                                                        "value":  "useTpmKspOtherwiseUseSoftwareKsp",
                                                                        "enabled":  true
                                                                    },
                                                                    {
                                                                        "nameResourceKey":  "sCEPPolicyEnrollToTrustedOtherwiseFail",
                                                                        "value":  "useTpmKspOtherwiseFail",
                                                                        "enabled":  true
                                                                    },
                                                                    {
                                                                        "nameResourceKey":  "sCEPPolicyEnrollToPassport",
                                                                        "value":  "usePassportForWorkKspOtherwiseFail",
                                                                        "enabled":  true
                                                                    },
                                                                    {
                                                                        "nameResourceKey":  "sCEPPolicyEnrollToSoftwareKSP",
                                                                        "value":  "useSoftwareKsp",
                                                                        "enabled":  true
                                                                    }
                                                                ],
                                                    "entityKey":  "keyStorageProvider",
                                                    "booleanActions":  0,
                                                    "policyType":  102,
                                                    "enabled":  true
                                                }
                                            ]
}
