{
    "importedpfx_androidimportedpfx":  {
                                           "dataType":  16,
                                           "category":  69,
                                           "nameResourceKey":  "PFXImportPolicyIntendedPurpose",
                                           "descriptionResourceKey":  "empty",
                                           "childSettings":  [

                                                             ],
                                           "options":  [
                                                           {
                                                               "nameResourceKey":  "PFXImportPolicyIntendedPurposeUnassigned",
                                                               "value":  "unassigned",
                                                               "enabled":  true
                                                           },
                                                           {
                                                               "nameResourceKey":  "PFXImportPolicyIntendedPurposeSmimeEncryption",
                                                               "value":  "smimeEncryption",
                                                               "enabled":  true
                                                           },
                                                           {
                                                               "nameResourceKey":  "PFXImportPolicyIntendedPurposeSmimeSigning",
                                                               "value":  "smimeSigning",
                                                               "enabled":  true
                                                           }
                                                       ],
                                           "entityKey":  "intendedPurpose",
                                           "booleanActions":  0,
                                           "policyType":  21,
                                           "enabled":  true
                                       }
}
