{
    "lockedscreenexperience_windows10general":  [
                                                    {
                                                        "dataType":  0,
                                                        "category":  78,
                                                        "nameResourceKey":  "winMobileActionCenterName",
                                                        "descriptionResourceKey":  "winMobileActionCenterDescription",
                                                        "childSettings":  [

                                                                          ],
                                                        "options":  [

                                                                    ],
                                                        "entityKey":  "lockScreenBlockActionCenterNotifications",
                                                        "booleanActions":  3,
                                                        "defaultValue":  false,
                                                        "policyType":  79,
                                                        "enabled":  true
                                                    },
                                                    {
                                                        "dataType":  20,
                                                        "category":  78,
                                                        "nameResourceKey":  "personalizationLockScreenImageUrlName",
                                                        "descriptionResourceKey":  "personalizationLockScreenImageUrlDescription",
                                                        "emptyValueResourceKey":  "personalizationImageUrlExample",
                                                        "childSettings":  [

                                                                          ],
                                                        "options":  [

                                                                    ],
                                                        "entityKey":  "personalizationLockScreenImageUrl",
                                                        "booleanActions":  0,
                                                        "policyType":  79,
                                                        "enabled":  true
                                                    },
                                                    {
                                                        "dataType":  0,
                                                        "category":  78,
                                                        "nameResourceKey":  "lockScreenAllowTimeoutConfigurationName",
                                                        "descriptionResourceKey":  "lockScreenAllowTimeoutConfigurationDescription",
                                                        "childSettings":  [

                                                                          ],
                                                        "options":  [

                                                                    ],
                                                        "entityKey":  "lockScreenAllowTimeoutConfiguration",
                                                        "booleanActions":  0,
                                                        "defaultValue":  false,
                                                        "policyType":  79,
                                                        "enabled":  true
                                                    },
                                                    {
                                                        "dataType":  0,
                                                        "category":  78,
                                                        "nameResourceKey":  "lockScreenBlockCortanaName",
                                                        "descriptionResourceKey":  "lockScreenBlockCortanaDescription",
                                                        "childSettings":  [

                                                                          ],
                                                        "options":  [

                                                                    ],
                                                        "entityKey":  "lockScreenBlockCortana",
                                                        "booleanActions":  3,
                                                        "defaultValue":  false,
                                                        "policyType":  79,
                                                        "enabled":  true
                                                    },
                                                    {
                                                        "dataType":  0,
                                                        "category":  78,
                                                        "nameResourceKey":  "lockScreenBlockToastNotificationsName",
                                                        "descriptionResourceKey":  "lockScreenBlockToastNotificationsDescription",
                                                        "childSettings":  [

                                                                          ],
                                                        "options":  [

                                                                    ],
                                                        "entityKey":  "lockScreenBlockToastNotifications",
                                                        "booleanActions":  3,
                                                        "defaultValue":  false,
                                                        "policyType":  79,
                                                        "enabled":  true
                                                    },
                                                    {
                                                        "dataType":  14,
                                                        "category":  78,
                                                        "nameResourceKey":  "lockScreenTimeoutInSecondsName",
                                                        "descriptionResourceKey":  "lockScreenTimeoutInSecondsDescription",
                                                        "emptyValueResourceKey":  "lockScreenTimeoutInSecondsPlaceholder",
                                                        "childSettings":  [

                                                                          ],
                                                        "options":  [

                                                                    ],
                                                        "entityKey":  "lockScreenTimeoutInSeconds",
                                                        "booleanActions":  0,
                                                        "defaultValue":  false,
                                                        "policyType":  79,
                                                        "enabled":  true
                                                    },
                                                    {
                                                        "dataType":  16,
                                                        "category":  78,
                                                        "nameResourceKey":  "appsActivateAboveLockScreenName",
                                                        "descriptionResourceKey":  "appsActivateAboveLockScreenDescription",
                                                        "childSettings":  [

                                                                          ],
                                                        "options":  [
                                                                        {
                                                                            "nameResourceKey":  "notConfigured",
                                                                            "value":  "notConfigured",
                                                                            "enabled":  true
                                                                        },
                                                                        {
                                                                            "nameResourceKey":  "enabledOption",
                                                                            "value":  "enabled",
                                                                            "enabled":  true
                                                                        },
                                                                        {
                                                                            "nameResourceKey":  "disabledOption",
                                                                            "value":  "disabled",
                                                                            "enabled":  true
                                                                        }
                                                                    ],
                                                        "entityKey":  "lockScreenActivateAppsWithVoice",
                                                        "booleanActions":  0,
                                                        "defaultValue":  "notConfigured",
                                                        "policyType":  79,
                                                        "enabled":  true
                                                    }
                                                ]
}
