{
    "loginitems_macdevicefeatures":  [
                                         {
                                             "isSettingDescription":  false,
                                             "showAsSectionHeader":  false,
                                             "dataType":  8,
                                             "category":  81,
                                             "nameResourceKey":  "MacDeviceFeaturesLoginItemsHeader",
                                             "childSettings":  [

                                                               ],
                                             "options":  [

                                                         ],
                                             "booleanActions":  0,
                                             "policyType":  58,
                                             "enabled":  true
                                         },
                                         {
                                             "isSettingDescription":  false,
                                             "showAsSectionHeader":  true,
                                             "dataType":  8,
                                             "category":  81,
                                             "nameResourceKey":  "allEnrollmentTypesHeaderNameMac",
                                             "descriptionResourceKey":  "allEnrollmentTypesHeaderDescriptionMac",
                                             "childSettings":  [
                                                                   {
                                                                       "columns":  [
                                                                                       {
                                                                                           "metadata":  {
                                                                                                            "dataType":  20,
                                                                                                            "category":  81,
                                                                                                            "nameResourceKey":  "customItemPathOfItem",
                                                                                                            "emptyValueResourceKey":  "customItemLocationHint",
                                                                                                            "childSettings":  [

                                                                                                                              ],
                                                                                                            "options":  [

                                                                                                                        ],
                                                                                                            "entityKey":  "path",
                                                                                                            "booleanActions":  0,
                                                                                                            "policyType":  58,
                                                                                                            "enabled":  true
                                                                                                        }
                                                                                       },
                                                                                       {
                                                                                           "metadata":  {
                                                                                                            "dataType":  0,
                                                                                                            "category":  81,
                                                                                                            "nameResourceKey":  "customItemHideFromUserConfiguration",
                                                                                                            "descriptionResourceKey":  "customItemHideFromUserConfigurationDescription",
                                                                                                            "childSettings":  [

                                                                                                                              ],
                                                                                                            "options":  [

                                                                                                                        ],
                                                                                                            "entityKey":  "hide",
                                                                                                            "booleanActions":  9,
                                                                                                            "defaultValue":  false,
                                                                                                            "policyType":  58,
                                                                                                            "enabled":  true
                                                                                                        }
                                                                                       }
                                                                                   ],
                                                                       "dataType":  21,
                                                                       "category":  81,
                                                                       "nameResourceKey":  "loginItemsCustomItemsTableName",
                                                                       "descriptionResourceKey":  "loginItemsCustomItemsTableDescription",
                                                                       "childSettings":  [

                                                                                         ],
                                                                       "options":  [

                                                                                   ],
                                                                       "entityKey":  "autoLaunchItems",
                                                                       "booleanActions":  0,
                                                                       "policyType":  58,
                                                                       "enabled":  true
                                                                   }
                                                               ],
                                             "options":  [

                                                         ],
                                             "booleanActions":  0,
                                             "policyType":  58,
                                             "enabled":  true
                                         }
                                     ]
}
