{
    "messaging_windows10general":  [
                                       {
                                           "dataType":  0,
                                           "category":  85,
                                           "nameResourceKey":  "MessagingBlockSyncName",
                                           "descriptionResourceKey":  "MessagingBlockSyncDescription",
                                           "childSettings":  [

                                                             ],
                                           "options":  [

                                                       ],
                                           "entityKey":  "messagingBlockSync",
                                           "booleanActions":  3,
                                           "defaultValue":  false,
                                           "policyType":  79,
                                           "enabled":  true
                                       },
                                       {
                                           "dataType":  0,
                                           "category":  85,
                                           "nameResourceKey":  "MessagingBlockMMSName",
                                           "descriptionResourceKey":  "MessagingBlockMMSDescription",
                                           "childSettings":  [

                                                             ],
                                           "options":  [

                                                       ],
                                           "entityKey":  "messagingBlockMMS",
                                           "booleanActions":  3,
                                           "defaultValue":  false,
                                           "policyType":  79,
                                           "enabled":  true
                                       },
                                       {
                                           "dataType":  0,
                                           "category":  85,
                                           "nameResourceKey":  "MessagingBlockRCSName",
                                           "descriptionResourceKey":  "MessagingBlockRCSDescription",
                                           "childSettings":  [

                                                             ],
                                           "options":  [

                                                       ],
                                           "entityKey":  "messagingBlockRichCommunicationServices",
                                           "booleanActions":  3,
                                           "defaultValue":  false,
                                           "policyType":  79,
                                           "enabled":  true
                                       }
                                   ]
}
