{
    "microphonesandspeakers_windows10devicefirmwareconfigurationinterface":  [
                                                                                 {
                                                                                     "dataType":  16,
                                                                                     "category":  86,
                                                                                     "nameResourceKey":  "microphonesAndSpeakersName",
                                                                                     "descriptionResourceKey":  "microphonesAndSpeakersDescription",
                                                                                     "childSettings":  [

                                                                                                       ],
                                                                                     "options":  [
                                                                                                     {
                                                                                                         "nameResourceKey":  "notConfigured",
                                                                                                         "value":  "notConfigured",
                                                                                                         "enabled":  true
                                                                                                     },
                                                                                                     {
                                                                                                         "nameResourceKey":  "enabledOption",
                                                                                                         "value":  "enabled",
                                                                                                         "enabled":  true
                                                                                                     },
                                                                                                     {
                                                                                                         "nameResourceKey":  "disabledOption",
                                                                                                         "value":  "disabled",
                                                                                                         "enabled":  true
                                                                                                     }
                                                                                                 ],
                                                                                     "entityKey":  "microphonesAndSpeakers",
                                                                                     "booleanActions":  0,
                                                                                     "defaultValue":  "notConfigured",
                                                                                     "unconfiguredValue":  "notConfigured",
                                                                                     "policyType":  108,
                                                                                     "enabled":  true
                                                                                 },
                                                                                 {
                                                                                     "dataType":  10,
                                                                                     "category":  86,
                                                                                     "nameResourceKey":  "dfciGranularSettingsWarningInfoBox",
                                                                                     "childSettings":  [

                                                                                                       ],
                                                                                     "options":  [

                                                                                                 ],
                                                                                     "booleanActions":  0,
                                                                                     "policyType":  108,
                                                                                     "enabled":  true
                                                                                 },
                                                                                 {
                                                                                     "dataType":  16,
                                                                                     "category":  86,
                                                                                     "nameResourceKey":  "microphonesName",
                                                                                     "descriptionResourceKey":  "microphonesDescription",
                                                                                     "childSettings":  [

                                                                                                       ],
                                                                                     "options":  [
                                                                                                     {
                                                                                                         "nameResourceKey":  "notConfigured",
                                                                                                         "value":  "notConfigured",
                                                                                                         "enabled":  true
                                                                                                     },
                                                                                                     {
                                                                                                         "nameResourceKey":  "enabledOption",
                                                                                                         "value":  "enabled",
                                                                                                         "enabled":  true
                                                                                                     },
                                                                                                     {
                                                                                                         "nameResourceKey":  "disabledOption",
                                                                                                         "value":  "disabled",
                                                                                                         "enabled":  true
                                                                                                     }
                                                                                                 ],
                                                                                     "entityKey":  "microphone",
                                                                                     "booleanActions":  0,
                                                                                     "defaultValue":  "notConfigured",
                                                                                     "unconfiguredValue":  "notConfigured",
                                                                                     "policyType":  108,
                                                                                     "enabled":  false
                                                                                 }
                                                                             ]
}
