{
    "notifications_iosdevicefeatures":  [
                                            {
                                                "isSettingDescription":  false,
                                                "showAsSectionHeader":  false,
                                                "dataType":  8,
                                                "category":  89,
                                                "nameResourceKey":  "IosDeviceFeaturesNotificationsHeader",
                                                "childSettings":  [

                                                                  ],
                                                "options":  [

                                                            ],
                                                "booleanActions":  0,
                                                "policyType":  42,
                                                "enabled":  true
                                            },
                                            {
                                                "isSettingDescription":  false,
                                                "showAsSectionHeader":  true,
                                                "dataType":  8,
                                                "category":  89,
                                                "nameResourceKey":  "automatedDeviceEnrollmentHeaderName",
                                                "descriptionResourceKey":  "automatedDeviceEnrollmentHeaderDescription",
                                                "childSettings":  [
                                                                      {
                                                                          "columns":  [
                                                                                          {
                                                                                              "metadata":  {
                                                                                                               "dataType":  20,
                                                                                                               "category":  89,
                                                                                                               "nameResourceKey":  "notificationsBundleIdName",
                                                                                                               "descriptionResourceKey":  "notificationsBundleIdDescription",
                                                                                                               "childSettings":  [

                                                                                                                                 ],
                                                                                                               "options":  [

                                                                                                                           ],
                                                                                                               "entityKey":  "bundleID",
                                                                                                               "booleanActions":  0,
                                                                                                               "policyType":  42,
                                                                                                               "enabled":  true
                                                                                                           }
                                                                                          },
                                                                                          {
                                                                                              "metadata":  {
                                                                                                               "dataType":  20,
                                                                                                               "category":  89,
                                                                                                               "nameResourceKey":  "notificationsAppNameName",
                                                                                                               "descriptionResourceKey":  "notificationsAppNameDescription",
                                                                                                               "childSettings":  [

                                                                                                                                 ],
                                                                                                               "options":  [

                                                                                                                           ],
                                                                                                               "entityKey":  "appName",
                                                                                                               "booleanActions":  0,
                                                                                                               "policyType":  42,
                                                                                                               "enabled":  true
                                                                                                           }
                                                                                          },
                                                                                          {
                                                                                              "metadata":  {
                                                                                                               "dataType":  20,
                                                                                                               "category":  89,
                                                                                                               "nameResourceKey":  "notificationsPublisherName",
                                                                                                               "descriptionResourceKey":  "notificationsPublisherDescription",
                                                                                                               "childSettings":  [

                                                                                                                                 ],
                                                                                                               "options":  [

                                                                                                                           ],
                                                                                                               "entityKey":  "publisher",
                                                                                                               "booleanActions":  0,
                                                                                                               "policyType":  42,
                                                                                                               "enabled":  true
                                                                                                           }
                                                                                          },
                                                                                          {
                                                                                              "metadata":  {
                                                                                                               "dataType":  16,
                                                                                                               "category":  89,
                                                                                                               "nameResourceKey":  "notificationsEnableNotificationsName",
                                                                                                               "descriptionResourceKey":  "notificationsEnableNotificationsDescription",
                                                                                                               "childSettings":  [
                                                                                                                                     {
                                                                                                                                         "dataType":  16,
                                                                                                                                         "category":  89,
                                                                                                                                         "nameResourceKey":  "notificationsShowInNotificationCenterName",
                                                                                                                                         "descriptionResourceKey":  "notificationsShowInNotificationCenterDescription",
                                                                                                                                         "childSettings":  [

                                                                                                                                                           ],
                                                                                                                                         "options":  [
                                                                                                                                                         {
                                                                                                                                                             "nameResourceKey":  "enableOption",
                                                                                                                                                             "value":  "true",
                                                                                                                                                             "enabled":  true
                                                                                                                                                         },
                                                                                                                                                         {
                                                                                                                                                             "nameResourceKey":  "disableOption",
                                                                                                                                                             "value":  "false",
                                                                                                                                                             "enabled":  true
                                                                                                                                                         },
                                                                                                                                                         {
                                                                                                                                                             "nameResourceKey":  "notConfigured",
                                                                                                                                                             "enabled":  true
                                                                                                                                                         }
                                                                                                                                                     ],
                                                                                                                                         "entityKey":  "showInNotificationCenter",
                                                                                                                                         "booleanActions":  0,
                                                                                                                                         "policyType":  42,
                                                                                                                                         "enabled":  true
                                                                                                                                     },
                                                                                                                                     {
                                                                                                                                         "dataType":  16,
                                                                                                                                         "category":  89,
                                                                                                                                         "nameResourceKey":  "notificationsShowInLockScreenName",
                                                                                                                                         "descriptionResourceKey":  "notificationsShowInLockScreenDescription",
                                                                                                                                         "childSettings":  [

                                                                                                                                                           ],
                                                                                                                                         "options":  [
                                                                                                                                                         {
                                                                                                                                                             "nameResourceKey":  "enableOption",
                                                                                                                                                             "value":  "true",
                                                                                                                                                             "enabled":  true
                                                                                                                                                         },
                                                                                                                                                         {
                                                                                                                                                             "nameResourceKey":  "disableOption",
                                                                                                                                                             "value":  "false",
                                                                                                                                                             "enabled":  true
                                                                                                                                                         },
                                                                                                                                                         {
                                                                                                                                                             "nameResourceKey":  "notConfigured",
                                                                                                                                                             "enabled":  true
                                                                                                                                                         }
                                                                                                                                                     ],
                                                                                                                                         "entityKey":  "showOnLockScreen",
                                                                                                                                         "booleanActions":  0,
                                                                                                                                         "policyType":  42,
                                                                                                                                         "enabled":  true
                                                                                                                                     },
                                                                                                                                     {
                                                                                                                                         "dataType":  16,
                                                                                                                                         "category":  89,
                                                                                                                                         "nameResourceKey":  "notificationsAlertTypeName",
                                                                                                                                         "descriptionResourceKey":  "notificationsAlertTypeDescription",
                                                                                                                                         "childSettings":  [

                                                                                                                                                           ],
                                                                                                                                         "options":  [
                                                                                                                                                         {
                                                                                                                                                             "nameResourceKey":  "notificationsAlertTypeNoneOption",
                                                                                                                                                             "value":  "none",
                                                                                                                                                             "enabled":  true
                                                                                                                                                         },
                                                                                                                                                         {
                                                                                                                                                             "nameResourceKey":  "notificationsAlertTypeBannerOption",
                                                                                                                                                             "value":  "banner",
                                                                                                                                                             "enabled":  true
                                                                                                                                                         },
                                                                                                                                                         {
                                                                                                                                                             "nameResourceKey":  "notificationsAlertTypeModalOption",
                                                                                                                                                             "value":  "modal",
                                                                                                                                                             "enabled":  true
                                                                                                                                                         }
                                                                                                                                                     ],
                                                                                                                                         "entityKey":  "alertType",
                                                                                                                                         "booleanActions":  0,
                                                                                                                                         "defaultValue":  "banner",
                                                                                                                                         "policyType":  42,
                                                                                                                                         "enabled":  true
                                                                                                                                     },
                                                                                                                                     {
                                                                                                                                         "dataType":  16,
                                                                                                                                         "category":  89,
                                                                                                                                         "nameResourceKey":  "notificationsShowBadgeOnAppIconName",
                                                                                                                                         "descriptionResourceKey":  "notificationsShowBadgeOnAppIconDescription",
                                                                                                                                         "childSettings":  [

                                                                                                                                                           ],
                                                                                                                                         "options":  [
                                                                                                                                                         {
                                                                                                                                                             "nameResourceKey":  "enableOption",
                                                                                                                                                             "value":  "true",
                                                                                                                                                             "enabled":  true
                                                                                                                                                         },
                                                                                                                                                         {
                                                                                                                                                             "nameResourceKey":  "disableOption",
                                                                                                                                                             "value":  "false",
                                                                                                                                                             "enabled":  true
                                                                                                                                                         },
                                                                                                                                                         {
                                                                                                                                                             "nameResourceKey":  "notConfigured",
                                                                                                                                                             "enabled":  true
                                                                                                                                                         }
                                                                                                                                                     ],
                                                                                                                                         "entityKey":  "badgesEnabled",
                                                                                                                                         "booleanActions":  0,
                                                                                                                                         "policyType":  42,
                                                                                                                                         "enabled":  true
                                                                                                                                     },
                                                                                                                                     {
                                                                                                                                         "dataType":  16,
                                                                                                                                         "category":  89,
                                                                                                                                         "nameResourceKey":  "notificationsSoundsName",
                                                                                                                                         "descriptionResourceKey":  "notificationsSoundsDescription",
                                                                                                                                         "childSettings":  [

                                                                                                                                                           ],
                                                                                                                                         "options":  [
                                                                                                                                                         {
                                                                                                                                                             "nameResourceKey":  "enableOption",
                                                                                                                                                             "value":  "true",
                                                                                                                                                             "enabled":  true
                                                                                                                                                         },
                                                                                                                                                         {
                                                                                                                                                             "nameResourceKey":  "disableOption",
                                                                                                                                                             "value":  "false",
                                                                                                                                                             "enabled":  true
                                                                                                                                                         },
                                                                                                                                                         {
                                                                                                                                                             "nameResourceKey":  "notConfigured",
                                                                                                                                                             "enabled":  true
                                                                                                                                                         }
                                                                                                                                                     ],
                                                                                                                                         "entityKey":  "soundsEnabled",
                                                                                                                                         "booleanActions":  0,
                                                                                                                                         "policyType":  42,
                                                                                                                                         "enabled":  true
                                                                                                                                     },
                                                                                                                                     {
                                                                                                                                         "dataType":  16,
                                                                                                                                         "category":  89,
                                                                                                                                         "nameResourceKey":  "notificationsPreviewTypeName",
                                                                                                                                         "descriptionResourceKey":  "notificationsPreviewTypeDescription",
                                                                                                                                         "childSettings":  [

                                                                                                                                                           ],
                                                                                                                                         "options":  [
                                                                                                                                                         {
                                                                                                                                                             "nameResourceKey":  "notConfigured",
                                                                                                                                                             "value":  "notConfigured",
                                                                                                                                                             "enabled":  true
                                                                                                                                                         },
                                                                                                                                                         {
                                                                                                                                                             "nameResourceKey":  "notificationsPreviewTypeHideWhenLockedOption",
                                                                                                                                                             "value":  "hideWhenLocked",
                                                                                                                                                             "enabled":  true
                                                                                                                                                         },
                                                                                                                                                         {
                                                                                                                                                             "nameResourceKey":  "notificationsPreviewTypeAlwaysShowOption",
                                                                                                                                                             "value":  "alwaysShow",
                                                                                                                                                             "enabled":  true
                                                                                                                                                         },
                                                                                                                                                         {
                                                                                                                                                             "nameResourceKey":  "notificationsPreviewTypeNeverShowOption",
                                                                                                                                                             "value":  "neverShow",
                                                                                                                                                             "enabled":  true
                                                                                                                                                         }
                                                                                                                                                     ],
                                                                                                                                         "entityKey":  "previewVisibility",
                                                                                                                                         "booleanActions":  0,
                                                                                                                                         "defaultValue":  "notConfigured",
                                                                                                                                         "policyType":  42,
                                                                                                                                         "enabled":  true
                                                                                                                                     }
                                                                                                                                 ],
                                                                                                               "options":  [
                                                                                                                               {
                                                                                                                                   "nameResourceKey":  "enableOption",
                                                                                                                                   "value":  "true",
                                                                                                                                   "enabled":  true
                                                                                                                               },
                                                                                                                               {
                                                                                                                                   "nameResourceKey":  "disableOption",
                                                                                                                                   "value":  "false",
                                                                                                                                   "enabled":  true
                                                                                                                               },
                                                                                                                               {
                                                                                                                                   "nameResourceKey":  "notConfigured",
                                                                                                                                   "enabled":  true
                                                                                                                               }
                                                                                                                           ],
                                                                                                               "entityKey":  "enabled",
                                                                                                               "booleanActions":  0,
                                                                                                               "policyType":  42,
                                                                                                               "enabled":  true
                                                                                                           }
                                                                                          }
                                                                                      ],
                                                                          "dataType":  21,
                                                                          "category":  89,
                                                                          "nameResourceKey":  "notificationSettingsName",
                                                                          "descriptionResourceKey":  "notificationSettingsDescription",
                                                                          "childSettings":  [

                                                                                            ],
                                                                          "options":  [

                                                                                      ],
                                                                          "entityKey":  "notificationSettings",
                                                                          "booleanActions":  0,
                                                                          "policyType":  42,
                                                                          "enabled":  true
                                                                      }
                                                                  ],
                                                "options":  [

                                                            ],
                                                "booleanActions":  0,
                                                "policyType":  42,
                                                "enabled":  true
                                            }
                                        ]
}
