{
    "password_androidforworkgeneral":  [
                                           {
                                               "isSettingDescription":  false,
                                               "showAsSectionHeader":  false,
                                               "dataType":  8,
                                               "category":  90,
                                               "nameResourceKey":  "devicePasswordHeader",
                                               "childSettings":  [

                                                                 ],
                                               "options":  [

                                                           ],
                                               "booleanActions":  0,
                                               "policyType":  13,
                                               "enabled":  true
                                           },
                                           {
                                               "isSettingDescription":  false,
                                               "showAsSectionHeader":  false,
                                               "dataType":  8,
                                               "category":  90,
                                               "nameResourceKey":  "workProfileLearnMoreText",
                                               "childSettings":  [

                                                                 ],
                                               "options":  [

                                                           ],
                                               "booleanActions":  0,
                                               "policyType":  13,
                                               "enabled":  true
                                           },
                                           {
                                               "isSettingDescription":  false,
                                               "showAsSectionHeader":  true,
                                               "dataType":  8,
                                               "category":  90,
                                               "nameResourceKey":  "allAndroidVersionsPasswordHeader",
                                               "childSettings":  [
                                                                     {
                                                                         "isSettingDescription":  false,
                                                                         "showAsSectionHeader":  false,
                                                                         "dataType":  8,
                                                                         "category":  90,
                                                                         "nameResourceKey":  "allAndroidVersionsPasswordHeaderDescription",
                                                                         "childSettings":  [

                                                                                           ],
                                                                         "options":  [

                                                                                     ],
                                                                         "booleanActions":  0,
                                                                         "policyType":  13,
                                                                         "enabled":  true
                                                                     }
                                                                 ],
                                               "options":  [

                                                           ],
                                               "booleanActions":  0,
                                               "policyType":  13,
                                               "enabled":  true
                                           },
                                           {
                                               "dataType":  16,
                                               "category":  90,
                                               "nameResourceKey":  "minutesOfInactivityBeforeScreenTurnsOffName",
                                               "descriptionResourceKey":  "minutesOfInactivityBeforeScreenTurnsOffDescription",
                                               "childSettings":  [

                                                                 ],
                                               "options":  [
                                                               {
                                                                   "nameResourceKey":  "notConfigured",
                                                                   "enabled":  true
                                                               },
                                                               {
                                                                   "nameResourceKey":  "oneMinuteOption",
                                                                   "value":  1,
                                                                   "enabled":  true
                                                               },
                                                               {
                                                                   "nameResourceKey":  "fiveMinutesOption",
                                                                   "value":  5,
                                                                   "enabled":  true
                                                               },
                                                               {
                                                                   "nameResourceKey":  "tenMinutesOption",
                                                                   "value":  10,
                                                                   "enabled":  true
                                                               },
                                                               {
                                                                   "nameResourceKey":  "fifteenMinutesOption",
                                                                   "value":  15,
                                                                   "enabled":  true
                                                               },
                                                               {
                                                                   "nameResourceKey":  "thirtyMinutesOption",
                                                                   "value":  30,
                                                                   "enabled":  true
                                                               },
                                                               {
                                                                   "nameResourceKey":  "oneHourOption",
                                                                   "value":  60,
                                                                   "enabled":  true
                                                               }
                                                           ],
                                               "entityKey":  "passwordMinutesOfInactivityBeforeScreenTimeout",
                                               "booleanActions":  0,
                                               "policyType":  13,
                                               "enabled":  true
                                           },
                                           {
                                               "dataType":  14,
                                               "category":  90,
                                               "nameResourceKey":  "numberOfSignInFailuresBeforeWipeName",
                                               "descriptionResourceKey":  "workProfileNumberOfSignInFailuresBeforeWipeDescription",
                                               "emptyValueResourceKey":  "numberOfSignInFailuresBeforeWipeEmptyValueKey",
                                               "childSettings":  [

                                                                 ],
                                               "options":  [

                                                           ],
                                               "entityKey":  "passwordSignInFailureCountBeforeFactoryReset",
                                               "booleanActions":  0,
                                               "defaultValue":  4,
                                               "policyType":  13,
                                               "enabled":  true
                                           },
                                           {
                                               "dataType":  14,
                                               "category":  90,
                                               "nameResourceKey":  "passwordExpirationInDaysName",
                                               "descriptionResourceKey":  "passwordExpirationInDaysDescription",
                                               "emptyValueResourceKey":  "passwordExpirationInDaysEmptyValueKey",
                                               "childSettings":  [

                                                                 ],
                                               "options":  [

                                                           ],
                                               "entityKey":  "passwordExpirationDays",
                                               "booleanActions":  0,
                                               "defaultValue":  41,
                                               "policyType":  13,
                                               "enabled":  false
                                           },
                                           {
                                               "dataType":  14,
                                               "category":  90,
                                               "nameResourceKey":  "passwordExpirationInDaysName",
                                               "descriptionResourceKey":  "passwordExpirationInDaysDescription",
                                               "emptyValueResourceKey":  "passwordExpirationInDaysEmptyValueOneYearKey",
                                               "childSettings":  [

                                                                 ],
                                               "options":  [

                                                           ],
                                               "entityKey":  "passwordExpirationDays",
                                               "booleanActions":  0,
                                               "defaultValue":  41,
                                               "policyType":  13,
                                               "enabled":  true
                                           },
                                           {
                                               "dataType":  14,
                                               "category":  90,
                                               "nameResourceKey":  "numberOfPreviousPasswordsToBlockName",
                                               "descriptionResourceKey":  "numberOfPreviousPasswordsToBlockDescription",
                                               "emptyValueResourceKey":  "numberOfPreviousPasswordsToBlockEmptyValueKey",
                                               "childSettings":  [

                                                                 ],
                                               "options":  [

                                                           ],
                                               "entityKey":  "passwordPreviousPasswordBlockCount",
                                               "booleanActions":  0,
                                               "defaultValue":  5,
                                               "policyType":  13,
                                               "enabled":  true
                                           },
                                           {
                                               "dataType":  0,
                                               "category":  90,
                                               "nameResourceKey":  "blockFingerprintUnlockName",
                                               "descriptionResourceKey":  "blockFingerprintUnlockDescription",
                                               "childSettings":  [

                                                                 ],
                                               "options":  [

                                                           ],
                                               "entityKey":  "passwordBlockFingerprintUnlock",
                                               "booleanActions":  3,
                                               "defaultValue":  false,
                                               "policyType":  13,
                                               "enabled":  true
                                           },
                                           {
                                               "dataType":  0,
                                               "category":  90,
                                               "nameResourceKey":  "blockFaceUnlockName",
                                               "descriptionResourceKey":  "blockFaceUnlockDescription",
                                               "childSettings":  [

                                                                 ],
                                               "options":  [

                                                           ],
                                               "entityKey":  "passwordBlockFaceUnlock",
                                               "booleanActions":  3,
                                               "defaultValue":  false,
                                               "policyType":  13,
                                               "enabled":  true
                                           },
                                           {
                                               "dataType":  0,
                                               "category":  90,
                                               "nameResourceKey":  "blockIrisUnlockName",
                                               "descriptionResourceKey":  "blockIrisUnlockDescription",
                                               "childSettings":  [

                                                                 ],
                                               "options":  [

                                                           ],
                                               "entityKey":  "passwordBlockIrisUnlock",
                                               "booleanActions":  3,
                                               "defaultValue":  false,
                                               "policyType":  13,
                                               "enabled":  true
                                           },
                                           {
                                               "dataType":  0,
                                               "category":  90,
                                               "nameResourceKey":  "blockSmartLockName",
                                               "descriptionResourceKey":  "blockSmartLockDescription",
                                               "childSettings":  [

                                                                 ],
                                               "options":  [

                                                           ],
                                               "entityKey":  "passwordBlockTrustAgents",
                                               "booleanActions":  3,
                                               "defaultValue":  false,
                                               "policyType":  13,
                                               "enabled":  true
                                           },
                                           {
                                               "isSettingDescription":  false,
                                               "showAsSectionHeader":  true,
                                               "dataType":  8,
                                               "category":  90,
                                               "nameResourceKey":  "androidTwelveAndAbovePasswordHeader",
                                               "childSettings":  [
                                                                     {
                                                                         "isSettingDescription":  false,
                                                                         "showAsSectionHeader":  false,
                                                                         "dataType":  8,
                                                                         "category":  90,
                                                                         "nameResourceKey":  "androidTwelveAndAbovePasswordHeaderDescription",
                                                                         "childSettings":  [

                                                                                           ],
                                                                         "options":  [

                                                                                     ],
                                                                         "booleanActions":  0,
                                                                         "policyType":  13,
                                                                         "enabled":  true
                                                                     }
                                                                 ],
                                               "options":  [

                                                           ],
                                               "booleanActions":  0,
                                               "policyType":  13,
                                               "enabled":  true
                                           },
                                           {
                                               "dataType":  16,
                                               "category":  90,
                                               "nameResourceKey":  "requiredPasswordComplexityName",
                                               "descriptionResourceKey":  "requiredPasswordComplexityDescription",
                                               "childSettings":  [

                                                                 ],
                                               "options":  [
                                                               {
                                                                   "nameResourceKey":  "none",
                                                                   "value":  "none",
                                                                   "enabled":  true
                                                               },
                                                               {
                                                                   "nameResourceKey":  "low",
                                                                   "value":  "low",
                                                                   "enabled":  true
                                                               },
                                                               {
                                                                   "nameResourceKey":  "medium",
                                                                   "value":  "medium",
                                                                   "enabled":  true
                                                               },
                                                               {
                                                                   "nameResourceKey":  "high",
                                                                   "value":  "high",
                                                                   "enabled":  true
                                                               }
                                                           ],
                                               "entityKey":  "requiredPasswordComplexity",
                                               "booleanActions":  0,
                                               "defaultValue":  "none",
                                               "unconfiguredValue":  "none",
                                               "policyType":  13,
                                               "enabled":  true
                                           },
                                           {
                                               "isSettingDescription":  false,
                                               "showAsSectionHeader":  true,
                                               "dataType":  8,
                                               "category":  90,
                                               "nameResourceKey":  "androidElevenAndBelowPasswordHeader",
                                               "childSettings":  [
                                                                     {
                                                                         "isSettingDescription":  false,
                                                                         "showAsSectionHeader":  false,
                                                                         "dataType":  8,
                                                                         "category":  90,
                                                                         "nameResourceKey":  "androidElevenAndBelowPasswordHeaderDescription",
                                                                         "childSettings":  [

                                                                                           ],
                                                                         "options":  [

                                                                                     ],
                                                                         "booleanActions":  0,
                                                                         "policyType":  13,
                                                                         "enabled":  true
                                                                     }
                                                                 ],
                                               "options":  [

                                                           ],
                                               "booleanActions":  0,
                                               "policyType":  13,
                                               "enabled":  true
                                           },
                                           {
                                               "dataType":  16,
                                               "category":  90,
                                               "nameResourceKey":  "requiredPasswordTypeName",
                                               "descriptionResourceKey":  "requiredPasswordTypeDescription",
                                               "emptyValueResourceKey":  "passwordExpirationInDaysEmptyValueKey",
                                               "childSettings":  [

                                                                 ],
                                               "options":  [
                                                               {
                                                                   "nameResourceKey":  "deviceDefault",
                                                                   "value":  "deviceDefault",
                                                                   "enabled":  true
                                                               },
                                                               {
                                                                   "nameResourceKey":  "lowSecurityBiometricOption",
                                                                   "value":  "lowSecurityBiometric",
                                                                   "enabled":  true
                                                               },
                                                               {
                                                                   "nameResourceKey":  "required",
                                                                   "value":  "required",
                                                                   "enabled":  true
                                                               },
                                                               {
                                                                   "nameResourceKey":  "atLeastNumericOption",
                                                                   "value":  "atLeastNumeric",
                                                                   "enabled":  true
                                                               },
                                                               {
                                                                   "nameResourceKey":  "numericComplex",
                                                                   "value":  "numericComplex",
                                                                   "enabled":  true
                                                               },
                                                               {
                                                                   "nameResourceKey":  "atLeastAlphabeticOption",
                                                                   "value":  "atLeastAlphabetic",
                                                                   "enabled":  true
                                                               },
                                                               {
                                                                   "nameResourceKey":  "atLeastAlphanumericOption",
                                                                   "value":  "atLeastAlphanumeric",
                                                                   "enabled":  true
                                                               },
                                                               {
                                                                   "nameResourceKey":  "atLeastAlphanumericWithSymbolsOption",
                                                                   "value":  "alphanumericWithSymbols",
                                                                   "enabled":  true
                                                               }
                                                           ],
                                               "entityKey":  "passwordRequiredType",
                                               "booleanActions":  0,
                                               "defaultValue":  "atLeastNumeric",
                                               "unconfiguredValue":  "atLeastNumeric",
                                               "policyType":  13,
                                               "enabled":  true
                                           },
                                           {
                                               "dataType":  14,
                                               "category":  90,
                                               "nameResourceKey":  "minimumPasswordLengthName",
                                               "descriptionResourceKey":  "minimumPasswordLengthDescription",
                                               "emptyValueResourceKey":  "minimumPasswordLengthEmptyValueKeyFourToSixteen",
                                               "childSettings":  [

                                                                 ],
                                               "options":  [

                                                           ],
                                               "entityKey":  "passwordMinimumLength",
                                               "booleanActions":  0,
                                               "defaultValue":  4,
                                               "policyType":  13,
                                               "enabled":  true
                                           }
                                       ]
}
