{
    "personalization_windows10general":  {
                                             "dataType":  20,
                                             "category":  91,
                                             "nameResourceKey":  "personalizationDesktopImageUrlName",
                                             "descriptionResourceKey":  "personalizationDesktopImageUrlDescription",
                                             "emptyValueResourceKey":  "personalizationImageUrlExample",
                                             "childSettings":  [

                                                               ],
                                             "options":  [

                                                         ],
                                             "entityKey":  "personalizationDesktopImageUrl",
                                             "booleanActions":  0,
                                             "policyType":  79,
                                             "enabled":  true
                                         }
}
