{
    "pkcs_androidpkcs":  [
                             {
                                 "dataType":  14,
                                 "category":  93,
                                 "nameResourceKey":  "sCEPPolicyRenewalThresholdName",
                                 "descriptionResourceKey":  "sCEPPolicyRenewalThresholdDescription",
                                 "childSettings":  [

                                                   ],
                                 "options":  [

                                             ],
                                 "entityKey":  "renewalThresholdPercentage",
                                 "booleanActions":  0,
                                 "policyType":  22,
                                 "enabled":  true
                             },
                             {
                                 "scaleOptions":  [
                                                      {
                                                          "nameResourceKey":  "days",
                                                          "value":  "days",
                                                          "enabled":  true
                                                      },
                                                      {
                                                          "nameResourceKey":  "months",
                                                          "value":  "months",
                                                          "enabled":  true
                                                      },
                                                      {
                                                          "nameResourceKey":  "years",
                                                          "value":  "years",
                                                          "enabled":  true
                                                      }
                                                  ],
                                 "scaleEntityKey":  "certificateValidityPeriodScale",
                                 "defaultScale":  "years",
                                 "dataType":  22,
                                 "category":  93,
                                 "nameResourceKey":  "sCEPPolicyCertificateValidityPeriodName",
                                 "descriptionResourceKey":  "sCEPPolicyCertificateValidityPeriodDescription",
                                 "childSettings":  [

                                                   ],
                                 "options":  [

                                             ],
                                 "entityKey":  "certificateValidityPeriodValue",
                                 "booleanActions":  0,
                                 "policyType":  22,
                                 "enabled":  true
                             },
                             {
                                 "dataType":  20,
                                 "category":  93,
                                 "nameResourceKey":  "pKCSPolicyCertificationAuthorityName",
                                 "descriptionResourceKey":  "pKCSPolicyCertificationAuthorityNameDescription",
                                 "childSettings":  [

                                                   ],
                                 "options":  [

                                             ],
                                 "entityKey":  "certificationAuthority",
                                 "booleanActions":  0,
                                 "defaultValue":  "",
                                 "policyType":  22,
                                 "enabled":  true
                             },
                             {
                                 "dataType":  20,
                                 "category":  93,
                                 "nameResourceKey":  "pKCSPolicyCertificationAuthorityNameName",
                                 "descriptionResourceKey":  "pKCSPolicyCertificationAuthorityNameNameDescription",
                                 "childSettings":  [

                                                   ],
                                 "options":  [

                                             ],
                                 "entityKey":  "certificationAuthorityName",
                                 "booleanActions":  0,
                                 "defaultValue":  "",
                                 "policyType":  22,
                                 "enabled":  true
                             },
                             {
                                 "dataType":  20,
                                 "category":  93,
                                 "nameResourceKey":  "pKCSPolicyCertificateTemplateNameName",
                                 "descriptionResourceKey":  "empty",
                                 "childSettings":  [

                                                   ],
                                 "options":  [

                                             ],
                                 "entityKey":  "certificateTemplateName",
                                 "booleanActions":  0,
                                 "defaultValue":  "",
                                 "policyType":  22,
                                 "enabled":  true
                             },
                             {
                                 "dataType":  16,
                                 "category":  93,
                                 "nameResourceKey":  "sCEPPolicySubjectNameFormatName",
                                 "descriptionResourceKey":  "empty",
                                 "childSettings":  [

                                                   ],
                                 "options":  [
                                                 {
                                                     "nameResourceKey":  "notConfigured",
                                                     "enabled":  true
                                                 },
                                                 {
                                                     "nameResourceKey":  "sCEPPolicySubjectNameFormatCommonName",
                                                     "value":  "commonName",
                                                     "enabled":  true
                                                 },
                                                 {
                                                     "nameResourceKey":  "sCEPPolicySubjectNameFormatCommonNameAndEmailAddress",
                                                     "value":  "commonNameIncludingEmail",
                                                     "enabled":  true
                                                 },
                                                 {
                                                     "nameResourceKey":  "sCEPPolicySubjectNameFormatCommonNameAsEmail",
                                                     "value":  "commonNameAsEmail",
                                                     "enabled":  true
                                                 }
                                             ],
                                 "entityKey":  "subjectNameFormat",
                                 "booleanActions":  0,
                                 "policyType":  22,
                                 "enabled":  true
                             },
                             {
                                 "dataType":  13,
                                 "category":  93,
                                 "nameResourceKey":  "PolicySubjectAlternativeName",
                                 "descriptionResourceKey":  "empty",
                                 "emptyValueResourceKey":  "notConfigured",
                                 "childSettings":  [

                                                   ],
                                 "options":  [
                                                 {
                                                     "nameResourceKey":  "PolicyEmailAddress",
                                                     "value":  "emailAddress",
                                                     "enabled":  true
                                                 },
                                                 {
                                                     "nameResourceKey":  "PolicyUserPrincipalName",
                                                     "value":  "userPrincipalName",
                                                     "enabled":  true
                                                 }
                                             ],
                                 "entityKey":  "subjectAlternativeNameType",
                                 "booleanActions":  0,
                                 "policyType":  22,
                                 "enabled":  false
                             },
                             {
                                 "dataType":  13,
                                 "category":  93,
                                 "nameResourceKey":  "PolicySubjectAlternativeName",
                                 "descriptionResourceKey":  "empty",
                                 "emptyValueResourceKey":  "notConfigured",
                                 "childSettings":  [

                                                   ],
                                 "options":  [
                                                 {
                                                     "nameResourceKey":  "PolicyEmailAddress",
                                                     "value":  "emailAddress",
                                                     "enabled":  true
                                                 },
                                                 {
                                                     "nameResourceKey":  "PolicyUserPrincipalName",
                                                     "value":  "userPrincipalName",
                                                     "enabled":  true
                                                 },
                                                 {
                                                     "nameResourceKey":  "sCEPPolicyCustomAADAttribute",
                                                     "value":  "customAzureADAttribute",
                                                     "children":  [
                                                                      {
                                                                          "dataType":  16,
                                                                          "category":  93,
                                                                          "nameResourceKey":  "sCEPPolicyCustomAADAttribute",
                                                                          "descriptionResourceKey":  "empty",
                                                                          "childSettings":  [

                                                                                            ],
                                                                          "options":  [
                                                                                          {
                                                                                              "nameResourceKey":  "notConfigured",
                                                                                              "enabled":  true
                                                                                          },
                                                                                          {
                                                                                              "nameResourceKey":  "pKCSPolicyAADAttributeDepartment",
                                                                                              "value":  "Department",
                                                                                              "enabled":  true
                                                                                          }
                                                                                      ],
                                                                          "entityKey":  "subjectAlternativeNameFormatString",
                                                                          "booleanActions":  0,
                                                                          "policyType":  22,
                                                                          "enabled":  true
                                                                      }
                                                                  ],
                                                     "enabled":  true
                                                 }
                                             ],
                                 "entityKey":  "subjectAlternativeNameType",
                                 "booleanActions":  0,
                                 "policyType":  22,
                                 "enabled":  true
                             },
                             {
                                 "columns":  [
                                                 {
                                                     "metadata":  {
                                                                      "dataType":  20,
                                                                      "category":  93,
                                                                      "nameResourceKey":  "eDPPolicyAppsListNameName",
                                                                      "descriptionResourceKey":  "empty",
                                                                      "childSettings":  [

                                                                                        ],
                                                                      "options":  [

                                                                                  ],
                                                                      "entityKey":  "name",
                                                                      "booleanActions":  0,
                                                                      "policyType":  22,
                                                                      "enabled":  true
                                                                  }
                                                 },
                                                 {
                                                     "metadata":  {
                                                                      "dataType":  20,
                                                                      "category":  93,
                                                                      "nameResourceKey":  "sCEPPolicyObjectIdentifierColumnName",
                                                                      "descriptionResourceKey":  "empty",
                                                                      "childSettings":  [

                                                                                        ],
                                                                      "options":  [

                                                                                  ],
                                                                      "entityKey":  "objectIdentifier",
                                                                      "booleanActions":  0,
                                                                      "policyType":  22,
                                                                      "enabled":  true
                                                                  }
                                                 }
                                             ],
                                 "dataType":  21,
                                 "category":  93,
                                 "nameResourceKey":  "sCEPPolicyExtendedKeyUsageName",
                                 "descriptionResourceKey":  "sCEPPolicyExtendedKeyUsageDescription",
                                 "childSettings":  [

                                                   ],
                                 "options":  [

                                             ],
                                 "entityKey":  "extendedKeyUsages",
                                 "booleanActions":  0,
                                 "policyType":  22,
                                 "enabled":  true
                             },
                             {
                                 "complexOptions":  [
                                                        {
                                                            "dataType":  4,
                                                            "category":  93,
                                                            "nameResourceKey":  "sCEPPolicySelectRootCertificateName",
                                                            "descriptionResourceKey":  "SCEPPolicySelectRootCertificateName",
                                                            "childSettings":  [

                                                                              ],
                                                            "options":  [

                                                                        ],
                                                            "entityKey":  "rootCertificate",
                                                            "booleanActions":  0,
                                                            "unconfiguredValue":  "notConfigured",
                                                            "policyType":  22,
                                                            "enabled":  true
                                                        }
                                                    ],
                                 "dataType":  5,
                                 "category":  93,
                                 "nameResourceKey":  "sCEPPolicySelectRootCertificateName",
                                 "descriptionResourceKey":  "sCEPPolicySelectRootCertificateDescription",
                                 "emptyValueResourceKey":  "selectCertificate",
                                 "childSettings":  [

                                                   ],
                                 "options":  [

                                             ],
                                 "booleanActions":  0,
                                 "policyType":  22,
                                 "enabled":  true
                             }
                         ]
}
