{
    "powersettings_androiddeviceownergeneral":  [
                                                    {
                                                        "isSettingDescription":  false,
                                                        "showAsSectionHeader":  false,
                                                        "dataType":  8,
                                                        "category":  96,
                                                        "nameResourceKey":  "workProfileHeaderDescription",
                                                        "descriptionResourceKey":  "",
                                                        "childSettings":  [

                                                                          ],
                                                        "options":  [

                                                                    ],
                                                        "booleanActions":  0,
                                                        "policyType":  2,
                                                        "enabled":  true
                                                    },
                                                    {
                                                        "isSettingDescription":  false,
                                                        "showAsSectionHeader":  true,
                                                        "dataType":  8,
                                                        "category":  96,
                                                        "nameResourceKey":  "allAndroidCorpEnrollmentTypesHeaderName",
                                                        "descriptionResourceKey":  "allAndroidCorpEnrollmentTypesHeaderDescription",
                                                        "childSettings":  [
                                                                              {
                                                                                  "dataType":  16,
                                                                                  "category":  96,
                                                                                  "nameResourceKey":  "timeToLockScreenName",
                                                                                  "descriptionResourceKey":  "timeToLockScreenDescription",
                                                                                  "childSettings":  [

                                                                                                    ],
                                                                                  "options":  [
                                                                                                  {
                                                                                                      "nameResourceKey":  "notConfigured",
                                                                                                      "enabled":  true
                                                                                                  },
                                                                                                  {
                                                                                                      "nameResourceKey":  "oneMinute",
                                                                                                      "value":  1,
                                                                                                      "enabled":  true
                                                                                                  },
                                                                                                  {
                                                                                                      "nameResourceKey":  "fiveMinutes",
                                                                                                      "value":  5,
                                                                                                      "enabled":  true
                                                                                                  },
                                                                                                  {
                                                                                                      "nameResourceKey":  "tenMinutes",
                                                                                                      "value":  10,
                                                                                                      "enabled":  true
                                                                                                  },
                                                                                                  {
                                                                                                      "nameResourceKey":  "fifteenMinutes",
                                                                                                      "value":  15,
                                                                                                      "enabled":  true
                                                                                                  },
                                                                                                  {
                                                                                                      "nameResourceKey":  "thirtyMinutes",
                                                                                                      "value":  30,
                                                                                                      "enabled":  true
                                                                                                  },
                                                                                                  {
                                                                                                      "nameResourceKey":  "oneHour",
                                                                                                      "value":  60,
                                                                                                      "enabled":  true
                                                                                                  }
                                                                                              ],
                                                                                  "entityKey":  "passwordMinutesOfInactivityBeforeScreenTimeout",
                                                                                  "booleanActions":  0,
                                                                                  "policyType":  2,
                                                                                  "enabled":  true
                                                                              }
                                                                          ],
                                                        "options":  [

                                                                    ],
                                                        "booleanActions":  0,
                                                        "policyType":  2,
                                                        "enabled":  true
                                                    },
                                                    {
                                                        "isSettingDescription":  false,
                                                        "showAsSectionHeader":  true,
                                                        "dataType":  8,
                                                        "category":  96,
                                                        "nameResourceKey":  "fullyManagedAndDedicatedAndroidEnrollmentTypesHeaderName",
                                                        "descriptionResourceKey":  "fullyManagedAndDedicatedAndroidEnrollmentTypesHeaderDescription",
                                                        "childSettings":  [
                                                                              {
                                                                                  "dataType":  13,
                                                                                  "category":  96,
                                                                                  "nameResourceKey":  "stayOnPluggedModesName",
                                                                                  "descriptionResourceKey":  "stayOnPluggedModesDescription",
                                                                                  "childSettings":  [

                                                                                                    ],
                                                                                  "options":  [
                                                                                                  {
                                                                                                      "nameResourceKey":  "aCOption",
                                                                                                      "value":  "ac",
                                                                                                      "enabled":  true
                                                                                                  },
                                                                                                  {
                                                                                                      "nameResourceKey":  "uSBOption",
                                                                                                      "value":  "usb",
                                                                                                      "enabled":  true
                                                                                                  },
                                                                                                  {
                                                                                                      "nameResourceKey":  "wirelessOption",
                                                                                                      "value":  "wireless",
                                                                                                      "enabled":  true
                                                                                                  }
                                                                                              ],
                                                                                  "entityKey":  "stayOnModesList",
                                                                                  "booleanActions":  0,
                                                                                  "policyType":  2,
                                                                                  "enabled":  true
                                                                              }
                                                                          ],
                                                        "options":  [

                                                                    ],
                                                        "booleanActions":  0,
                                                        "policyType":  2,
                                                        "enabled":  true
                                                    }
                                                ]
}
