{
    "printer_windows10general":  [
                                     {
                                         "columns":  [
                                                         {
                                                             "metadata":  {
                                                                              "dataType":  20,
                                                                              "category":  97,
                                                                              "nameResourceKey":  "printersColumns",
                                                                              "childSettings":  [

                                                                                                ],
                                                                              "options":  [

                                                                                          ],
                                                                              "entityKey":  "printersColumns",
                                                                              "booleanActions":  0,
                                                                              "policyType":  79,
                                                                              "enabled":  true
                                                                          }
                                                         }
                                                     ],
                                         "dataType":  21,
                                         "category":  97,
                                         "nameResourceKey":  "printersName",
                                         "descriptionResourceKey":  "printersDescription",
                                         "childSettings":  [

                                                           ],
                                         "options":  [

                                                     ],
                                         "entityKey":  "printerNames",
                                         "booleanActions":  0,
                                         "policyType":  79,
                                         "enabled":  true
                                     },
                                     {
                                         "dataType":  20,
                                         "category":  97,
                                         "nameResourceKey":  "defaultPrinterName",
                                         "descriptionResourceKey":  "defaultPrinterDescription",
                                         "emptyValueResourceKey":  "defaultPrinterExample",
                                         "childSettings":  [

                                                           ],
                                         "options":  [

                                                     ],
                                         "entityKey":  "printerDefaultName",
                                         "booleanActions":  0,
                                         "policyType":  79,
                                         "enabled":  true
                                     },
                                     {
                                         "dataType":  0,
                                         "category":  97,
                                         "nameResourceKey":  "blockAddNewPrintersName",
                                         "descriptionResourceKey":  "blockAddNewPrintersDescription",
                                         "childSettings":  [

                                                           ],
                                         "options":  [

                                                     ],
                                         "entityKey":  "printerBlockAddition",
                                         "booleanActions":  3,
                                         "defaultValue":  false,
                                         "policyType":  79,
                                         "enabled":  true
                                     }
                                 ]
}
