{
    "privacyperapp_windows10general":  {
                                           "columns":  [
                                                           {
                                                               "metadata":  {
                                                                                "dataType":  20,
                                                                                "category":  99,
                                                                                "nameResourceKey":  "packageName",
                                                                                "descriptionResourceKey":  "appPackageFamilyNameDescription",
                                                                                "emptyValueResourceKey":  "windows10AppPackageFamilyNameExample",
                                                                                "childSettings":  [

                                                                                                  ],
                                                                                "options":  [

                                                                                            ],
                                                                                "entityKey":  "appPackageName",
                                                                                "booleanActions":  0,
                                                                                "policyType":  79,
                                                                                "enabled":  true
                                                                            }
                                                           },
                                                           {
                                                               "metadata":  {
                                                                                "dataType":  20,
                                                                                "category":  99,
                                                                                "nameResourceKey":  "appNameName",
                                                                                "descriptionResourceKey":  "empty",
                                                                                "childSettings":  [

                                                                                                  ],
                                                                                "options":  [

                                                                                            ],
                                                                                "entityKey":  "appName",
                                                                                "booleanActions":  0,
                                                                                "policyType":  79,
                                                                                "enabled":  true
                                                                            }
                                                           },
                                                           {
                                                               "metadata":  {
                                                                                "dataType":  8,
                                                                                "category":  99,
                                                                                "nameResourceKey":  "exceptions",
                                                                                "descriptionResourceKey":  "empty",
                                                                                "childSettings":  [
                                                                                                      {
                                                                                                          "dataType":  16,
                                                                                                          "category":  99,
                                                                                                          "nameResourceKey":  "privacyLetAppsAccessAccountInfoName",
                                                                                                          "descriptionResourceKey":  "privacyLetAppsAccessAccountInfoPerAppDescription",
                                                                                                          "childSettings":  [

                                                                                                                            ],
                                                                                                          "options":  [
                                                                                                                          {
                                                                                                                              "nameResourceKey":  "notConfigured",
                                                                                                                              "enabled":  true
                                                                                                                          },
                                                                                                                          {
                                                                                                                              "nameResourceKey":  "allowOption",
                                                                                                                              "value":  "forceAllow",
                                                                                                                              "enabled":  true
                                                                                                                          },
                                                                                                                          {
                                                                                                                              "nameResourceKey":  "blockOption",
                                                                                                                              "value":  "forceDeny",
                                                                                                                              "enabled":  true
                                                                                                                          },
                                                                                                                          {
                                                                                                                              "nameResourceKey":  "userControlOption",
                                                                                                                              "value":  "userInControl",
                                                                                                                              "enabled":  true
                                                                                                                          }
                                                                                                                      ],
                                                                                                          "entityKey":  "accountInfo",
                                                                                                          "booleanActions":  0,
                                                                                                          "policyType":  79,
                                                                                                          "enabled":  true
                                                                                                      },
                                                                                                      {
                                                                                                          "dataType":  16,
                                                                                                          "category":  99,
                                                                                                          "nameResourceKey":  "privacyLetAppsRunInBackgroundName",
                                                                                                          "descriptionResourceKey":  "privacyLetAppsAccessBackgroundAppsPerAppDescription",
                                                                                                          "childSettings":  [

                                                                                                                            ],
                                                                                                          "options":  [
                                                                                                                          {
                                                                                                                              "nameResourceKey":  "notConfigured",
                                                                                                                              "enabled":  true
                                                                                                                          },
                                                                                                                          {
                                                                                                                              "nameResourceKey":  "allowOption",
                                                                                                                              "value":  "forceAllow",
                                                                                                                              "enabled":  true
                                                                                                                          },
                                                                                                                          {
                                                                                                                              "nameResourceKey":  "blockOption",
                                                                                                                              "value":  "forceDeny",
                                                                                                                              "enabled":  true
                                                                                                                          },
                                                                                                                          {
                                                                                                                              "nameResourceKey":  "userControlOption",
                                                                                                                              "value":  "userInControl",
                                                                                                                              "enabled":  true
                                                                                                                          }
                                                                                                                      ],
                                                                                                          "entityKey":  "appsRunInBackground",
                                                                                                          "booleanActions":  0,
                                                                                                          "policyType":  79,
                                                                                                          "enabled":  true
                                                                                                      },
                                                                                                      {
                                                                                                          "dataType":  16,
                                                                                                          "category":  99,
                                                                                                          "nameResourceKey":  "privacyLetAppsAccessCalendarName",
                                                                                                          "descriptionResourceKey":  "privacyLetAppsAccessCalendarPerAppDescription",
                                                                                                          "childSettings":  [

                                                                                                                            ],
                                                                                                          "options":  [
                                                                                                                          {
                                                                                                                              "nameResourceKey":  "notConfigured",
                                                                                                                              "enabled":  true
                                                                                                                          },
                                                                                                                          {
                                                                                                                              "nameResourceKey":  "allowOption",
                                                                                                                              "value":  "forceAllow",
                                                                                                                              "enabled":  true
                                                                                                                          },
                                                                                                                          {
                                                                                                                              "nameResourceKey":  "blockOption",
                                                                                                                              "value":  "forceDeny",
                                                                                                                              "enabled":  true
                                                                                                                          },
                                                                                                                          {
                                                                                                                              "nameResourceKey":  "userControlOption",
                                                                                                                              "value":  "userInControl",
                                                                                                                              "enabled":  true
                                                                                                                          }
                                                                                                                      ],
                                                                                                          "entityKey":  "calendar",
                                                                                                          "booleanActions":  0,
                                                                                                          "policyType":  79,
                                                                                                          "enabled":  true
                                                                                                      },
                                                                                                      {
                                                                                                          "dataType":  16,
                                                                                                          "category":  99,
                                                                                                          "nameResourceKey":  "privacyLetAppsAccessCallHistoryName",
                                                                                                          "descriptionResourceKey":  "privacyLetAppsAccessCallHistoryPerAppDescription",
                                                                                                          "childSettings":  [

                                                                                                                            ],
                                                                                                          "options":  [
                                                                                                                          {
                                                                                                                              "nameResourceKey":  "notConfigured",
                                                                                                                              "enabled":  true
                                                                                                                          },
                                                                                                                          {
                                                                                                                              "nameResourceKey":  "allowOption",
                                                                                                                              "value":  "forceAllow",
                                                                                                                              "enabled":  true
                                                                                                                          },
                                                                                                                          {
                                                                                                                              "nameResourceKey":  "blockOption",
                                                                                                                              "value":  "forceDeny",
                                                                                                                              "enabled":  true
                                                                                                                          },
                                                                                                                          {
                                                                                                                              "nameResourceKey":  "userControlOption",
                                                                                                                              "value":  "userInControl",
                                                                                                                              "enabled":  true
                                                                                                                          }
                                                                                                                      ],
                                                                                                          "entityKey":  "callHistory",
                                                                                                          "booleanActions":  0,
                                                                                                          "policyType":  79,
                                                                                                          "enabled":  true
                                                                                                      },
                                                                                                      {
                                                                                                          "dataType":  16,
                                                                                                          "category":  99,
                                                                                                          "nameResourceKey":  "privacyLetAppsAccessCameraName",
                                                                                                          "descriptionResourceKey":  "privacyLetAppsAccessCameraPerAppDescription",
                                                                                                          "childSettings":  [

                                                                                                                            ],
                                                                                                          "options":  [
                                                                                                                          {
                                                                                                                              "nameResourceKey":  "notConfigured",
                                                                                                                              "enabled":  true
                                                                                                                          },
                                                                                                                          {
                                                                                                                              "nameResourceKey":  "allowOption",
                                                                                                                              "value":  "forceAllow",
                                                                                                                              "enabled":  true
                                                                                                                          },
                                                                                                                          {
                                                                                                                              "nameResourceKey":  "blockOption",
                                                                                                                              "value":  "forceDeny",
                                                                                                                              "enabled":  true
                                                                                                                          },
                                                                                                                          {
                                                                                                                              "nameResourceKey":  "userControlOption",
                                                                                                                              "value":  "userInControl",
                                                                                                                              "enabled":  true
                                                                                                                          }
                                                                                                                      ],
                                                                                                          "entityKey":  "camera",
                                                                                                          "booleanActions":  0,
                                                                                                          "policyType":  79,
                                                                                                          "enabled":  true
                                                                                                      },
                                                                                                      {
                                                                                                          "dataType":  16,
                                                                                                          "category":  99,
                                                                                                          "nameResourceKey":  "privacyLetAppsAccessContactsName",
                                                                                                          "descriptionResourceKey":  "privacyLetAppsAccessContactsPerAppDescription",
                                                                                                          "childSettings":  [

                                                                                                                            ],
                                                                                                          "options":  [
                                                                                                                          {
                                                                                                                              "nameResourceKey":  "notConfigured",
                                                                                                                              "enabled":  true
                                                                                                                          },
                                                                                                                          {
                                                                                                                              "nameResourceKey":  "allowOption",
                                                                                                                              "value":  "forceAllow",
                                                                                                                              "enabled":  true
                                                                                                                          },
                                                                                                                          {
                                                                                                                              "nameResourceKey":  "blockOption",
                                                                                                                              "value":  "forceDeny",
                                                                                                                              "enabled":  true
                                                                                                                          },
                                                                                                                          {
                                                                                                                              "nameResourceKey":  "userControlOption",
                                                                                                                              "value":  "userInControl",
                                                                                                                              "enabled":  true
                                                                                                                          }
                                                                                                                      ],
                                                                                                          "entityKey":  "contacts",
                                                                                                          "booleanActions":  0,
                                                                                                          "policyType":  79,
                                                                                                          "enabled":  true
                                                                                                      },
                                                                                                      {
                                                                                                          "dataType":  16,
                                                                                                          "category":  99,
                                                                                                          "nameResourceKey":  "privacyLetAppsAccessEmailName",
                                                                                                          "descriptionResourceKey":  "privacyLetAppsAccessEmailPerAppDescription",
                                                                                                          "childSettings":  [

                                                                                                                            ],
                                                                                                          "options":  [
                                                                                                                          {
                                                                                                                              "nameResourceKey":  "notConfigured",
                                                                                                                              "enabled":  true
                                                                                                                          },
                                                                                                                          {
                                                                                                                              "nameResourceKey":  "allowOption",
                                                                                                                              "value":  "forceAllow",
                                                                                                                              "enabled":  true
                                                                                                                          },
                                                                                                                          {
                                                                                                                              "nameResourceKey":  "blockOption",
                                                                                                                              "value":  "forceDeny",
                                                                                                                              "enabled":  true
                                                                                                                          },
                                                                                                                          {
                                                                                                                              "nameResourceKey":  "userControlOption",
                                                                                                                              "value":  "userInControl",
                                                                                                                              "enabled":  true
                                                                                                                          }
                                                                                                                      ],
                                                                                                          "entityKey":  "email",
                                                                                                          "booleanActions":  0,
                                                                                                          "policyType":  79,
                                                                                                          "enabled":  true
                                                                                                      },
                                                                                                      {
                                                                                                          "dataType":  16,
                                                                                                          "category":  99,
                                                                                                          "nameResourceKey":  "privacyLetAppsAccessLocationName",
                                                                                                          "descriptionResourceKey":  "privacyLetAppsAccessLocationPerAppDescription",
                                                                                                          "childSettings":  [

                                                                                                                            ],
                                                                                                          "options":  [
                                                                                                                          {
                                                                                                                              "nameResourceKey":  "notConfigured",
                                                                                                                              "enabled":  true
                                                                                                                          },
                                                                                                                          {
                                                                                                                              "nameResourceKey":  "allowOption",
                                                                                                                              "value":  "forceAllow",
                                                                                                                              "enabled":  true
                                                                                                                          },
                                                                                                                          {
                                                                                                                              "nameResourceKey":  "blockOption",
                                                                                                                              "value":  "forceDeny",
                                                                                                                              "enabled":  true
                                                                                                                          },
                                                                                                                          {
                                                                                                                              "nameResourceKey":  "userControlOption",
                                                                                                                              "value":  "userInControl",
                                                                                                                              "enabled":  true
                                                                                                                          }
                                                                                                                      ],
                                                                                                          "entityKey":  "location",
                                                                                                          "booleanActions":  0,
                                                                                                          "policyType":  79,
                                                                                                          "enabled":  true
                                                                                                      },
                                                                                                      {
                                                                                                          "dataType":  16,
                                                                                                          "category":  99,
                                                                                                          "nameResourceKey":  "privacyLetAppsAccessMessagingName",
                                                                                                          "descriptionResourceKey":  "privacyLetAppsAccessMessagingPerAppDescription",
                                                                                                          "childSettings":  [

                                                                                                                            ],
                                                                                                          "options":  [
                                                                                                                          {
                                                                                                                              "nameResourceKey":  "notConfigured",
                                                                                                                              "enabled":  true
                                                                                                                          },
                                                                                                                          {
                                                                                                                              "nameResourceKey":  "allowOption",
                                                                                                                              "value":  "forceAllow",
                                                                                                                              "enabled":  true
                                                                                                                          },
                                                                                                                          {
                                                                                                                              "nameResourceKey":  "blockOption",
                                                                                                                              "value":  "forceDeny",
                                                                                                                              "enabled":  true
                                                                                                                          },
                                                                                                                          {
                                                                                                                              "nameResourceKey":  "userControlOption",
                                                                                                                              "value":  "userInControl",
                                                                                                                              "enabled":  true
                                                                                                                          }
                                                                                                                      ],
                                                                                                          "entityKey":  "messaging",
                                                                                                          "booleanActions":  0,
                                                                                                          "policyType":  79,
                                                                                                          "enabled":  true
                                                                                                      },
                                                                                                      {
                                                                                                          "dataType":  16,
                                                                                                          "category":  99,
                                                                                                          "nameResourceKey":  "privacyLetAppsAccessMicrophoneName",
                                                                                                          "descriptionResourceKey":  "privacyLetAppsAccessMicrophonePerAppDescription",
                                                                                                          "childSettings":  [

                                                                                                                            ],
                                                                                                          "options":  [
                                                                                                                          {
                                                                                                                              "nameResourceKey":  "notConfigured",
                                                                                                                              "enabled":  true
                                                                                                                          },
                                                                                                                          {
                                                                                                                              "nameResourceKey":  "allowOption",
                                                                                                                              "value":  "forceAllow",
                                                                                                                              "enabled":  true
                                                                                                                          },
                                                                                                                          {
                                                                                                                              "nameResourceKey":  "blockOption",
                                                                                                                              "value":  "forceDeny",
                                                                                                                              "enabled":  true
                                                                                                                          },
                                                                                                                          {
                                                                                                                              "nameResourceKey":  "userControlOption",
                                                                                                                              "value":  "userInControl",
                                                                                                                              "enabled":  true
                                                                                                                          }
                                                                                                                      ],
                                                                                                          "entityKey":  "microphone",
                                                                                                          "booleanActions":  0,
                                                                                                          "policyType":  79,
                                                                                                          "enabled":  true
                                                                                                      },
                                                                                                      {
                                                                                                          "dataType":  16,
                                                                                                          "category":  99,
                                                                                                          "nameResourceKey":  "privacyLetAppsAccessMotionName",
                                                                                                          "descriptionResourceKey":  "privacyLetAppsAccessMotionPerAppDescription",
                                                                                                          "childSettings":  [

                                                                                                                            ],
                                                                                                          "options":  [
                                                                                                                          {
                                                                                                                              "nameResourceKey":  "notConfigured",
                                                                                                                              "enabled":  true
                                                                                                                          },
                                                                                                                          {
                                                                                                                              "nameResourceKey":  "allowOption",
                                                                                                                              "value":  "forceAllow",
                                                                                                                              "enabled":  true
                                                                                                                          },
                                                                                                                          {
                                                                                                                              "nameResourceKey":  "blockOption",
                                                                                                                              "value":  "forceDeny",
                                                                                                                              "enabled":  true
                                                                                                                          },
                                                                                                                          {
                                                                                                                              "nameResourceKey":  "userControlOption",
                                                                                                                              "value":  "userInControl",
                                                                                                                              "enabled":  true
                                                                                                                          }
                                                                                                                      ],
                                                                                                          "entityKey":  "motion",
                                                                                                          "booleanActions":  0,
                                                                                                          "policyType":  79,
                                                                                                          "enabled":  true
                                                                                                      },
                                                                                                      {
                                                                                                          "dataType":  16,
                                                                                                          "category":  99,
                                                                                                          "nameResourceKey":  "privacyLetAppsAccessNotificationsName",
                                                                                                          "descriptionResourceKey":  "privacyLetAppsAccessNotificationsPerAppDescription",
                                                                                                          "childSettings":  [

                                                                                                                            ],
                                                                                                          "options":  [
                                                                                                                          {
                                                                                                                              "nameResourceKey":  "notConfigured",
                                                                                                                              "enabled":  true
                                                                                                                          },
                                                                                                                          {
                                                                                                                              "nameResourceKey":  "allowOption",
                                                                                                                              "value":  "forceAllow",
                                                                                                                              "enabled":  true
                                                                                                                          },
                                                                                                                          {
                                                                                                                              "nameResourceKey":  "blockOption",
                                                                                                                              "value":  "forceDeny",
                                                                                                                              "enabled":  true
                                                                                                                          },
                                                                                                                          {
                                                                                                                              "nameResourceKey":  "userControlOption",
                                                                                                                              "value":  "userInControl",
                                                                                                                              "enabled":  true
                                                                                                                          }
                                                                                                                      ],
                                                                                                          "entityKey":  "notifications",
                                                                                                          "booleanActions":  0,
                                                                                                          "policyType":  79,
                                                                                                          "enabled":  true
                                                                                                      },
                                                                                                      {
                                                                                                          "dataType":  16,
                                                                                                          "category":  99,
                                                                                                          "nameResourceKey":  "privacyLetAppsAccessPhoneName",
                                                                                                          "descriptionResourceKey":  "privacyLetAppsAccessPhonePerAppDescription",
                                                                                                          "childSettings":  [

                                                                                                                            ],
                                                                                                          "options":  [
                                                                                                                          {
                                                                                                                              "nameResourceKey":  "notConfigured",
                                                                                                                              "enabled":  true
                                                                                                                          },
                                                                                                                          {
                                                                                                                              "nameResourceKey":  "allowOption",
                                                                                                                              "value":  "forceAllow",
                                                                                                                              "enabled":  true
                                                                                                                          },
                                                                                                                          {
                                                                                                                              "nameResourceKey":  "blockOption",
                                                                                                                              "value":  "forceDeny",
                                                                                                                              "enabled":  true
                                                                                                                          },
                                                                                                                          {
                                                                                                                              "nameResourceKey":  "userControlOption",
                                                                                                                              "value":  "userInControl",
                                                                                                                              "enabled":  true
                                                                                                                          }
                                                                                                                      ],
                                                                                                          "entityKey":  "phone",
                                                                                                          "booleanActions":  0,
                                                                                                          "policyType":  79,
                                                                                                          "enabled":  true
                                                                                                      },
                                                                                                      {
                                                                                                          "dataType":  16,
                                                                                                          "category":  99,
                                                                                                          "nameResourceKey":  "privacyLetAppsAccessRadiosName",
                                                                                                          "descriptionResourceKey":  "privacyLetAppsAccessRadioPerAppDescription",
                                                                                                          "childSettings":  [

                                                                                                                            ],
                                                                                                          "options":  [
                                                                                                                          {
                                                                                                                              "nameResourceKey":  "notConfigured",
                                                                                                                              "enabled":  true
                                                                                                                          },
                                                                                                                          {
                                                                                                                              "nameResourceKey":  "allowOption",
                                                                                                                              "value":  "forceAllow",
                                                                                                                              "enabled":  true
                                                                                                                          },
                                                                                                                          {
                                                                                                                              "nameResourceKey":  "blockOption",
                                                                                                                              "value":  "forceDeny",
                                                                                                                              "enabled":  true
                                                                                                                          },
                                                                                                                          {
                                                                                                                              "nameResourceKey":  "userControlOption",
                                                                                                                              "value":  "userInControl",
                                                                                                                              "enabled":  true
                                                                                                                          }
                                                                                                                      ],
                                                                                                          "entityKey":  "radios",
                                                                                                          "booleanActions":  0,
                                                                                                          "policyType":  79,
                                                                                                          "enabled":  true
                                                                                                      },
                                                                                                      {
                                                                                                          "dataType":  16,
                                                                                                          "category":  99,
                                                                                                          "nameResourceKey":  "privacyLetAppsAccessTasksName",
                                                                                                          "descriptionResourceKey":  "privacyLetAppsAccessTasksPerAppDescription",
                                                                                                          "childSettings":  [

                                                                                                                            ],
                                                                                                          "options":  [
                                                                                                                          {
                                                                                                                              "nameResourceKey":  "notConfigured",
                                                                                                                              "enabled":  true
                                                                                                                          },
                                                                                                                          {
                                                                                                                              "nameResourceKey":  "allowOption",
                                                                                                                              "value":  "forceAllow",
                                                                                                                              "enabled":  true
                                                                                                                          },
                                                                                                                          {
                                                                                                                              "nameResourceKey":  "blockOption",
                                                                                                                              "value":  "forceDeny",
                                                                                                                              "enabled":  true
                                                                                                                          },
                                                                                                                          {
                                                                                                                              "nameResourceKey":  "userControlOption",
                                                                                                                              "value":  "userInControl",
                                                                                                                              "enabled":  true
                                                                                                                          }
                                                                                                                      ],
                                                                                                          "entityKey":  "tasks",
                                                                                                          "booleanActions":  0,
                                                                                                          "policyType":  79,
                                                                                                          "enabled":  true
                                                                                                      },
                                                                                                      {
                                                                                                          "dataType":  16,
                                                                                                          "category":  99,
                                                                                                          "nameResourceKey":  "privacyLetAppsAccessTrustedDevicesName",
                                                                                                          "descriptionResourceKey":  "privacyLetAppsAccessTrustedDevicesPerAppDescription",
                                                                                                          "childSettings":  [

                                                                                                                            ],
                                                                                                          "options":  [
                                                                                                                          {
                                                                                                                              "nameResourceKey":  "notConfigured",
                                                                                                                              "enabled":  true
                                                                                                                          },
                                                                                                                          {
                                                                                                                              "nameResourceKey":  "allowOption",
                                                                                                                              "value":  "forceAllow",
                                                                                                                              "enabled":  true
                                                                                                                          },
                                                                                                                          {
                                                                                                                              "nameResourceKey":  "blockOption",
                                                                                                                              "value":  "forceDeny",
                                                                                                                              "enabled":  true
                                                                                                                          },
                                                                                                                          {
                                                                                                                              "nameResourceKey":  "userControlOption",
                                                                                                                              "value":  "userInControl",
                                                                                                                              "enabled":  true
                                                                                                                          }
                                                                                                                      ],
                                                                                                          "entityKey":  "trustedDevices",
                                                                                                          "booleanActions":  0,
                                                                                                          "policyType":  79,
                                                                                                          "enabled":  true
                                                                                                      },
                                                                                                      {
                                                                                                          "dataType":  16,
                                                                                                          "category":  99,
                                                                                                          "nameResourceKey":  "privacyLetAppsGetDiagnosticInfoName",
                                                                                                          "descriptionResourceKey":  "privacyLetAppsAccessAppDiagnosticsPerAppDescription",
                                                                                                          "childSettings":  [

                                                                                                                            ],
                                                                                                          "options":  [
                                                                                                                          {
                                                                                                                              "nameResourceKey":  "notConfigured",
                                                                                                                              "enabled":  true
                                                                                                                          },
                                                                                                                          {
                                                                                                                              "nameResourceKey":  "allowOption",
                                                                                                                              "value":  "forceAllow",
                                                                                                                              "enabled":  true
                                                                                                                          },
                                                                                                                          {
                                                                                                                              "nameResourceKey":  "blockOption",
                                                                                                                              "value":  "forceDeny",
                                                                                                                              "enabled":  true
                                                                                                                          },
                                                                                                                          {
                                                                                                                              "nameResourceKey":  "userControlOption",
                                                                                                                              "value":  "userInControl",
                                                                                                                              "enabled":  true
                                                                                                                          }
                                                                                                                      ],
                                                                                                          "entityKey":  "diagnosticsInfo",
                                                                                                          "booleanActions":  0,
                                                                                                          "policyType":  79,
                                                                                                          "enabled":  true
                                                                                                      },
                                                                                                      {
                                                                                                          "dataType":  16,
                                                                                                          "category":  99,
                                                                                                          "nameResourceKey":  "privacyLetAppsSyncWithDevicesName",
                                                                                                          "descriptionResourceKey":  "privacyLetAppsAccessSyncWithDevicesPerAppDescription",
                                                                                                          "childSettings":  [

                                                                                                                            ],
                                                                                                          "options":  [
                                                                                                                          {
                                                                                                                              "nameResourceKey":  "notConfigured",
                                                                                                                              "enabled":  true
                                                                                                                          },
                                                                                                                          {
                                                                                                                              "nameResourceKey":  "allowOption",
                                                                                                                              "value":  "forceAllow",
                                                                                                                              "enabled":  true
                                                                                                                          },
                                                                                                                          {
                                                                                                                              "nameResourceKey":  "blockOption",
                                                                                                                              "value":  "forceDeny",
                                                                                                                              "enabled":  true
                                                                                                                          },
                                                                                                                          {
                                                                                                                              "nameResourceKey":  "userControlOption",
                                                                                                                              "value":  "userInControl",
                                                                                                                              "enabled":  true
                                                                                                                          }
                                                                                                                      ],
                                                                                                          "entityKey":  "syncWithDevices",
                                                                                                          "booleanActions":  0,
                                                                                                          "policyType":  79,
                                                                                                          "enabled":  true
                                                                                                      }
                                                                                                  ],
                                                                                "options":  [

                                                                                            ],
                                                                                "entityKey":  "exceptions",
                                                                                "booleanActions":  0,
                                                                                "defaultValue":  true,
                                                                                "unconfiguredValue":  true,
                                                                                "policyType":  79,
                                                                                "enabled":  true
                                                                            }
                                                           }
                                                       ],
                                           "dataType":  21,
                                           "category":  99,
                                           "nameResourceKey":  "exceptions",
                                           "descriptionResourceKey":  "empty",
                                           "childSettings":  [

                                                             ],
                                           "options":  [

                                                       ],
                                           "entityKey":  "perAppPrivacy",
                                           "booleanActions":  0,
                                           "policyType":  79,
                                           "enabled":  true
                                       }
}
