{
    "radios_windows10devicefirmwareconfigurationinterface":  [
                                                                 {
                                                                     "dataType":  16,
                                                                     "category":  102,
                                                                     "nameResourceKey":  "radiosName",
                                                                     "descriptionResourceKey":  "radiosDescription",
                                                                     "childSettings":  [

                                                                                       ],
                                                                     "options":  [
                                                                                     {
                                                                                         "nameResourceKey":  "notConfigured",
                                                                                         "value":  "notConfigured",
                                                                                         "enabled":  true
                                                                                     },
                                                                                     {
                                                                                         "nameResourceKey":  "enabledOption",
                                                                                         "value":  "enabled",
                                                                                         "enabled":  true
                                                                                     },
                                                                                     {
                                                                                         "nameResourceKey":  "disabledOption",
                                                                                         "value":  "disabled",
                                                                                         "children":  [
                                                                                                          {
                                                                                                              "dataType":  10,
                                                                                                              "category":  102,
                                                                                                              "nameResourceKey":  "radioWarningInfoBox",
                                                                                                              "childSettings":  [

                                                                                                                                ],
                                                                                                              "options":  [

                                                                                                                          ],
                                                                                                              "booleanActions":  0,
                                                                                                              "policyType":  108,
                                                                                                              "enabled":  true
                                                                                                          }
                                                                                                      ],
                                                                                         "enabled":  true
                                                                                     }
                                                                                 ],
                                                                     "entityKey":  "radios",
                                                                     "booleanActions":  0,
                                                                     "defaultValue":  "notConfigured",
                                                                     "unconfiguredValue":  "notConfigured",
                                                                     "policyType":  108,
                                                                     "enabled":  true
                                                                 },
                                                                 {
                                                                     "dataType":  10,
                                                                     "category":  102,
                                                                     "nameResourceKey":  "dfciGranularSettingsWarningInfoBox",
                                                                     "childSettings":  [

                                                                                       ],
                                                                     "options":  [

                                                                                 ],
                                                                     "booleanActions":  0,
                                                                     "policyType":  108,
                                                                     "enabled":  true
                                                                 },
                                                                 {
                                                                     "dataType":  16,
                                                                     "category":  102,
                                                                     "nameResourceKey":  "bluetoothName",
                                                                     "descriptionResourceKey":  "bluetoothDescription",
                                                                     "childSettings":  [

                                                                                       ],
                                                                     "options":  [
                                                                                     {
                                                                                         "nameResourceKey":  "notConfigured",
                                                                                         "value":  "notConfigured",
                                                                                         "enabled":  true
                                                                                     },
                                                                                     {
                                                                                         "nameResourceKey":  "enabledOption",
                                                                                         "value":  "enabled",
                                                                                         "enabled":  true
                                                                                     },
                                                                                     {
                                                                                         "nameResourceKey":  "disabledOption",
                                                                                         "value":  "disabled",
                                                                                         "enabled":  true
                                                                                     }
                                                                                 ],
                                                                     "entityKey":  "bluetooth",
                                                                     "booleanActions":  0,
                                                                     "defaultValue":  "notConfigured",
                                                                     "unconfiguredValue":  "notConfigured",
                                                                     "policyType":  108,
                                                                     "enabled":  false
                                                                 },
                                                                 {
                                                                     "dataType":  16,
                                                                     "category":  102,
                                                                     "nameResourceKey":  "wwanName",
                                                                     "descriptionResourceKey":  "wwanDescription",
                                                                     "childSettings":  [

                                                                                       ],
                                                                     "options":  [
                                                                                     {
                                                                                         "nameResourceKey":  "notConfigured",
                                                                                         "value":  "notConfigured",
                                                                                         "enabled":  true
                                                                                     },
                                                                                     {
                                                                                         "nameResourceKey":  "enabledOption",
                                                                                         "value":  "enabled",
                                                                                         "enabled":  true
                                                                                     },
                                                                                     {
                                                                                         "nameResourceKey":  "disabledOption",
                                                                                         "value":  "disabled",
                                                                                         "enabled":  true
                                                                                     }
                                                                                 ],
                                                                     "entityKey":  "wirelessWideAreaNetwork",
                                                                     "booleanActions":  0,
                                                                     "defaultValue":  "notConfigured",
                                                                     "unconfiguredValue":  "notConfigured",
                                                                     "policyType":  108,
                                                                     "enabled":  false
                                                                 },
                                                                 {
                                                                     "dataType":  16,
                                                                     "category":  102,
                                                                     "nameResourceKey":  "nfcName",
                                                                     "descriptionResourceKey":  "nfcDescription",
                                                                     "childSettings":  [

                                                                                       ],
                                                                     "options":  [
                                                                                     {
                                                                                         "nameResourceKey":  "notConfigured",
                                                                                         "value":  "notConfigured",
                                                                                         "enabled":  true
                                                                                     },
                                                                                     {
                                                                                         "nameResourceKey":  "enabledOption",
                                                                                         "value":  "enabled",
                                                                                         "enabled":  true
                                                                                     },
                                                                                     {
                                                                                         "nameResourceKey":  "disabledOption",
                                                                                         "value":  "disabled",
                                                                                         "enabled":  true
                                                                                     }
                                                                                 ],
                                                                     "entityKey":  "nearFieldCommunication",
                                                                     "booleanActions":  0,
                                                                     "defaultValue":  "notConfigured",
                                                                     "unconfiguredValue":  "notConfigured",
                                                                     "policyType":  108,
                                                                     "enabled":  false
                                                                 },
                                                                 {
                                                                     "dataType":  16,
                                                                     "category":  102,
                                                                     "nameResourceKey":  "wifiName",
                                                                     "descriptionResourceKey":  "wifiDescription",
                                                                     "childSettings":  [

                                                                                       ],
                                                                     "options":  [
                                                                                     {
                                                                                         "nameResourceKey":  "notConfigured",
                                                                                         "value":  "notConfigured",
                                                                                         "enabled":  true
                                                                                     },
                                                                                     {
                                                                                         "nameResourceKey":  "enabledOption",
                                                                                         "value":  "enabled",
                                                                                         "enabled":  true
                                                                                     },
                                                                                     {
                                                                                         "nameResourceKey":  "disabledOption",
                                                                                         "value":  "disabled",
                                                                                         "enabled":  true
                                                                                     }
                                                                                 ],
                                                                     "entityKey":  "wiFi",
                                                                     "booleanActions":  0,
                                                                     "defaultValue":  "notConfigured",
                                                                     "unconfiguredValue":  "notConfigured",
                                                                     "policyType":  108,
                                                                     "enabled":  false
                                                                 }
                                                             ]
}
