{
    "session_windows10teamgeneral":  [
                                         {
                                             "dataType":  14,
                                             "category":  108,
                                             "nameResourceKey":  "settingsDefaultVolumeName",
                                             "descriptionResourceKey":  "settingsDefaultVolumeDescription",
                                             "emptyValueResourceKey":  "settingsDefaultVolumeExample",
                                             "childSettings":  [

                                                               ],
                                             "options":  [

                                                         ],
                                             "entityKey":  "settingsDefaultVolume",
                                             "booleanActions":  0,
                                             "policyType":  87,
                                             "enabled":  true
                                         },
                                         {
                                             "dataType":  16,
                                             "category":  108,
                                             "nameResourceKey":  "settingsScreenTimeoutInMinutesName",
                                             "descriptionResourceKey":  "settingsScreenTimeoutInMinutesDescription",
                                             "childSettings":  [

                                                               ],
                                             "options":  [
                                                             {
                                                                 "nameResourceKey":  "default",
                                                                 "enabled":  true
                                                             },
                                                             {
                                                                 "nameResourceKey":  "timeoutNever",
                                                                 "value":  0,
                                                                 "enabled":  true
                                                             },
                                                             {
                                                                 "nameResourceKey":  "timeoutOneMinute",
                                                                 "value":  1,
                                                                 "enabled":  true
                                                             },
                                                             {
                                                                 "nameResourceKey":  "timeoutTwoMinutes",
                                                                 "value":  2,
                                                                 "enabled":  true
                                                             },
                                                             {
                                                                 "nameResourceKey":  "timeoutThreeMinutes",
                                                                 "value":  3,
                                                                 "enabled":  true
                                                             },
                                                             {
                                                                 "nameResourceKey":  "timeoutFiveMinutes",
                                                                 "value":  5,
                                                                 "enabled":  true
                                                             },
                                                             {
                                                                 "nameResourceKey":  "timeoutTenMinutes",
                                                                 "value":  10,
                                                                 "enabled":  true
                                                             },
                                                             {
                                                                 "nameResourceKey":  "timeoutFifteenMinutes",
                                                                 "value":  15,
                                                                 "enabled":  true
                                                             },
                                                             {
                                                                 "nameResourceKey":  "timeoutThirtyMinutes",
                                                                 "value":  30,
                                                                 "enabled":  true
                                                             },
                                                             {
                                                                 "nameResourceKey":  "timeoutOneHour",
                                                                 "value":  60,
                                                                 "enabled":  true
                                                             },
                                                             {
                                                                 "nameResourceKey":  "timeoutTwoHours",
                                                                 "value":  120,
                                                                 "enabled":  true
                                                             },
                                                             {
                                                                 "nameResourceKey":  "timeoutFourHours",
                                                                 "value":  240,
                                                                 "enabled":  true
                                                             }
                                                         ],
                                             "entityKey":  "settingsScreenTimeoutInMinutes",
                                             "booleanActions":  0,
                                             "policyType":  87,
                                             "enabled":  true
                                         },
                                         {
                                             "dataType":  16,
                                             "category":  108,
                                             "nameResourceKey":  "settingsSessionTimeoutInMinutesName",
                                             "descriptionResourceKey":  "settingsSessionTimeoutInMinutesDescription",
                                             "childSettings":  [

                                                               ],
                                             "options":  [
                                                             {
                                                                 "nameResourceKey":  "default",
                                                                 "enabled":  true
                                                             },
                                                             {
                                                                 "nameResourceKey":  "timeoutNever",
                                                                 "value":  0,
                                                                 "enabled":  true
                                                             },
                                                             {
                                                                 "nameResourceKey":  "timeoutOneMinute",
                                                                 "value":  1,
                                                                 "enabled":  true
                                                             },
                                                             {
                                                                 "nameResourceKey":  "timeoutTwoMinutes",
                                                                 "value":  2,
                                                                 "enabled":  true
                                                             },
                                                             {
                                                                 "nameResourceKey":  "timeoutThreeMinutes",
                                                                 "value":  3,
                                                                 "enabled":  true
                                                             },
                                                             {
                                                                 "nameResourceKey":  "timeoutFiveMinutes",
                                                                 "value":  5,
                                                                 "enabled":  true
                                                             },
                                                             {
                                                                 "nameResourceKey":  "timeoutTenMinutes",
                                                                 "value":  10,
                                                                 "enabled":  true
                                                             },
                                                             {
                                                                 "nameResourceKey":  "timeoutFifteenMinutes",
                                                                 "value":  15,
                                                                 "enabled":  true
                                                             },
                                                             {
                                                                 "nameResourceKey":  "timeoutThirtyMinutes",
                                                                 "value":  30,
                                                                 "enabled":  true
                                                             },
                                                             {
                                                                 "nameResourceKey":  "timeoutOneHour",
                                                                 "value":  60,
                                                                 "enabled":  true
                                                             },
                                                             {
                                                                 "nameResourceKey":  "timeoutTwoHours",
                                                                 "value":  120,
                                                                 "enabled":  true
                                                             },
                                                             {
                                                                 "nameResourceKey":  "timeoutFourHours",
                                                                 "value":  240,
                                                                 "enabled":  true
                                                             }
                                                         ],
                                             "entityKey":  "settingsSessionTimeoutInMinutes",
                                             "booleanActions":  0,
                                             "policyType":  87,
                                             "enabled":  true
                                         },
                                         {
                                             "dataType":  16,
                                             "category":  108,
                                             "nameResourceKey":  "settingsSleepTimeoutInMinutesName",
                                             "descriptionResourceKey":  "settingsSleepTimeoutInMinutesDescription",
                                             "childSettings":  [

                                                               ],
                                             "options":  [
                                                             {
                                                                 "nameResourceKey":  "default",
                                                                 "enabled":  true
                                                             },
                                                             {
                                                                 "nameResourceKey":  "timeoutNever",
                                                                 "value":  0,
                                                                 "enabled":  true
                                                             },
                                                             {
                                                                 "nameResourceKey":  "timeoutOneMinute",
                                                                 "value":  1,
                                                                 "enabled":  true
                                                             },
                                                             {
                                                                 "nameResourceKey":  "timeoutTwoMinutes",
                                                                 "value":  2,
                                                                 "enabled":  true
                                                             },
                                                             {
                                                                 "nameResourceKey":  "timeoutThreeMinutes",
                                                                 "value":  3,
                                                                 "enabled":  true
                                                             },
                                                             {
                                                                 "nameResourceKey":  "timeoutFiveMinutes",
                                                                 "value":  5,
                                                                 "enabled":  true
                                                             },
                                                             {
                                                                 "nameResourceKey":  "timeoutTenMinutes",
                                                                 "value":  10,
                                                                 "enabled":  true
                                                             },
                                                             {
                                                                 "nameResourceKey":  "timeoutFifteenMinutes",
                                                                 "value":  15,
                                                                 "enabled":  true
                                                             },
                                                             {
                                                                 "nameResourceKey":  "timeoutThirtyMinutes",
                                                                 "value":  30,
                                                                 "enabled":  true
                                                             },
                                                             {
                                                                 "nameResourceKey":  "timeoutOneHour",
                                                                 "value":  60,
                                                                 "enabled":  true
                                                             },
                                                             {
                                                                 "nameResourceKey":  "timeoutTwoHours",
                                                                 "value":  120,
                                                                 "enabled":  true
                                                             },
                                                             {
                                                                 "nameResourceKey":  "timeoutFourHours",
                                                                 "value":  240,
                                                                 "enabled":  true
                                                             }
                                                         ],
                                             "entityKey":  "settingsSleepTimeoutInMinutes",
                                             "booleanActions":  0,
                                             "policyType":  87,
                                             "enabled":  true
                                         },
                                         {
                                             "dataType":  0,
                                             "category":  108,
                                             "nameResourceKey":  "settingsBlockSessionResumeName",
                                             "descriptionResourceKey":  "settingsBlockSessionResumeDescription",
                                             "childSettings":  [

                                                               ],
                                             "options":  [

                                                         ],
                                             "entityKey":  "settingsBlockSessionResume",
                                             "booleanActions":  3,
                                             "defaultValue":  false,
                                             "policyType":  87,
                                             "enabled":  true
                                         }
                                     ]
}
