{
    "smode_windowseditionupgrade":  [
                                        {
                                            "isSettingDescription":  false,
                                            "showAsSectionHeader":  false,
                                            "dataType":  8,
                                            "category":  51,
                                            "nameResourceKey":  "SModeProfileHeader",
                                            "childSettings":  [

                                                              ],
                                            "options":  [

                                                        ],
                                            "booleanActions":  0,
                                            "policyType":  97,
                                            "enabled":  true
                                        },
                                        {
                                            "isSettingDescription":  false,
                                            "showAsSectionHeader":  false,
                                            "dataType":  8,
                                            "category":  51,
                                            "nameResourceKey":  "SModeProfileLearnMore",
                                            "childSettings":  [

                                                              ],
                                            "options":  [

                                                        ],
                                            "booleanActions":  0,
                                            "policyType":  97,
                                            "enabled":  true
                                        },
                                        {
                                            "dataType":  16,
                                            "category":  51,
                                            "nameResourceKey":  "SModeSwitch",
                                            "childSettings":  [

                                                              ],
                                            "options":  [
                                                            {
                                                                "nameResourceKey":  "SModeNoRestrictions",
                                                                "value":  "noRestriction",
                                                                "enabled":  true
                                                            },
                                                            {
                                                                "nameResourceKey":  "SModeBlock",
                                                                "value":  "block",
                                                                "enabled":  true
                                                            },
                                                            {
                                                                "nameResourceKey":  "SModeUnlock",
                                                                "value":  "unlock",
                                                                "enabled":  true
                                                            }
                                                        ],
                                            "entityKey":  "windowsSMode",
                                            "booleanActions":  0,
                                            "defaultValue":  "noRestriction",
                                            "unconfiguredValue":  "noRestriction",
                                            "policyType":  97,
                                            "enabled":  true
                                        }
                                    ]
}
