{
    "softwareupdates_iosupdate":  [
                                      {
                                          "isSettingDescription":  false,
                                          "showAsSectionHeader":  false,
                                          "dataType":  8,
                                          "category":  110,
                                          "nameResourceKey":  "automaticUpdatesSupervisedName",
                                          "childSettings":  [

                                                            ],
                                          "options":  [

                                                      ],
                                          "booleanActions":  0,
                                          "policyType":  52,
                                          "enabled":  true
                                      },
                                      {
                                          "isSettingDescription":  false,
                                          "showAsSectionHeader":  false,
                                          "dataType":  8,
                                          "category":  110,
                                          "nameResourceKey":  "automaticUpdatesSupervisedLearnMoreText",
                                          "childSettings":  [

                                                            ],
                                          "options":  [

                                                      ],
                                          "booleanActions":  0,
                                          "policyType":  52,
                                          "enabled":  true
                                      },
                                      {
                                          "dataType":  8,
                                          "category":  110,
                                          "nameResourceKey":  "selectTimesToPreventUpdateInstallationsName",
                                          "childSettings":  [

                                                            ],
                                          "options":  [

                                                      ],
                                          "booleanActions":  0,
                                          "policyType":  52,
                                          "enabled":  true
                                      },
                                      {
                                          "dataType":  13,
                                          "category":  110,
                                          "nameResourceKey":  "daysName",
                                          "descriptionResourceKey":  "daysDescription",
                                          "childSettings":  [

                                                            ],
                                          "options":  [
                                                          {
                                                              "nameResourceKey":  "sundayOption",
                                                              "value":  "sunday",
                                                              "enabled":  true
                                                          },
                                                          {
                                                              "nameResourceKey":  "mondayOption",
                                                              "value":  "monday",
                                                              "enabled":  true
                                                          },
                                                          {
                                                              "nameResourceKey":  "tuesdayOption",
                                                              "value":  "tuesday",
                                                              "enabled":  true
                                                          },
                                                          {
                                                              "nameResourceKey":  "wednesdayOption",
                                                              "value":  "wednesday",
                                                              "enabled":  true
                                                          },
                                                          {
                                                              "nameResourceKey":  "thursdayOption",
                                                              "value":  "thursday",
                                                              "enabled":  true
                                                          },
                                                          {
                                                              "nameResourceKey":  "fridayOption",
                                                              "value":  "friday",
                                                              "enabled":  true
                                                          },
                                                          {
                                                              "nameResourceKey":  "saturdayOption",
                                                              "value":  "saturday",
                                                              "enabled":  true
                                                          }
                                                      ],
                                          "entityKey":  "scheduledInstallDaysDropdownValue",
                                          "booleanActions":  0,
                                          "policyType":  52,
                                          "enabled":  true
                                      },
                                      {
                                          "dataType":  16,
                                          "category":  110,
                                          "nameResourceKey":  "timeZoneName",
                                          "descriptionResourceKey":  "timeZoneDescription",
                                          "childSettings":  [

                                                            ],
                                          "options":  [
                                                          {
                                                              "nameResourceKey":  "utcMinusTwelveOption",
                                                              "value":  -720,
                                                              "enabled":  true
                                                          },
                                                          {
                                                              "nameResourceKey":  "utcMinusElevenOption",
                                                              "value":  -660,
                                                              "enabled":  true
                                                          },
                                                          {
                                                              "nameResourceKey":  "utcMinusTenOption",
                                                              "value":  -600,
                                                              "enabled":  true
                                                          },
                                                          {
                                                              "nameResourceKey":  "utcMinusNineThirtyOption",
                                                              "value":  -570,
                                                              "enabled":  true
                                                          },
                                                          {
                                                              "nameResourceKey":  "utcMinusNineOption",
                                                              "value":  -540,
                                                              "enabled":  true
                                                          },
                                                          {
                                                              "nameResourceKey":  "utcMinusEightOption",
                                                              "value":  -480,
                                                              "enabled":  true
                                                          },
                                                          {
                                                              "nameResourceKey":  "utcMinusSevenOption",
                                                              "value":  -420,
                                                              "enabled":  true
                                                          },
                                                          {
                                                              "nameResourceKey":  "utcMinusSixOption",
                                                              "value":  -360,
                                                              "enabled":  true
                                                          },
                                                          {
                                                              "nameResourceKey":  "utcMinusFiveOption",
                                                              "value":  -300,
                                                              "enabled":  true
                                                          },
                                                          {
                                                              "nameResourceKey":  "utcMinusFourOption",
                                                              "value":  -240,
                                                              "enabled":  true
                                                          },
                                                          {
                                                              "nameResourceKey":  "utcMinusThreeThirtyOption",
                                                              "value":  -210,
                                                              "enabled":  true
                                                          },
                                                          {
                                                              "nameResourceKey":  "utcMinusThreeOption",
                                                              "value":  -180,
                                                              "enabled":  true
                                                          },
                                                          {
                                                              "nameResourceKey":  "utcMinusTwoOption",
                                                              "value":  -120,
                                                              "enabled":  true
                                                          },
                                                          {
                                                              "nameResourceKey":  "utcMinusOneOption",
                                                              "value":  -60,
                                                              "enabled":  true
                                                          },
                                                          {
                                                              "nameResourceKey":  "utcZeroOption",
                                                              "value":  0,
                                                              "enabled":  true
                                                          },
                                                          {
                                                              "nameResourceKey":  "utcPlusOneOption",
                                                              "value":  60,
                                                              "enabled":  true
                                                          },
                                                          {
                                                              "nameResourceKey":  "utcPlusTwoOption",
                                                              "value":  120,
                                                              "enabled":  true
                                                          },
                                                          {
                                                              "nameResourceKey":  "utcPlusThreeOption",
                                                              "value":  180,
                                                              "enabled":  true
                                                          },
                                                          {
                                                              "nameResourceKey":  "utcPlusThreeThirtyOption",
                                                              "value":  210,
                                                              "enabled":  true
                                                          },
                                                          {
                                                              "nameResourceKey":  "utcPlusFourOption",
                                                              "value":  240,
                                                              "enabled":  true
                                                          },
                                                          {
                                                              "nameResourceKey":  "utcPlusFourThirtyOption",
                                                              "value":  270,
                                                              "enabled":  true
                                                          },
                                                          {
                                                              "nameResourceKey":  "utcPlusFiveOption",
                                                              "value":  300,
                                                              "enabled":  true
                                                          },
                                                          {
                                                              "nameResourceKey":  "utcPlusFiveThirtyOption",
                                                              "value":  330,
                                                              "enabled":  true
                                                          },
                                                          {
                                                              "nameResourceKey":  "utcPlusFiveFourtyFiveOption",
                                                              "value":  345,
                                                              "enabled":  true
                                                          },
                                                          {
                                                              "nameResourceKey":  "utcPlusSixOption",
                                                              "value":  360,
                                                              "enabled":  true
                                                          },
                                                          {
                                                              "nameResourceKey":  "utcPlusSixThirtyOption",
                                                              "value":  390,
                                                              "enabled":  true
                                                          },
                                                          {
                                                              "nameResourceKey":  "utcPlusSevenOption",
                                                              "value":  420,
                                                              "enabled":  true
                                                          },
                                                          {
                                                              "nameResourceKey":  "utcPlusEightOption",
                                                              "value":  480,
                                                              "enabled":  true
                                                          },
                                                          {
                                                              "nameResourceKey":  "utcPlusEightThirtyOption",
                                                              "value":  510,
                                                              "enabled":  true
                                                          },
                                                          {
                                                              "nameResourceKey":  "utcPlusEightFourtyFiveOption",
                                                              "value":  525,
                                                              "enabled":  true
                                                          },
                                                          {
                                                              "nameResourceKey":  "utcPlusNineOption",
                                                              "value":  540,
                                                              "enabled":  true
                                                          },
                                                          {
                                                              "nameResourceKey":  "utcPlusTenOption",
                                                              "value":  600,
                                                              "enabled":  true
                                                          },
                                                          {
                                                              "nameResourceKey":  "utcPlusTenThirtyOption",
                                                              "value":  630,
                                                              "enabled":  true
                                                          },
                                                          {
                                                              "nameResourceKey":  "utcPlusElevenOption",
                                                              "value":  660,
                                                              "enabled":  true
                                                          },
                                                          {
                                                              "nameResourceKey":  "utcPlusTwelveOption",
                                                              "value":  720,
                                                              "enabled":  true
                                                          },
                                                          {
                                                              "nameResourceKey":  "utcPlusTwelveFourtyFiveOption",
                                                              "value":  765,
                                                              "enabled":  true
                                                          },
                                                          {
                                                              "nameResourceKey":  "utcPlusThirteenOption",
                                                              "value":  780,
                                                              "enabled":  true
                                                          },
                                                          {
                                                              "nameResourceKey":  "utcPlusFourteenOption",
                                                              "value":  840,
                                                              "enabled":  true
                                                          }
                                                      ],
                                          "entityKey":  "utcTimeOffsetInMinutes",
                                          "booleanActions":  0,
                                          "defaultValue":  0,
                                          "policyType":  52,
                                          "enabled":  true
                                      },
                                      {
                                          "dataType":  16,
                                          "category":  110,
                                          "nameResourceKey":  "startTimeName",
                                          "descriptionResourceKey":  "startTimeDescription",
                                          "childSettings":  [

                                                            ],
                                          "options":  [
                                                          {
                                                              "nameResourceKey":  "twelveAMOption",
                                                              "value":  "00:00:00.0000000",
                                                              "enabled":  true
                                                          },
                                                          {
                                                              "nameResourceKey":  "oneAMOption",
                                                              "value":  "01:00:00.0000000",
                                                              "enabled":  true
                                                          },
                                                          {
                                                              "nameResourceKey":  "twoAMOption",
                                                              "value":  "02:00:00.0000000",
                                                              "enabled":  true
                                                          },
                                                          {
                                                              "nameResourceKey":  "threeAMOption",
                                                              "value":  "03:00:00.0000000",
                                                              "enabled":  true
                                                          },
                                                          {
                                                              "nameResourceKey":  "fourAMOption",
                                                              "value":  "04:00:00.0000000",
                                                              "enabled":  true
                                                          },
                                                          {
                                                              "nameResourceKey":  "fiveAMOption",
                                                              "value":  "05:00:00.0000000",
                                                              "enabled":  true
                                                          },
                                                          {
                                                              "nameResourceKey":  "sixAMOption",
                                                              "value":  "06:00:00.0000000",
                                                              "enabled":  true
                                                          },
                                                          {
                                                              "nameResourceKey":  "sevenAMOption",
                                                              "value":  "07:00:00.0000000",
                                                              "enabled":  true
                                                          },
                                                          {
                                                              "nameResourceKey":  "eightAMOption",
                                                              "value":  "08:00:00.0000000",
                                                              "enabled":  true
                                                          },
                                                          {
                                                              "nameResourceKey":  "nineAMOption",
                                                              "value":  "09:00:00.0000000",
                                                              "enabled":  true
                                                          },
                                                          {
                                                              "nameResourceKey":  "tenAMOption",
                                                              "value":  "10:00:00.0000000",
                                                              "enabled":  true
                                                          },
                                                          {
                                                              "nameResourceKey":  "elevenAMOption",
                                                              "value":  "11:00:00.0000000",
                                                              "enabled":  true
                                                          },
                                                          {
                                                              "nameResourceKey":  "twelvePMOption",
                                                              "value":  "12:00:00.0000000",
                                                              "enabled":  true
                                                          },
                                                          {
                                                              "nameResourceKey":  "onePMOption",
                                                              "value":  "13:00:00.0000000",
                                                              "enabled":  true
                                                          },
                                                          {
                                                              "nameResourceKey":  "twoPMOption",
                                                              "value":  "14:00:00.0000000",
                                                              "enabled":  true
                                                          },
                                                          {
                                                              "nameResourceKey":  "threePMOption",
                                                              "value":  "15:00:00.0000000",
                                                              "enabled":  true
                                                          },
                                                          {
                                                              "nameResourceKey":  "fourPMOption",
                                                              "value":  "16:00:00.0000000",
                                                              "enabled":  true
                                                          },
                                                          {
                                                              "nameResourceKey":  "fivePMOption",
                                                              "value":  "17:00:00.0000000",
                                                              "enabled":  true
                                                          },
                                                          {
                                                              "nameResourceKey":  "sixPMOption",
                                                              "value":  "18:00:00.0000000",
                                                              "enabled":  true
                                                          },
                                                          {
                                                              "nameResourceKey":  "sevenPMOption",
                                                              "value":  "19:00:00.0000000",
                                                              "enabled":  true
                                                          },
                                                          {
                                                              "nameResourceKey":  "eightPMOption",
                                                              "value":  "20:00:00.0000000",
                                                              "enabled":  true
                                                          },
                                                          {
                                                              "nameResourceKey":  "ninePMOption",
                                                              "value":  "21:00:00.0000000",
                                                              "enabled":  true
                                                          },
                                                          {
                                                              "nameResourceKey":  "tenPMOption",
                                                              "value":  "22:00:00.0000000",
                                                              "enabled":  true
                                                          },
                                                          {
                                                              "nameResourceKey":  "elevenPMOption",
                                                              "value":  "23:00:00.0000000",
                                                              "enabled":  true
                                                          }
                                                      ],
                                          "entityKey":  "activeHoursStart",
                                          "booleanActions":  0,
                                          "defaultValue":  "08:00:00.0000000",
                                          "policyType":  52,
                                          "enabled":  true
                                      },
                                      {
                                          "dataType":  16,
                                          "category":  110,
                                          "nameResourceKey":  "endTimeName",
                                          "descriptionResourceKey":  "endTimeDescription",
                                          "childSettings":  [

                                                            ],
                                          "options":  [
                                                          {
                                                              "nameResourceKey":  "twelveAMOption",
                                                              "value":  "00:00:00.0000000",
                                                              "enabled":  true
                                                          },
                                                          {
                                                              "nameResourceKey":  "oneAMOption",
                                                              "value":  "01:00:00.0000000",
                                                              "enabled":  true
                                                          },
                                                          {
                                                              "nameResourceKey":  "twoAMOption",
                                                              "value":  "02:00:00.0000000",
                                                              "enabled":  true
                                                          },
                                                          {
                                                              "nameResourceKey":  "threeAMOption",
                                                              "value":  "03:00:00.0000000",
                                                              "enabled":  true
                                                          },
                                                          {
                                                              "nameResourceKey":  "fourAMOption",
                                                              "value":  "04:00:00.0000000",
                                                              "enabled":  true
                                                          },
                                                          {
                                                              "nameResourceKey":  "fiveAMOption",
                                                              "value":  "05:00:00.0000000",
                                                              "enabled":  true
                                                          },
                                                          {
                                                              "nameResourceKey":  "sixAMOption",
                                                              "value":  "06:00:00.0000000",
                                                              "enabled":  true
                                                          },
                                                          {
                                                              "nameResourceKey":  "sevenAMOption",
                                                              "value":  "07:00:00.0000000",
                                                              "enabled":  true
                                                          },
                                                          {
                                                              "nameResourceKey":  "eightAMOption",
                                                              "value":  "08:00:00.0000000",
                                                              "enabled":  true
                                                          },
                                                          {
                                                              "nameResourceKey":  "nineAMOption",
                                                              "value":  "09:00:00.0000000",
                                                              "enabled":  true
                                                          },
                                                          {
                                                              "nameResourceKey":  "tenAMOption",
                                                              "value":  "10:00:00.0000000",
                                                              "enabled":  true
                                                          },
                                                          {
                                                              "nameResourceKey":  "elevenAMOption",
                                                              "value":  "11:00:00.0000000",
                                                              "enabled":  true
                                                          },
                                                          {
                                                              "nameResourceKey":  "twelvePMOption",
                                                              "value":  "12:00:00.0000000",
                                                              "enabled":  true
                                                          },
                                                          {
                                                              "nameResourceKey":  "onePMOption",
                                                              "value":  "13:00:00.0000000",
                                                              "enabled":  true
                                                          },
                                                          {
                                                              "nameResourceKey":  "twoPMOption",
                                                              "value":  "14:00:00.0000000",
                                                              "enabled":  true
                                                          },
                                                          {
                                                              "nameResourceKey":  "threePMOption",
                                                              "value":  "15:00:00.0000000",
                                                              "enabled":  true
                                                          },
                                                          {
                                                              "nameResourceKey":  "fourPMOption",
                                                              "value":  "16:00:00.0000000",
                                                              "enabled":  true
                                                          },
                                                          {
                                                              "nameResourceKey":  "fivePMOption",
                                                              "value":  "17:00:00.0000000",
                                                              "enabled":  true
                                                          },
                                                          {
                                                              "nameResourceKey":  "sixPMOption",
                                                              "value":  "18:00:00.0000000",
                                                              "enabled":  true
                                                          },
                                                          {
                                                              "nameResourceKey":  "sevenPMOption",
                                                              "value":  "19:00:00.0000000",
                                                              "enabled":  true
                                                          },
                                                          {
                                                              "nameResourceKey":  "eightPMOption",
                                                              "value":  "20:00:00.0000000",
                                                              "enabled":  true
                                                          },
                                                          {
                                                              "nameResourceKey":  "ninePMOption",
                                                              "value":  "21:00:00.0000000",
                                                              "enabled":  true
                                                          },
                                                          {
                                                              "nameResourceKey":  "tenPMOption",
                                                              "value":  "22:00:00.0000000",
                                                              "enabled":  true
                                                          },
                                                          {
                                                              "nameResourceKey":  "elevenPMOption",
                                                              "value":  "23:00:00.0000000",
                                                              "enabled":  true
                                                          }
                                                      ],
                                          "entityKey":  "activeHoursEnd",
                                          "booleanActions":  0,
                                          "defaultValue":  "17:00:00.0000000",
                                          "policyType":  52,
                                          "enabled":  true
                                      }
                                  ]
}
