{
    "start_windows10general":  [
                                   {
                                       "dataEntityKey":  "startMenuLayoutXml",
                                       "filenameEntityKey":  "startMenuLayoutXmlFilename",
                                       "dataType":  2,
                                       "category":  111,
                                       "nameResourceKey":  "Win10StartMenuLayoutXmlName",
                                       "descriptionResourceKey":  "Win10StartMenuLayoutXmlDesc",
                                       "childSettings":  [

                                                         ],
                                       "options":  [

                                                   ],
                                       "entityKey":  "startMenuLayoutXml",
                                       "booleanActions":  0,
                                       "defaultValue":  "",
                                       "policyType":  79,
                                       "enabled":  true
                                   },
                                   {
                                       "dataEntityKey":  "startMenuLayoutEdgeAssetsXml",
                                       "filenameEntityKey":  "startMenuLayoutEdgeAssetsXmlFilename",
                                       "dataType":  2,
                                       "category":  111,
                                       "nameResourceKey":  "Win10StartMenuLayoutEdgeAssetsXmlName",
                                       "descriptionResourceKey":  "Win10StartMenuLayoutEdgeAssetsXmlDesc",
                                       "childSettings":  [

                                                         ],
                                       "options":  [

                                                   ],
                                       "entityKey":  "startMenuLayoutEdgeAssetsXml",
                                       "booleanActions":  0,
                                       "defaultValue":  "",
                                       "policyType":  79,
                                       "enabled":  true
                                   },
                                   {
                                       "dataType":  0,
                                       "category":  111,
                                       "nameResourceKey":  "Win10StartBlockUnpinningAppsFromTaskbarName",
                                       "descriptionResourceKey":  "Win10StartBlockUnpinningAppsFromTaskbarDesc",
                                       "childSettings":  [

                                                         ],
                                       "options":  [

                                                   ],
                                       "entityKey":  "startBlockUnpinningAppsFromTaskbar",
                                       "booleanActions":  3,
                                       "defaultValue":  false,
                                       "policyType":  79,
                                       "enabled":  true
                                   },
                                   {
                                       "dataType":  0,
                                       "category":  111,
                                       "nameResourceKey":  "Win10LogonBlockFastUserSwitchingName",
                                       "descriptionResourceKey":  "Win10LogonBlockFastUserSwitchingDesc",
                                       "childSettings":  [

                                                         ],
                                       "options":  [

                                                   ],
                                       "entityKey":  "logonBlockFastUserSwitching",
                                       "booleanActions":  3,
                                       "defaultValue":  false,
                                       "policyType":  79,
                                       "enabled":  true
                                   },
                                   {
                                       "dataType":  0,
                                       "category":  111,
                                       "nameResourceKey":  "Win10StartMenuHideFrequentlyUsedAppsName",
                                       "descriptionResourceKey":  "Win10StartMenuHideFrequentlyUsedAppsDesc",
                                       "childSettings":  [

                                                         ],
                                       "options":  [

                                                   ],
                                       "entityKey":  "startMenuHideFrequentlyUsedApps",
                                       "booleanActions":  3,
                                       "defaultValue":  false,
                                       "policyType":  79,
                                       "enabled":  true
                                   },
                                   {
                                       "dataType":  0,
                                       "category":  111,
                                       "nameResourceKey":  "Win10StartMenuHideRecentlyAddedAppsName",
                                       "descriptionResourceKey":  "Win10StartMenuHideRecentlyAddedAppsDesc",
                                       "childSettings":  [

                                                         ],
                                       "options":  [

                                                   ],
                                       "entityKey":  "startMenuHideRecentlyAddedApps",
                                       "booleanActions":  3,
                                       "defaultValue":  false,
                                       "policyType":  79,
                                       "enabled":  true
                                   },
                                   {
                                       "dataType":  16,
                                       "category":  111,
                                       "nameResourceKey":  "Win10StartMenuModeName",
                                       "descriptionResourceKey":  "Win10StartMenuModeDescription",
                                       "childSettings":  [

                                                         ],
                                       "options":  [
                                                       {
                                                           "nameResourceKey":  "UserDefined",
                                                           "value":  "userDefined",
                                                           "enabled":  true
                                                       },
                                                       {
                                                           "nameResourceKey":  "Win10StartMenuModeFullScreenName",
                                                           "value":  "fullScreen",
                                                           "enabled":  true
                                                       },
                                                       {
                                                           "nameResourceKey":  "Win10StartMenuModeNonFullScreenName",
                                                           "value":  "nonFullScreen",
                                                           "enabled":  true
                                                       }
                                                   ],
                                       "entityKey":  "startMenuMode",
                                       "booleanActions":  0,
                                       "defaultValue":  "userDefined",
                                       "unconfiguredValue":  "userDefined",
                                       "policyType":  79,
                                       "enabled":  true
                                   },
                                   {
                                       "dataType":  0,
                                       "category":  111,
                                       "nameResourceKey":  "Win10StartMenuHideRecentJumpListsName",
                                       "descriptionResourceKey":  "Win10StartMenuHideRecentJumpListsDesc",
                                       "childSettings":  [

                                                         ],
                                       "options":  [

                                                   ],
                                       "entityKey":  "startMenuHideRecentJumpLists",
                                       "booleanActions":  3,
                                       "defaultValue":  false,
                                       "policyType":  79,
                                       "enabled":  true
                                   },
                                   {
                                       "dataType":  16,
                                       "category":  111,
                                       "nameResourceKey":  "Win10StartMenuAppListVisibilityName",
                                       "descriptionResourceKey":  "Win10StartMenuAppListVisibilityDesc",
                                       "childSettings":  [

                                                         ],
                                       "options":  [
                                                       {
                                                           "nameResourceKey":  "UserDefined",
                                                           "value":  "userDefined",
                                                           "enabled":  true
                                                       },
                                                       {
                                                           "nameResourceKey":  "Win10StartMenuAppListVisibilityCollapseName",
                                                           "value":  "collapse",
                                                           "enabled":  true
                                                       },
                                                       {
                                                           "nameResourceKey":  "Win10StartMenuAppListVisibilityCollapseDisableSettingsAppName",
                                                           "value":  "collapse, disableSettingsApp",
                                                           "enabled":  true
                                                       },
                                                       {
                                                           "nameResourceKey":  "Win10StartMenuAppListVisibilityRemoveDisableSettingsAppName",
                                                           "value":  "remove, disableSettingsApp",
                                                           "enabled":  true
                                                       }
                                                   ],
                                       "entityKey":  "startMenuAppListVisibility",
                                       "booleanActions":  0,
                                       "defaultValue":  "userDefined",
                                       "unconfiguredValue":  "userDefined",
                                       "policyType":  79,
                                       "enabled":  true
                                   },
                                   {
                                       "dataType":  0,
                                       "category":  111,
                                       "nameResourceKey":  "Win10StartMenuHidePowerButtonName",
                                       "descriptionResourceKey":  "Win10StartMenuHidePowerButtonDesc",
                                       "childSettings":  [

                                                         ],
                                       "options":  [

                                                   ],
                                       "entityKey":  "startMenuHidePowerButton",
                                       "booleanActions":  3,
                                       "defaultValue":  false,
                                       "policyType":  79,
                                       "enabled":  true
                                   },
                                   {
                                       "dataType":  0,
                                       "category":  111,
                                       "nameResourceKey":  "Win10StartMenuHideUserTileName",
                                       "descriptionResourceKey":  "Win10StartMenuHideUserTileDesc",
                                       "childSettings":  [
                                                             {
                                                                 "dataType":  0,
                                                                 "category":  111,
                                                                 "nameResourceKey":  "Win10StartMenuHideLockName",
                                                                 "descriptionResourceKey":  "Win10StartMenuHideLockDesc",
                                                                 "childSettings":  [

                                                                                   ],
                                                                 "options":  [

                                                                             ],
                                                                 "entityKey":  "startMenuHideLock",
                                                                 "booleanActions":  3,
                                                                 "defaultValue":  false,
                                                                 "policyType":  79,
                                                                 "enabled":  true
                                                             },
                                                             {
                                                                 "dataType":  0,
                                                                 "category":  111,
                                                                 "nameResourceKey":  "Win10StartMenuHideSignOutName",
                                                                 "descriptionResourceKey":  "Win10StartMenuHideSignOutDesc",
                                                                 "childSettings":  [

                                                                                   ],
                                                                 "options":  [

                                                                             ],
                                                                 "entityKey":  "startMenuHideSignOut",
                                                                 "booleanActions":  3,
                                                                 "defaultValue":  false,
                                                                 "policyType":  79,
                                                                 "enabled":  true
                                                             }
                                                         ],
                                       "options":  [

                                                   ],
                                       "entityKey":  "startMenuHideUserTile",
                                       "booleanActions":  3,
                                       "defaultValue":  false,
                                       "policyType":  79,
                                       "enabled":  true
                                   },
                                   {
                                       "dataType":  0,
                                       "category":  111,
                                       "nameResourceKey":  "Win10StartMenuHideShutDownName",
                                       "descriptionResourceKey":  "Win10StartMenuHideShutDownDesc",
                                       "childSettings":  [

                                                         ],
                                       "options":  [

                                                   ],
                                       "entityKey":  "startMenuHideShutDown",
                                       "booleanActions":  3,
                                       "defaultValue":  false,
                                       "policyType":  79,
                                       "enabled":  true
                                   },
                                   {
                                       "dataType":  0,
                                       "category":  111,
                                       "nameResourceKey":  "Win10StartMenuHideSleepName",
                                       "descriptionResourceKey":  "Win10StartMenuHideSleepDesc",
                                       "childSettings":  [

                                                         ],
                                       "options":  [

                                                   ],
                                       "entityKey":  "startMenuHideSleep",
                                       "booleanActions":  3,
                                       "defaultValue":  false,
                                       "policyType":  79,
                                       "enabled":  true
                                   },
                                   {
                                       "dataType":  0,
                                       "category":  111,
                                       "nameResourceKey":  "Win10StartMenuHideHibernateName",
                                       "descriptionResourceKey":  "Win10StartMenuHideHibernateDesc",
                                       "childSettings":  [

                                                         ],
                                       "options":  [

                                                   ],
                                       "entityKey":  "startMenuHideHibernate",
                                       "booleanActions":  3,
                                       "defaultValue":  false,
                                       "policyType":  79,
                                       "enabled":  true
                                   },
                                   {
                                       "dataType":  0,
                                       "category":  111,
                                       "nameResourceKey":  "Win10StartMenuHideSwitchAccountName",
                                       "descriptionResourceKey":  "Win10StartMenuHideSwitchAccountDesc",
                                       "childSettings":  [

                                                         ],
                                       "options":  [

                                                   ],
                                       "entityKey":  "startMenuHideSwitchAccount",
                                       "booleanActions":  3,
                                       "defaultValue":  false,
                                       "policyType":  79,
                                       "enabled":  true
                                   },
                                   {
                                       "dataType":  0,
                                       "category":  111,
                                       "nameResourceKey":  "Win10StartMenuHideRestartOptionsName",
                                       "descriptionResourceKey":  "Win10StartMenuHideRestartOptionsDesc",
                                       "childSettings":  [

                                                         ],
                                       "options":  [

                                                   ],
                                       "entityKey":  "startMenuHideRestartOptions",
                                       "booleanActions":  3,
                                       "defaultValue":  false,
                                       "policyType":  79,
                                       "enabled":  true
                                   },
                                   {
                                       "dataType":  16,
                                       "category":  111,
                                       "nameResourceKey":  "startMenuPinnedFolderDocumentsName",
                                       "descriptionResourceKey":  "startMenuPinnedFolderDocumentsDescription",
                                       "childSettings":  [

                                                         ],
                                       "options":  [
                                                       {
                                                           "nameResourceKey":  "NotConfigured",
                                                           "value":  "notConfigured",
                                                           "enabled":  true
                                                       },
                                                       {
                                                           "nameResourceKey":  "pinnedFolderOptionHide",
                                                           "value":  "hide",
                                                           "enabled":  true
                                                       },
                                                       {
                                                           "nameResourceKey":  "pinnedFolderOptionShow",
                                                           "value":  "show",
                                                           "enabled":  true
                                                       }
                                                   ],
                                       "entityKey":  "startMenuPinnedFolderDocuments",
                                       "booleanActions":  0,
                                       "defaultValue":  "notConfigured",
                                       "unconfiguredValue":  "notConfigured",
                                       "policyType":  79,
                                       "enabled":  true
                                   },
                                   {
                                       "dataType":  16,
                                       "category":  111,
                                       "nameResourceKey":  "startMenuPinnedFolderDownloadsName",
                                       "descriptionResourceKey":  "startMenuPinnedFolderDownloadsDescription",
                                       "childSettings":  [

                                                         ],
                                       "options":  [
                                                       {
                                                           "nameResourceKey":  "NotConfigured",
                                                           "value":  "notConfigured",
                                                           "enabled":  true
                                                       },
                                                       {
                                                           "nameResourceKey":  "pinnedFolderOptionHide",
                                                           "value":  "hide",
                                                           "enabled":  true
                                                       },
                                                       {
                                                           "nameResourceKey":  "pinnedFolderOptionShow",
                                                           "value":  "show",
                                                           "enabled":  true
                                                       }
                                                   ],
                                       "entityKey":  "startMenuPinnedFolderDownloads",
                                       "booleanActions":  0,
                                       "defaultValue":  "notConfigured",
                                       "unconfiguredValue":  "notConfigured",
                                       "policyType":  79,
                                       "enabled":  true
                                   },
                                   {
                                       "dataType":  16,
                                       "category":  111,
                                       "nameResourceKey":  "startMenuPinnedFolderFileExplorerName",
                                       "descriptionResourceKey":  "startMenuPinnedFolderFileExplorerDescription",
                                       "childSettings":  [

                                                         ],
                                       "options":  [
                                                       {
                                                           "nameResourceKey":  "NotConfigured",
                                                           "value":  "notConfigured",
                                                           "enabled":  true
                                                       },
                                                       {
                                                           "nameResourceKey":  "pinnedFolderOptionHide",
                                                           "value":  "hide",
                                                           "enabled":  true
                                                       },
                                                       {
                                                           "nameResourceKey":  "pinnedFolderOptionShow",
                                                           "value":  "show",
                                                           "enabled":  true
                                                       }
                                                   ],
                                       "entityKey":  "startMenuPinnedFolderFileExplorer",
                                       "booleanActions":  0,
                                       "defaultValue":  "notConfigured",
                                       "unconfiguredValue":  "notConfigured",
                                       "policyType":  79,
                                       "enabled":  true
                                   },
                                   {
                                       "dataType":  16,
                                       "category":  111,
                                       "nameResourceKey":  "startMenuPinnedFolderHomeGroupName",
                                       "descriptionResourceKey":  "startMenuPinnedFolderHomeGroupDescription",
                                       "childSettings":  [

                                                         ],
                                       "options":  [
                                                       {
                                                           "nameResourceKey":  "NotConfigured",
                                                           "value":  "notConfigured",
                                                           "enabled":  true
                                                       },
                                                       {
                                                           "nameResourceKey":  "pinnedFolderOptionHide",
                                                           "value":  "hide",
                                                           "enabled":  true
                                                       },
                                                       {
                                                           "nameResourceKey":  "pinnedFolderOptionShow",
                                                           "value":  "show",
                                                           "enabled":  true
                                                       }
                                                   ],
                                       "entityKey":  "startMenuPinnedFolderHomeGroup",
                                       "booleanActions":  0,
                                       "defaultValue":  "notConfigured",
                                       "unconfiguredValue":  "notConfigured",
                                       "policyType":  79,
                                       "enabled":  true
                                   },
                                   {
                                       "dataType":  16,
                                       "category":  111,
                                       "nameResourceKey":  "startMenuPinnedFolderMusicName",
                                       "descriptionResourceKey":  "startMenuPinnedFolderMusicDescription",
                                       "childSettings":  [

                                                         ],
                                       "options":  [
                                                       {
                                                           "nameResourceKey":  "NotConfigured",
                                                           "value":  "notConfigured",
                                                           "enabled":  true
                                                       },
                                                       {
                                                           "nameResourceKey":  "pinnedFolderOptionHide",
                                                           "value":  "hide",
                                                           "enabled":  true
                                                       },
                                                       {
                                                           "nameResourceKey":  "pinnedFolderOptionShow",
                                                           "value":  "show",
                                                           "enabled":  true
                                                       }
                                                   ],
                                       "entityKey":  "startMenuPinnedFolderMusic",
                                       "booleanActions":  0,
                                       "defaultValue":  "notConfigured",
                                       "unconfiguredValue":  "notConfigured",
                                       "policyType":  79,
                                       "enabled":  true
                                   },
                                   {
                                       "dataType":  16,
                                       "category":  111,
                                       "nameResourceKey":  "startMenuPinnedFolderNetworkName",
                                       "descriptionResourceKey":  "startMenuPinnedFolderNetworkDescription",
                                       "childSettings":  [

                                                         ],
                                       "options":  [
                                                       {
                                                           "nameResourceKey":  "NotConfigured",
                                                           "value":  "notConfigured",
                                                           "enabled":  true
                                                       },
                                                       {
                                                           "nameResourceKey":  "pinnedFolderOptionHide",
                                                           "value":  "hide",
                                                           "enabled":  true
                                                       },
                                                       {
                                                           "nameResourceKey":  "pinnedFolderOptionShow",
                                                           "value":  "show",
                                                           "enabled":  true
                                                       }
                                                   ],
                                       "entityKey":  "startMenuPinnedFolderNetwork",
                                       "booleanActions":  0,
                                       "defaultValue":  "notConfigured",
                                       "unconfiguredValue":  "notConfigured",
                                       "policyType":  79,
                                       "enabled":  true
                                   },
                                   {
                                       "dataType":  16,
                                       "category":  111,
                                       "nameResourceKey":  "startMenuPinnedFolderPersonalFolderName",
                                       "descriptionResourceKey":  "startMenuPinnedFolderPersonalFolderDescription",
                                       "childSettings":  [

                                                         ],
                                       "options":  [
                                                       {
                                                           "nameResourceKey":  "NotConfigured",
                                                           "value":  "notConfigured",
                                                           "enabled":  true
                                                       },
                                                       {
                                                           "nameResourceKey":  "pinnedFolderOptionHide",
                                                           "value":  "hide",
                                                           "enabled":  true
                                                       },
                                                       {
                                                           "nameResourceKey":  "pinnedFolderOptionShow",
                                                           "value":  "show",
                                                           "enabled":  true
                                                       }
                                                   ],
                                       "entityKey":  "startMenuPinnedFolderPersonalFolder",
                                       "booleanActions":  0,
                                       "defaultValue":  "notConfigured",
                                       "unconfiguredValue":  "notConfigured",
                                       "policyType":  79,
                                       "enabled":  true
                                   },
                                   {
                                       "dataType":  16,
                                       "category":  111,
                                       "nameResourceKey":  "startMenuPinnedFolderPicturesName",
                                       "descriptionResourceKey":  "startMenuPinnedFolderPicturesDescription",
                                       "childSettings":  [

                                                         ],
                                       "options":  [
                                                       {
                                                           "nameResourceKey":  "NotConfigured",
                                                           "value":  "notConfigured",
                                                           "enabled":  true
                                                       },
                                                       {
                                                           "nameResourceKey":  "pinnedFolderOptionHide",
                                                           "value":  "hide",
                                                           "enabled":  true
                                                       },
                                                       {
                                                           "nameResourceKey":  "pinnedFolderOptionShow",
                                                           "value":  "show",
                                                           "enabled":  true
                                                       }
                                                   ],
                                       "entityKey":  "startMenuPinnedFolderPictures",
                                       "booleanActions":  0,
                                       "defaultValue":  "notConfigured",
                                       "unconfiguredValue":  "notConfigured",
                                       "policyType":  79,
                                       "enabled":  true
                                   },
                                   {
                                       "dataType":  16,
                                       "category":  111,
                                       "nameResourceKey":  "startMenuPinnedFolderSettingsName",
                                       "descriptionResourceKey":  "startMenuPinnedFolderSettingsDescription",
                                       "childSettings":  [

                                                         ],
                                       "options":  [
                                                       {
                                                           "nameResourceKey":  "NotConfigured",
                                                           "value":  "notConfigured",
                                                           "enabled":  true
                                                       },
                                                       {
                                                           "nameResourceKey":  "pinnedFolderOptionHide",
                                                           "value":  "hide",
                                                           "enabled":  true
                                                       },
                                                       {
                                                           "nameResourceKey":  "pinnedFolderOptionShow",
                                                           "value":  "show",
                                                           "enabled":  true
                                                       }
                                                   ],
                                       "entityKey":  "startMenuPinnedFolderSettings",
                                       "booleanActions":  0,
                                       "defaultValue":  "notConfigured",
                                       "unconfiguredValue":  "notConfigured",
                                       "policyType":  79,
                                       "enabled":  true
                                   },
                                   {
                                       "dataType":  16,
                                       "category":  111,
                                       "nameResourceKey":  "startMenuPinnedFolderVideosName",
                                       "descriptionResourceKey":  "startMenuPinnedFolderVideosDescription",
                                       "childSettings":  [

                                                         ],
                                       "options":  [
                                                       {
                                                           "nameResourceKey":  "NotConfigured",
                                                           "value":  "notConfigured",
                                                           "enabled":  true
                                                       },
                                                       {
                                                           "nameResourceKey":  "pinnedFolderOptionHide",
                                                           "value":  "hide",
                                                           "enabled":  true
                                                       },
                                                       {
                                                           "nameResourceKey":  "pinnedFolderOptionShow",
                                                           "value":  "show",
                                                           "enabled":  true
                                                       }
                                                   ],
                                       "entityKey":  "startMenuPinnedFolderVideos",
                                       "booleanActions":  0,
                                       "defaultValue":  "notConfigured",
                                       "unconfiguredValue":  "notConfigured",
                                       "policyType":  79,
                                       "enabled":  true
                                   }
                               ]
}
