{
    "systemsecurity_compliancewindows10":  [
                                               {
                                                   "isSettingDescription":  false,
                                                   "showAsSectionHeader":  false,
                                                   "dataType":  8,
                                                   "category":  113,
                                                   "nameResourceKey":  "compliancePasswordHeader",
                                                   "childSettings":  [
                                                                         {
                                                                             "dataType":  0,
                                                                             "category":  113,
                                                                             "nameResourceKey":  "compliancePasswordRequirementName",
                                                                             "descriptionResourceKey":  "compliancePasswordRequirementDescription",
                                                                             "childSettings":  [
                                                                                                   {
                                                                                                       "dataType":  0,
                                                                                                       "category":  113,
                                                                                                       "nameResourceKey":  "complianceBlockSimplePasswordsName",
                                                                                                       "descriptionResourceKey":  "complianceBlockSimplePasswordsDescription",
                                                                                                       "childSettings":  [

                                                                                                                         ],
                                                                                                       "options":  [

                                                                                                                   ],
                                                                                                       "entityKey":  "passwordBlockSimple",
                                                                                                       "booleanActions":  3,
                                                                                                       "defaultValue":  false,
                                                                                                       "policyType":  35,
                                                                                                       "enabled":  true
                                                                                                   },
                                                                                                   {
                                                                                                       "dataType":  16,
                                                                                                       "category":  113,
                                                                                                       "nameResourceKey":  "complianceWindowsRequiredPasswordTypeName",
                                                                                                       "descriptionResourceKey":  "ComplianceWin10RequiredPasswordTypeDescription",
                                                                                                       "childSettings":  [

                                                                                                                         ],
                                                                                                       "options":  [
                                                                                                                       {
                                                                                                                           "nameResourceKey":  "deviceDefault",
                                                                                                                           "value":  "deviceDefault",
                                                                                                                           "enabled":  true
                                                                                                                       },
                                                                                                                       {
                                                                                                                           "nameResourceKey":  "alphanumericPasswordTypeName",
                                                                                                                           "value":  "alphanumeric",
                                                                                                                           "children":  [
                                                                                                                                            {
                                                                                                                                                "dataType":  16,
                                                                                                                                                "category":  113,
                                                                                                                                                "nameResourceKey":  "passwordComplexityName",
                                                                                                                                                "descriptionResourceKey":  "passwordComplexityDescription",
                                                                                                                                                "childSettings":  [

                                                                                                                                                                  ],
                                                                                                                                                "options":  [
                                                                                                                                                                {
                                                                                                                                                                    "nameResourceKey":  "digitsLowerLettersOption",
                                                                                                                                                                    "value":  2,
                                                                                                                                                                    "enabled":  true
                                                                                                                                                                },
                                                                                                                                                                {
                                                                                                                                                                    "nameResourceKey":  "digitsLowerUpperLettersOption",
                                                                                                                                                                    "value":  3,
                                                                                                                                                                    "enabled":  true
                                                                                                                                                                },
                                                                                                                                                                {
                                                                                                                                                                    "nameResourceKey":  "digitsLowerUpperLettersSpecialCharsOption",
                                                                                                                                                                    "value":  4,
                                                                                                                                                                    "enabled":  true
                                                                                                                                                                }
                                                                                                                                                            ],
                                                                                                                                                "entityKey":  "passwordMinimumCharacterSetCount",
                                                                                                                                                "booleanActions":  0,
                                                                                                                                                "policyType":  35,
                                                                                                                                                "enabled":  true
                                                                                                                                            }
                                                                                                                                        ],
                                                                                                                           "enabled":  true
                                                                                                                       },
                                                                                                                       {
                                                                                                                           "nameResourceKey":  "numericPasswordTypeName",
                                                                                                                           "value":  "numeric",
                                                                                                                           "enabled":  true
                                                                                                                       }
                                                                                                                   ],
                                                                                                       "entityKey":  "passwordRequiredType",
                                                                                                       "booleanActions":  0,
                                                                                                       "defaultValue":  "deviceDefault",
                                                                                                       "unconfiguredValue":  "deviceDefault",
                                                                                                       "policyType":  35,
                                                                                                       "enabled":  true
                                                                                                   },
                                                                                                   {
                                                                                                       "dataType":  14,
                                                                                                       "category":  113,
                                                                                                       "nameResourceKey":  "complianceMinimumPasswordLengthName",
                                                                                                       "descriptionResourceKey":  "complianceMinimumPasswordLengthDescription",
                                                                                                       "emptyValueResourceKey":  "ComplianceMinimumPasswordLengthPlaceholder",
                                                                                                       "childSettings":  [

                                                                                                                         ],
                                                                                                       "options":  [

                                                                                                                   ],
                                                                                                       "entityKey":  "passwordMinimumLength",
                                                                                                       "booleanActions":  0,
                                                                                                       "policyType":  35,
                                                                                                       "enabled":  true
                                                                                                   },
                                                                                                   {
                                                                                                       "dataType":  16,
                                                                                                       "category":  113,
                                                                                                       "nameResourceKey":  "complianceMinutesOfInactivityBeforePasswordRequiredName",
                                                                                                       "descriptionResourceKey":  "complianceMinutesOfInactivityBeforePasswordRequiredDescription",
                                                                                                       "childSettings":  [

                                                                                                                         ],
                                                                                                       "options":  [
                                                                                                                       {
                                                                                                                           "nameResourceKey":  "notConfigured",
                                                                                                                           "enabled":  true
                                                                                                                       },
                                                                                                                       {
                                                                                                                           "nameResourceKey":  "oneMinuteOption",
                                                                                                                           "value":  1,
                                                                                                                           "enabled":  true
                                                                                                                       },
                                                                                                                       {
                                                                                                                           "nameResourceKey":  "fiveMinutesOption",
                                                                                                                           "value":  5,
                                                                                                                           "enabled":  true
                                                                                                                       },
                                                                                                                       {
                                                                                                                           "nameResourceKey":  "fifteenMinutesOption",
                                                                                                                           "value":  15,
                                                                                                                           "enabled":  true
                                                                                                                       },
                                                                                                                       {
                                                                                                                           "nameResourceKey":  "oneHourOption",
                                                                                                                           "value":  60,
                                                                                                                           "enabled":  true
                                                                                                                       },
                                                                                                                       {
                                                                                                                           "nameResourceKey":  "fourHoursOption",
                                                                                                                           "value":  240,
                                                                                                                           "enabled":  true
                                                                                                                       },
                                                                                                                       {
                                                                                                                           "nameResourceKey":  "eightHoursOption",
                                                                                                                           "value":  480,
                                                                                                                           "enabled":  true
                                                                                                                       }
                                                                                                                   ],
                                                                                                       "entityKey":  "passwordMinutesOfInactivityBeforeLock",
                                                                                                       "booleanActions":  0,
                                                                                                       "policyType":  35,
                                                                                                       "enabled":  true
                                                                                                   },
                                                                                                   {
                                                                                                       "dataType":  14,
                                                                                                       "category":  113,
                                                                                                       "nameResourceKey":  "compliancePasswordExpirationName",
                                                                                                       "descriptionResourceKey":  "compliancePasswordExpirationDescription",
                                                                                                       "emptyValueResourceKey":  "CompliancePasswordExpirationPlaceholder",
                                                                                                       "childSettings":  [

                                                                                                                         ],
                                                                                                       "options":  [

                                                                                                                   ],
                                                                                                       "entityKey":  "passwordExpirationDays",
                                                                                                       "booleanActions":  0,
                                                                                                       "policyType":  35,
                                                                                                       "enabled":  true
                                                                                                   },
                                                                                                   {
                                                                                                       "dataType":  14,
                                                                                                       "category":  113,
                                                                                                       "nameResourceKey":  "complianceNumberOfPreviousPasswordsToBlockName",
                                                                                                       "descriptionResourceKey":  "complianceNumberOfPreviousPasswordsToBlockDescription",
                                                                                                       "emptyValueResourceKey":  "ComplianceNumberOfPreviousPasswordsToBlockPlaceholder",
                                                                                                       "childSettings":  [

                                                                                                                         ],
                                                                                                       "options":  [

                                                                                                                   ],
                                                                                                       "entityKey":  "passwordPreviousPasswordBlockCount",
                                                                                                       "booleanActions":  0,
                                                                                                       "policyType":  35,
                                                                                                       "enabled":  true
                                                                                                   },
                                                                                                   {
                                                                                                       "dataType":  0,
                                                                                                       "category":  113,
                                                                                                       "nameResourceKey":  "requirePasswordFromIdleName",
                                                                                                       "descriptionResourceKey":  "requirePasswordFromIdleDescription",
                                                                                                       "childSettings":  [

                                                                                                                         ],
                                                                                                       "options":  [

                                                                                                                   ],
                                                                                                       "entityKey":  "passwordRequiredToUnlockFromIdle",
                                                                                                       "booleanActions":  1,
                                                                                                       "defaultValue":  false,
                                                                                                       "policyType":  35,
                                                                                                       "enabled":  true
                                                                                                   }
                                                                                               ],
                                                                             "options":  [

                                                                                         ],
                                                                             "entityKey":  "passwordRequired",
                                                                             "booleanActions":  1,
                                                                             "defaultValue":  false,
                                                                             "policyType":  35,
                                                                             "enabled":  true
                                                                         }
                                                                     ],
                                                   "options":  [

                                                               ],
                                                   "booleanActions":  0,
                                                   "policyType":  35,
                                                   "enabled":  true
                                               },
                                               {
                                                   "isSettingDescription":  false,
                                                   "showAsSectionHeader":  false,
                                                   "dataType":  8,
                                                   "category":  113,
                                                   "nameResourceKey":  "complianceEncryptionHeader",
                                                   "childSettings":  [
                                                                         {
                                                                             "dataType":  0,
                                                                             "category":  113,
                                                                             "nameResourceKey":  "complianceRequireEncryptionName",
                                                                             "descriptionResourceKey":  "complianceRequireEncryptionDescription",
                                                                             "childSettings":  [

                                                                                               ],
                                                                             "options":  [

                                                                                         ],
                                                                             "entityKey":  "storageRequireEncryption",
                                                                             "booleanActions":  1,
                                                                             "defaultValue":  false,
                                                                             "policyType":  35,
                                                                             "enabled":  true
                                                                         }
                                                                     ],
                                                   "options":  [

                                                               ],
                                                   "booleanActions":  0,
                                                   "policyType":  35,
                                                   "enabled":  true
                                               },
                                               {
                                                   "isSettingDescription":  false,
                                                   "showAsSectionHeader":  false,
                                                   "dataType":  8,
                                                   "category":  113,
                                                   "nameResourceKey":  "complianceDeviceSecurityHeader",
                                                   "childSettings":  [
                                                                         {
                                                                             "dataType":  0,
                                                                             "category":  113,
                                                                             "nameResourceKey":  "complianceRequireFirewallName",
                                                                             "descriptionResourceKey":  "complianceRequireFirewallDescription",
                                                                             "childSettings":  [

                                                                                               ],
                                                                             "options":  [

                                                                                         ],
                                                                             "entityKey":  "activeFirewallRequired",
                                                                             "booleanActions":  1,
                                                                             "defaultValue":  false,
                                                                             "policyType":  35,
                                                                             "enabled":  true
                                                                         },
                                                                         {
                                                                             "dataType":  0,
                                                                             "category":  113,
                                                                             "nameResourceKey":  "complianceTpmRequirementName",
                                                                             "descriptionResourceKey":  "complianceTpmRequiredDescription",
                                                                             "childSettings":  [

                                                                                               ],
                                                                             "options":  [

                                                                                         ],
                                                                             "entityKey":  "tpmRequired",
                                                                             "booleanActions":  1,
                                                                             "defaultValue":  false,
                                                                             "policyType":  35,
                                                                             "enabled":  true
                                                                         },
                                                                         {
                                                                             "dataType":  0,
                                                                             "category":  113,
                                                                             "nameResourceKey":  "complianceAntivirusRequirementName",
                                                                             "descriptionResourceKey":  "complianceAntivirusRequirementDescription",
                                                                             "childSettings":  [
                                                                                                   {
                                                                                                       "dataType":  0,
                                                                                                       "category":  113,
                                                                                                       "nameResourceKey":  "complianceAntivirusSignatureUpToDateName",
                                                                                                       "descriptionResourceKey":  "complianceAntivirusSignatureUpToDateDescription",
                                                                                                       "childSettings":  [

                                                                                                                         ],
                                                                                                       "options":  [

                                                                                                                   ],
                                                                                                       "entityKey":  "antivirusRequireCurrentSignature",
                                                                                                       "booleanActions":  1,
                                                                                                       "defaultValue":  false,
                                                                                                       "policyType":  35,
                                                                                                       "enabled":  false
                                                                                                   }
                                                                                               ],
                                                                             "options":  [

                                                                                         ],
                                                                             "entityKey":  "antivirusRequired",
                                                                             "booleanActions":  1,
                                                                             "defaultValue":  false,
                                                                             "policyType":  35,
                                                                             "enabled":  true
                                                                         },
                                                                         {
                                                                             "dataType":  0,
                                                                             "category":  113,
                                                                             "nameResourceKey":  "complianceAntiSpywareRequirementName",
                                                                             "descriptionResourceKey":  "complianceAntiSpywareRequirementDescription",
                                                                             "childSettings":  [
                                                                                                   {
                                                                                                       "dataType":  0,
                                                                                                       "category":  113,
                                                                                                       "nameResourceKey":  "complianceAntiSpywareSignatureUpToDateName",
                                                                                                       "descriptionResourceKey":  "complianceAntiSpywareSignatureUpToDateDescription",
                                                                                                       "childSettings":  [

                                                                                                                         ],
                                                                                                       "options":  [

                                                                                                                   ],
                                                                                                       "entityKey":  "antiSpywareRequireCurrentSignature",
                                                                                                       "booleanActions":  1,
                                                                                                       "defaultValue":  false,
                                                                                                       "policyType":  35,
                                                                                                       "enabled":  false
                                                                                                   }
                                                                                               ],
                                                                             "options":  [

                                                                                         ],
                                                                             "entityKey":  "antiSpywareRequired",
                                                                             "booleanActions":  1,
                                                                             "defaultValue":  false,
                                                                             "policyType":  35,
                                                                             "enabled":  true
                                                                         }
                                                                     ],
                                                   "options":  [

                                                               ],
                                                   "booleanActions":  0,
                                                   "policyType":  35,
                                                   "enabled":  true
                                               },
                                               {
                                                   "isSettingDescription":  false,
                                                   "showAsSectionHeader":  false,
                                                   "dataType":  8,
                                                   "category":  113,
                                                   "nameResourceKey":  "complianceWindowsDefenderHeader",
                                                   "childSettings":  [
                                                                         {
                                                                             "dataType":  0,
                                                                             "category":  113,
                                                                             "nameResourceKey":  "complianceRequireWindowsDefenderAntimalwareName",
                                                                             "descriptionResourceKey":  "complianceRequireWindowsDefenderAntimalwareDescription",
                                                                             "childSettings":  [
                                                                                                   {
                                                                                                       "dataType":  20,
                                                                                                       "category":  113,
                                                                                                       "nameResourceKey":  "complianceWindowsDefenderMinimumVersionName",
                                                                                                       "descriptionResourceKey":  "complianceWindowsDefenderMinimumVersionDescription",
                                                                                                       "childSettings":  [

                                                                                                                         ],
                                                                                                       "options":  [

                                                                                                                   ],
                                                                                                       "entityKey":  "defenderVersion",
                                                                                                       "booleanActions":  0,
                                                                                                       "policyType":  35,
                                                                                                       "enabled":  true
                                                                                                   },
                                                                                                   {
                                                                                                       "dataType":  0,
                                                                                                       "category":  113,
                                                                                                       "nameResourceKey":  "complianceRequireWindowsDefenderSignatureName",
                                                                                                       "descriptionResourceKey":  "complianceRequireWindowsDefenderSignatureDescription",
                                                                                                       "childSettings":  [

                                                                                                                         ],
                                                                                                       "options":  [

                                                                                                                   ],
                                                                                                       "entityKey":  "signatureOutOfDate",
                                                                                                       "booleanActions":  1,
                                                                                                       "defaultValue":  false,
                                                                                                       "policyType":  35,
                                                                                                       "enabled":  true
                                                                                                   },
                                                                                                   {
                                                                                                       "dataType":  0,
                                                                                                       "category":  113,
                                                                                                       "nameResourceKey":  "complianceRequireRealTimeProtectionName",
                                                                                                       "descriptionResourceKey":  "complianceRequireRealTimeProtectionDescription",
                                                                                                       "childSettings":  [

                                                                                                                         ],
                                                                                                       "options":  [

                                                                                                                   ],
                                                                                                       "entityKey":  "rtpEnabled",
                                                                                                       "booleanActions":  1,
                                                                                                       "defaultValue":  false,
                                                                                                       "policyType":  35,
                                                                                                       "enabled":  true
                                                                                                   }
                                                                                               ],
                                                                             "options":  [

                                                                                         ],
                                                                             "entityKey":  "defenderEnabled",
                                                                             "booleanActions":  1,
                                                                             "defaultValue":  false,
                                                                             "policyType":  35,
                                                                             "enabled":  true
                                                                         }
                                                                     ],
                                                   "options":  [

                                                               ],
                                                   "booleanActions":  0,
                                                   "policyType":  35,
                                                   "enabled":  true
                                               }
                                           ]
}
