{
    "systemsecurity_complianceios":  [
                                         {
                                             "isSettingDescription":  false,
                                             "showAsSectionHeader":  true,
                                             "dataType":  8,
                                             "category":  113,
                                             "nameResourceKey":  "AllEnrollmentTypesHeader",
                                             "descriptionResourceKey":  "AllEnrollmentTypesDescription",
                                             "childSettings":  [

                                                               ],
                                             "options":  [

                                                         ],
                                             "booleanActions":  0,
                                             "policyType":  33,
                                             "enabled":  true
                                         },
                                         {
                                             "isSettingDescription":  false,
                                             "showAsSectionHeader":  true,
                                             "dataType":  8,
                                             "category":  113,
                                             "descriptionResourceKey":  "AllEnrollmentTypesSecondDescription",
                                             "childSettings":  [

                                                               ],
                                             "options":  [

                                                         ],
                                             "booleanActions":  0,
                                             "policyType":  33,
                                             "enabled":  true
                                         },
                                         {
                                             "isSettingDescription":  false,
                                             "showAsSectionHeader":  false,
                                             "dataType":  8,
                                             "category":  113,
                                             "nameResourceKey":  "compliancePasswordHeader",
                                             "childSettings":  [
                                                                   {
                                                                       "dataType":  0,
                                                                       "category":  113,
                                                                       "nameResourceKey":  "compliancePasswordRequirementName",
                                                                       "descriptionResourceKey":  "compliancePasswordRequirementDescription",
                                                                       "childSettings":  [
                                                                                             {
                                                                                                 "isSettingDescription":  false,
                                                                                                 "showAsSectionHeader":  true,
                                                                                                 "dataType":  8,
                                                                                                 "category":  113,
                                                                                                 "nameResourceKey":  "DeviceEnrollmentAndAutomatedDeviceEnrollmentHeaderName",
                                                                                                 "descriptionResourceKey":  "DeviceEnrollmentAndAutomatedDeviceEnrollmentDescription",
                                                                                                 "childSettings":  [

                                                                                                                   ],
                                                                                                 "options":  [

                                                                                                             ],
                                                                                                 "booleanActions":  0,
                                                                                                 "policyType":  33,
                                                                                                 "enabled":  true
                                                                                             },
                                                                                             {
                                                                                                 "dataType":  0,
                                                                                                 "category":  113,
                                                                                                 "nameResourceKey":  "complianceBlockSimplePasswordsName",
                                                                                                 "descriptionResourceKey":  "complianceBlockSimplePasswordsDescription",
                                                                                                 "childSettings":  [

                                                                                                                   ],
                                                                                                 "options":  [

                                                                                                             ],
                                                                                                 "entityKey":  "passcodeBlockSimple",
                                                                                                 "booleanActions":  3,
                                                                                                 "defaultValue":  false,
                                                                                                 "policyType":  33,
                                                                                                 "enabled":  true
                                                                                             },
                                                                                             {
                                                                                                 "dataType":  14,
                                                                                                 "category":  113,
                                                                                                 "nameResourceKey":  "complianceMinimumPasswordLengthName",
                                                                                                 "descriptionResourceKey":  "complianceMinimumPasswordLengthDescription",
                                                                                                 "emptyValueResourceKey":  "minimumPasswordLengthEmptyValueKeyFourToFourteen",
                                                                                                 "childSettings":  [

                                                                                                                   ],
                                                                                                 "options":  [

                                                                                                             ],
                                                                                                 "entityKey":  "passcodeMinimumLength",
                                                                                                 "booleanActions":  0,
                                                                                                 "policyType":  33,
                                                                                                 "enabled":  true
                                                                                             },
                                                                                             {
                                                                                                 "dataType":  16,
                                                                                                 "category":  113,
                                                                                                 "nameResourceKey":  "requiredPasswordTypeName",
                                                                                                 "descriptionResourceKey":  "complianceRequiredPasswordTypeDescription",
                                                                                                 "childSettings":  [

                                                                                                                   ],
                                                                                                 "options":  [
                                                                                                                 {
                                                                                                                     "nameResourceKey":  "notConfigured",
                                                                                                                     "value":  "deviceDefault",
                                                                                                                     "enabled":  true
                                                                                                                 },
                                                                                                                 {
                                                                                                                     "nameResourceKey":  "alphanumericPasswordTypeName",
                                                                                                                     "value":  "alphanumeric",
                                                                                                                     "enabled":  true
                                                                                                                 },
                                                                                                                 {
                                                                                                                     "nameResourceKey":  "numericPasswordTypeName",
                                                                                                                     "value":  "numeric",
                                                                                                                     "enabled":  true
                                                                                                                 }
                                                                                                             ],
                                                                                                 "entityKey":  "passcodeRequiredType",
                                                                                                 "booleanActions":  0,
                                                                                                 "defaultValue":  "deviceDefault",
                                                                                                 "unconfiguredValue":  "deviceDefault",
                                                                                                 "policyType":  33,
                                                                                                 "enabled":  true
                                                                                             },
                                                                                             {
                                                                                                 "dataType":  16,
                                                                                                 "category":  113,
                                                                                                 "nameResourceKey":  "numberOfComplexCharactersInPasswordName",
                                                                                                 "descriptionResourceKey":  "numberOfComplexCharactersInPasswordDescription",
                                                                                                 "childSettings":  [

                                                                                                                   ],
                                                                                                 "options":  [
                                                                                                                 {
                                                                                                                     "nameResourceKey":  "notConfigured",
                                                                                                                     "enabled":  true
                                                                                                                 },
                                                                                                                 {
                                                                                                                     "displayText":  "0",
                                                                                                                     "value":  0,
                                                                                                                     "enabled":  true
                                                                                                                 },
                                                                                                                 {
                                                                                                                     "displayText":  "1",
                                                                                                                     "value":  1,
                                                                                                                     "enabled":  true
                                                                                                                 },
                                                                                                                 {
                                                                                                                     "displayText":  "2",
                                                                                                                     "value":  2,
                                                                                                                     "enabled":  true
                                                                                                                 },
                                                                                                                 {
                                                                                                                     "displayText":  "3",
                                                                                                                     "value":  3,
                                                                                                                     "enabled":  true
                                                                                                                 },
                                                                                                                 {
                                                                                                                     "displayText":  "4",
                                                                                                                     "value":  4,
                                                                                                                     "enabled":  true
                                                                                                                 }
                                                                                                             ],
                                                                                                 "entityKey":  "passcodeMinimumCharacterSetCount",
                                                                                                 "booleanActions":  0,
                                                                                                 "policyType":  33,
                                                                                                 "enabled":  true
                                                                                             },
                                                                                             {
                                                                                                 "dataType":  16,
                                                                                                 "category":  113,
                                                                                                 "nameResourceKey":  "minutesOfInactivityBeforePassword",
                                                                                                 "descriptionResourceKey":  "minutesOfInactivityBeforePasswordDescription",
                                                                                                 "childSettings":  [

                                                                                                                   ],
                                                                                                 "options":  [
                                                                                                                 {
                                                                                                                     "nameResourceKey":  "notConfigured",
                                                                                                                     "enabled":  true
                                                                                                                 },
                                                                                                                 {
                                                                                                                     "nameResourceKey":  "immediatelyOption",
                                                                                                                     "value":  0,
                                                                                                                     "enabled":  true
                                                                                                                 },
                                                                                                                 {
                                                                                                                     "nameResourceKey":  "oneMinuteOption",
                                                                                                                     "value":  1,
                                                                                                                     "enabled":  true
                                                                                                                 },
                                                                                                                 {
                                                                                                                     "nameResourceKey":  "fiveMinutesOption",
                                                                                                                     "value":  5,
                                                                                                                     "enabled":  true
                                                                                                                 },
                                                                                                                 {
                                                                                                                     "nameResourceKey":  "fifteenMinutesOption",
                                                                                                                     "value":  15,
                                                                                                                     "enabled":  true
                                                                                                                 },
                                                                                                                 {
                                                                                                                     "nameResourceKey":  "oneHourOption",
                                                                                                                     "value":  60,
                                                                                                                     "enabled":  true
                                                                                                                 },
                                                                                                                 {
                                                                                                                     "nameResourceKey":  "fourHoursOption",
                                                                                                                     "value":  240,
                                                                                                                     "enabled":  true
                                                                                                                 }
                                                                                                             ],
                                                                                                 "entityKey":  "passcodeMinutesOfInactivityBeforeLock",
                                                                                                 "booleanActions":  0,
                                                                                                 "policyType":  33,
                                                                                                 "enabled":  true
                                                                                             },
                                                                                             {
                                                                                                 "dataType":  16,
                                                                                                 "category":  113,
                                                                                                 "nameResourceKey":  "minutesOfInactivityBeforeScreenTurnsOffName",
                                                                                                 "descriptionResourceKey":  "minutesOfInactivityBeforeScreenTurnsOffDescription",
                                                                                                 "childSettings":  [

                                                                                                                   ],
                                                                                                 "options":  [
                                                                                                                 {
                                                                                                                     "nameResourceKey":  "notConfigured",
                                                                                                                     "enabled":  true
                                                                                                                 },
                                                                                                                 {
                                                                                                                     "nameResourceKey":  "immediatelyOption",
                                                                                                                     "value":  0,
                                                                                                                     "enabled":  true
                                                                                                                 },
                                                                                                                 {
                                                                                                                     "nameResourceKey":  "oneMinuteOption",
                                                                                                                     "value":  1,
                                                                                                                     "enabled":  true
                                                                                                                 },
                                                                                                                 {
                                                                                                                     "nameResourceKey":  "twoMinutesOption",
                                                                                                                     "value":  2,
                                                                                                                     "enabled":  true
                                                                                                                 },
                                                                                                                 {
                                                                                                                     "nameResourceKey":  "threeMinutesOption",
                                                                                                                     "value":  3,
                                                                                                                     "enabled":  true
                                                                                                                 },
                                                                                                                 {
                                                                                                                     "nameResourceKey":  "fourMinutesOption",
                                                                                                                     "value":  4,
                                                                                                                     "enabled":  true
                                                                                                                 },
                                                                                                                 {
                                                                                                                     "nameResourceKey":  "fiveMinutesOption",
                                                                                                                     "value":  5,
                                                                                                                     "enabled":  true
                                                                                                                 },
                                                                                                                 {
                                                                                                                     "nameResourceKey":  "tenMinutesOption",
                                                                                                                     "value":  10,
                                                                                                                     "enabled":  true
                                                                                                                 },
                                                                                                                 {
                                                                                                                     "nameResourceKey":  "fifteenMinutesOption",
                                                                                                                     "value":  15,
                                                                                                                     "enabled":  true
                                                                                                                 }
                                                                                                             ],
                                                                                                 "entityKey":  "passcodeMinutesOfInactivityBeforeScreenTimeout",
                                                                                                 "booleanActions":  0,
                                                                                                 "policyType":  33,
                                                                                                 "enabled":  true
                                                                                             },
                                                                                             {
                                                                                                 "dataType":  14,
                                                                                                 "category":  113,
                                                                                                 "nameResourceKey":  "compliancePasswordExpirationName",
                                                                                                 "descriptionResourceKey":  "compliancePasswordExpirationDescription",
                                                                                                 "emptyValueResourceKey":  "iOSMacPasswordExpirationInDaysEmptyValueKey",
                                                                                                 "childSettings":  [

                                                                                                                   ],
                                                                                                 "options":  [

                                                                                                             ],
                                                                                                 "entityKey":  "passcodeExpirationDays",
                                                                                                 "booleanActions":  0,
                                                                                                 "policyType":  33,
                                                                                                 "enabled":  true
                                                                                             },
                                                                                             {
                                                                                                 "dataType":  14,
                                                                                                 "category":  113,
                                                                                                 "nameResourceKey":  "complianceNumberOfPreviousPasswordsToBlockName",
                                                                                                 "descriptionResourceKey":  "complianceNumberOfPreviousPasswordsToBlockDescription",
                                                                                                 "emptyValueResourceKey":  "numberOfPreviousPasswordsToBlockEmptyValueKey",
                                                                                                 "childSettings":  [

                                                                                                                   ],
                                                                                                 "options":  [

                                                                                                             ],
                                                                                                 "entityKey":  "passcodePreviousPasscodeBlockCount",
                                                                                                 "booleanActions":  0,
                                                                                                 "policyType":  33,
                                                                                                 "enabled":  true
                                                                                             }
                                                                                         ],
                                                                       "options":  [

                                                                                   ],
                                                                       "entityKey":  "passcodeRequired",
                                                                       "booleanActions":  1,
                                                                       "defaultValue":  false,
                                                                       "policyType":  33,
                                                                       "enabled":  true
                                                                   }
                                                               ],
                                             "options":  [

                                                         ],
                                             "booleanActions":  0,
                                             "policyType":  33,
                                             "enabled":  true
                                         },
                                         {
                                             "isSettingDescription":  false,
                                             "showAsSectionHeader":  false,
                                             "dataType":  8,
                                             "category":  113,
                                             "nameResourceKey":  "complianceDeviceSecurityHeader",
                                             "childSettings":  [
                                                                   {
                                                                       "columns":  [
                                                                                       {
                                                                                           "metadata":  {
                                                                                                            "dataType":  20,
                                                                                                            "category":  113,
                                                                                                            "nameResourceKey":  "RestrictedAppsAppName",
                                                                                                            "descriptionResourceKey":  "empty",
                                                                                                            "emptyValueResourceKey":  "RestrictedAppsAppName",
                                                                                                            "childSettings":  [

                                                                                                                              ],
                                                                                                            "options":  [

                                                                                                                        ],
                                                                                                            "entityKey":  "name",
                                                                                                            "booleanActions":  0,
                                                                                                            "policyType":  33,
                                                                                                            "enabled":  true
                                                                                                        }
                                                                                       },
                                                                                       {
                                                                                           "metadata":  {
                                                                                                            "dataType":  20,
                                                                                                            "category":  113,
                                                                                                            "nameResourceKey":  "RestrictedAppsBundleId",
                                                                                                            "descriptionResourceKey":  "empty",
                                                                                                            "emptyValueResourceKey":  "RestrictedAppsBundleId",
                                                                                                            "childSettings":  [

                                                                                                                              ],
                                                                                                            "options":  [

                                                                                                                        ],
                                                                                                            "entityKey":  "appId",
                                                                                                            "booleanActions":  0,
                                                                                                            "policyType":  33,
                                                                                                            "enabled":  true
                                                                                                        }
                                                                                       }
                                                                                   ],
                                                                       "dataType":  21,
                                                                       "category":  113,
                                                                       "nameResourceKey":  "RestrictedAppsName",
                                                                       "descriptionResourceKey":  "restrictedAppsHelpDescription",
                                                                       "childSettings":  [

                                                                                         ],
                                                                       "options":  [

                                                                                   ],
                                                                       "entityKey":  "restrictedApps",
                                                                       "booleanActions":  0,
                                                                       "policyType":  33,
                                                                       "enabled":  true
                                                                   }
                                                               ],
                                             "options":  [

                                                         ],
                                             "booleanActions":  0,
                                             "policyType":  33,
                                             "enabled":  true
                                         }
                                     ]
}
