{
    "systemsecurity_compliancemac":  [
                                         {
                                             "isSettingDescription":  false,
                                             "showAsSectionHeader":  false,
                                             "dataType":  8,
                                             "category":  113,
                                             "nameResourceKey":  "compliancePasswordHeader",
                                             "childSettings":  [
                                                                   {
                                                                       "dataType":  0,
                                                                       "category":  113,
                                                                       "nameResourceKey":  "compliancePasswordRequirementDeviceName",
                                                                       "descriptionResourceKey":  "compliancePasswordRequirementDeviceDescription",
                                                                       "childSettings":  [
                                                                                             {
                                                                                                 "dataType":  0,
                                                                                                 "category":  113,
                                                                                                 "nameResourceKey":  "complianceBlockSimplePasswordsName",
                                                                                                 "descriptionResourceKey":  "complianceBlockSimplePasswordsDeviceDescription",
                                                                                                 "childSettings":  [

                                                                                                                   ],
                                                                                                 "options":  [

                                                                                                             ],
                                                                                                 "entityKey":  "passwordBlockSimple",
                                                                                                 "booleanActions":  3,
                                                                                                 "defaultValue":  false,
                                                                                                 "policyType":  34,
                                                                                                 "enabled":  true
                                                                                             },
                                                                                             {
                                                                                                 "dataType":  14,
                                                                                                 "category":  113,
                                                                                                 "nameResourceKey":  "complianceMinimumPasswordLengthName",
                                                                                                 "descriptionResourceKey":  "complianceMinimumPasswordLengthDescription",
                                                                                                 "emptyValueResourceKey":  "ComplianceMinimumPasswordLengthPlaceholder",
                                                                                                 "childSettings":  [

                                                                                                                   ],
                                                                                                 "options":  [

                                                                                                             ],
                                                                                                 "entityKey":  "passwordMinimumLength",
                                                                                                 "booleanActions":  0,
                                                                                                 "policyType":  34,
                                                                                                 "enabled":  true
                                                                                             },
                                                                                             {
                                                                                                 "dataType":  16,
                                                                                                 "category":  113,
                                                                                                 "nameResourceKey":  "complianceWindowsRequiredPasswordTypeName",
                                                                                                 "descriptionResourceKey":  "complianceRequiredPasswordTypeDescription",
                                                                                                 "childSettings":  [

                                                                                                                   ],
                                                                                                 "options":  [
                                                                                                                 {
                                                                                                                     "nameResourceKey":  "deviceDefault",
                                                                                                                     "value":  "deviceDefault",
                                                                                                                     "enabled":  true
                                                                                                                 },
                                                                                                                 {
                                                                                                                     "nameResourceKey":  "alphanumericPasswordTypeName",
                                                                                                                     "value":  "alphanumeric",
                                                                                                                     "enabled":  true
                                                                                                                 },
                                                                                                                 {
                                                                                                                     "nameResourceKey":  "numericPasswordTypeName",
                                                                                                                     "value":  "numeric",
                                                                                                                     "enabled":  true
                                                                                                                 }
                                                                                                             ],
                                                                                                 "entityKey":  "passwordRequiredType",
                                                                                                 "booleanActions":  0,
                                                                                                 "defaultValue":  "deviceDefault",
                                                                                                 "unconfiguredValue":  "deviceDefault",
                                                                                                 "policyType":  34,
                                                                                                 "enabled":  true
                                                                                             },
                                                                                             {
                                                                                                 "dataType":  16,
                                                                                                 "category":  113,
                                                                                                 "nameResourceKey":  "numberOfComplexCharactersInPasswordName",
                                                                                                 "descriptionResourceKey":  "numberOfComplexCharactersInPasswordDescription",
                                                                                                 "childSettings":  [

                                                                                                                   ],
                                                                                                 "options":  [
                                                                                                                 {
                                                                                                                     "nameResourceKey":  "notConfigured",
                                                                                                                     "enabled":  true
                                                                                                                 },
                                                                                                                 {
                                                                                                                     "displayText":  "0",
                                                                                                                     "value":  0,
                                                                                                                     "enabled":  true
                                                                                                                 },
                                                                                                                 {
                                                                                                                     "displayText":  "1",
                                                                                                                     "value":  1,
                                                                                                                     "enabled":  true
                                                                                                                 },
                                                                                                                 {
                                                                                                                     "displayText":  "2",
                                                                                                                     "value":  2,
                                                                                                                     "enabled":  true
                                                                                                                 },
                                                                                                                 {
                                                                                                                     "displayText":  "3",
                                                                                                                     "value":  3,
                                                                                                                     "enabled":  true
                                                                                                                 },
                                                                                                                 {
                                                                                                                     "displayText":  "4",
                                                                                                                     "value":  4,
                                                                                                                     "enabled":  true
                                                                                                                 }
                                                                                                             ],
                                                                                                 "entityKey":  "passwordMinimumCharacterSetCount",
                                                                                                 "booleanActions":  0,
                                                                                                 "policyType":  34,
                                                                                                 "enabled":  true
                                                                                             },
                                                                                             {
                                                                                                 "dataType":  16,
                                                                                                 "category":  113,
                                                                                                 "nameResourceKey":  "complianceMinutesOfInactivityBeforePasswordRequiredName",
                                                                                                 "descriptionResourceKey":  "complianceMinutesOfInactivityBeforePasswordRequiredDeviceDescription",
                                                                                                 "childSettings":  [

                                                                                                                   ],
                                                                                                 "options":  [
                                                                                                                 {
                                                                                                                     "nameResourceKey":  "notConfigured",
                                                                                                                     "enabled":  true
                                                                                                                 },
                                                                                                                 {
                                                                                                                     "nameResourceKey":  "oneMinuteOption",
                                                                                                                     "value":  1,
                                                                                                                     "enabled":  true
                                                                                                                 },
                                                                                                                 {
                                                                                                                     "nameResourceKey":  "fiveMinutesOption",
                                                                                                                     "value":  5,
                                                                                                                     "enabled":  true
                                                                                                                 },
                                                                                                                 {
                                                                                                                     "nameResourceKey":  "fifteenMinutesOption",
                                                                                                                     "value":  15,
                                                                                                                     "enabled":  true
                                                                                                                 },
                                                                                                                 {
                                                                                                                     "nameResourceKey":  "oneHourOption",
                                                                                                                     "value":  60,
                                                                                                                     "enabled":  true
                                                                                                                 },
                                                                                                                 {
                                                                                                                     "nameResourceKey":  "fourHoursOption",
                                                                                                                     "value":  240,
                                                                                                                     "enabled":  true
                                                                                                                 }
                                                                                                             ],
                                                                                                 "entityKey":  "passwordMinutesOfInactivityBeforeLock",
                                                                                                 "booleanActions":  0,
                                                                                                 "policyType":  34,
                                                                                                 "enabled":  true
                                                                                             },
                                                                                             {
                                                                                                 "dataType":  14,
                                                                                                 "category":  113,
                                                                                                 "nameResourceKey":  "compliancePasswordExpirationName",
                                                                                                 "descriptionResourceKey":  "compliancePasswordExpirationDescription",
                                                                                                 "emptyValueResourceKey":  "CompliancePasswordExpirationPlaceholder",
                                                                                                 "childSettings":  [

                                                                                                                   ],
                                                                                                 "options":  [

                                                                                                             ],
                                                                                                 "entityKey":  "passwordExpirationDays",
                                                                                                 "booleanActions":  0,
                                                                                                 "policyType":  34,
                                                                                                 "enabled":  true
                                                                                             },
                                                                                             {
                                                                                                 "dataType":  14,
                                                                                                 "category":  113,
                                                                                                 "nameResourceKey":  "complianceNumberOfPreviousPasswordsToBlockName",
                                                                                                 "descriptionResourceKey":  "complianceNumberOfPreviousPasswordsToBlockDescription",
                                                                                                 "emptyValueResourceKey":  "ComplianceNumberOfPreviousPasswordsToBlockPlaceholder",
                                                                                                 "childSettings":  [

                                                                                                                   ],
                                                                                                 "options":  [

                                                                                                             ],
                                                                                                 "entityKey":  "passwordPreviousPasswordBlockCount",
                                                                                                 "booleanActions":  0,
                                                                                                 "policyType":  34,
                                                                                                 "enabled":  true
                                                                                             }
                                                                                         ],
                                                                       "options":  [

                                                                                   ],
                                                                       "entityKey":  "passwordRequired",
                                                                       "booleanActions":  1,
                                                                       "defaultValue":  false,
                                                                       "policyType":  34,
                                                                       "enabled":  true
                                                                   }
                                                               ],
                                             "options":  [

                                                         ],
                                             "booleanActions":  0,
                                             "policyType":  34,
                                             "enabled":  true
                                         },
                                         {
                                             "isSettingDescription":  false,
                                             "showAsSectionHeader":  false,
                                             "dataType":  8,
                                             "category":  113,
                                             "nameResourceKey":  "complianceEncryptionHeader",
                                             "childSettings":  [
                                                                   {
                                                                       "dataType":  0,
                                                                       "category":  113,
                                                                       "nameResourceKey":  "complianceRequireEncryptionName",
                                                                       "descriptionResourceKey":  "complianceRequireEncryptionDescription",
                                                                       "childSettings":  [

                                                                                         ],
                                                                       "options":  [

                                                                                   ],
                                                                       "entityKey":  "storageRequireEncryption",
                                                                       "booleanActions":  1,
                                                                       "defaultValue":  false,
                                                                       "policyType":  34,
                                                                       "enabled":  true
                                                                   }
                                                               ],
                                             "options":  [

                                                         ],
                                             "booleanActions":  0,
                                             "policyType":  34,
                                             "enabled":  true
                                         },
                                         {
                                             "isSettingDescription":  false,
                                             "showAsSectionHeader":  false,
                                             "dataType":  8,
                                             "category":  113,
                                             "nameResourceKey":  "complianceDeviceSecurityHeader",
                                             "childSettings":  [
                                                                   {
                                                                       "dataType":  0,
                                                                       "category":  113,
                                                                       "nameResourceKey":  "ComplianceFirewallRequirementName",
                                                                       "descriptionResourceKey":  "ComplianceFirewallRequirementDescription",
                                                                       "childSettings":  [
                                                                                             {
                                                                                                 "dataType":  0,
                                                                                                 "category":  113,
                                                                                                 "nameResourceKey":  "ComplianceFirewallBlockAllIncomingName",
                                                                                                 "descriptionResourceKey":  "ComplianceFirewallBlockAllIncomingDescription",
                                                                                                 "childSettings":  [

                                                                                                                   ],
                                                                                                 "options":  [

                                                                                                             ],
                                                                                                 "entityKey":  "firewallBlockAllIncoming",
                                                                                                 "booleanActions":  3,
                                                                                                 "defaultValue":  false,
                                                                                                 "policyType":  34,
                                                                                                 "enabled":  true
                                                                                             },
                                                                                             {
                                                                                                 "dataType":  0,
                                                                                                 "category":  113,
                                                                                                 "nameResourceKey":  "ComplianceFirewallEnableStealthModeName",
                                                                                                 "descriptionResourceKey":  "ComplianceFirewallEnableStealthModeDescription",
                                                                                                 "childSettings":  [

                                                                                                                   ],
                                                                                                 "options":  [

                                                                                                             ],
                                                                                                 "entityKey":  "firewallEnableStealthMode",
                                                                                                 "booleanActions":  2,
                                                                                                 "defaultValue":  false,
                                                                                                 "policyType":  34,
                                                                                                 "enabled":  true
                                                                                             }
                                                                                         ],
                                                                       "options":  [

                                                                                   ],
                                                                       "entityKey":  "firewallEnabled",
                                                                       "booleanActions":  2,
                                                                       "defaultValue":  false,
                                                                       "policyType":  34,
                                                                       "enabled":  true
                                                                   }
                                                               ],
                                             "options":  [

                                                         ],
                                             "booleanActions":  0,
                                             "policyType":  34,
                                             "enabled":  true
                                         },
                                         {
                                             "isSettingDescription":  false,
                                             "showAsSectionHeader":  false,
                                             "dataType":  8,
                                             "category":  113,
                                             "nameResourceKey":  "complianceGatekeeperHeader",
                                             "childSettings":  [
                                                                   {
                                                                       "dataType":  16,
                                                                       "category":  113,
                                                                       "nameResourceKey":  "gatekeeperAllowedAppSourceName",
                                                                       "descriptionResourceKey":  "gatekeeperAllowedAppSourceDescription",
                                                                       "childSettings":  [

                                                                                         ],
                                                                       "options":  [
                                                                                       {
                                                                                           "nameResourceKey":  "notConfigured",
                                                                                           "value":  "notConfigured",
                                                                                           "enabled":  true
                                                                                       },
                                                                                       {
                                                                                           "nameResourceKey":  "macAppStoreOption",
                                                                                           "value":  "macAppStore",
                                                                                           "enabled":  true
                                                                                       },
                                                                                       {
                                                                                           "nameResourceKey":  "macAppStoreAndIdentifiedDevelopersOption",
                                                                                           "value":  "macAppStoreAndIdentifiedDevelopers",
                                                                                           "enabled":  true
                                                                                       },
                                                                                       {
                                                                                           "nameResourceKey":  "anywhereOption",
                                                                                           "value":  "anywhere",
                                                                                           "enabled":  true
                                                                                       }
                                                                                   ],
                                                                       "entityKey":  "gatekeeperAllowedAppSource",
                                                                       "booleanActions":  0,
                                                                       "defaultValue":  "notConfigured",
                                                                       "policyType":  34,
                                                                       "enabled":  true
                                                                   }
                                                               ],
                                             "options":  [

                                                         ],
                                             "booleanActions":  0,
                                             "policyType":  34,
                                             "enabled":  true
                                         }
                                     ]
}
