{
    "trustedcert_windows8trustedcertificate":  [
                                                   {
                                                       "dataEntityKey":  "trustedRootCertificate",
                                                       "filenameEntityKey":  "certFileName",
                                                       "dataType":  1,
                                                       "category":  115,
                                                       "nameResourceKey":  "trustedCertPolicySelectCertificateName",
                                                       "descriptionResourceKey":  "empty",
                                                       "childSettings":  [

                                                                         ],
                                                       "options":  [

                                                                   ],
                                                       "entityKey":  "trustedRootCertificate",
                                                       "booleanActions":  0,
                                                       "policyType":  94,
                                                       "enabled":  true
                                                   },
                                                   {
                                                       "dataType":  16,
                                                       "category":  115,
                                                       "nameResourceKey":  "trustedCertDestinationStoreName",
                                                       "descriptionResourceKey":  "trustedCertDestinationStoreDescription",
                                                       "childSettings":  [

                                                                         ],
                                                       "options":  [
                                                                       {
                                                                           "nameResourceKey":  "trustedCertDestinationStoreRootName",
                                                                           "value":  "computerCertStoreRoot",
                                                                           "enabled":  true
                                                                       },
                                                                       {
                                                                           "nameResourceKey":  "trustedCertDestinationStoreIntermediateName",
                                                                           "value":  "computerCertStoreIntermediate",
                                                                           "enabled":  true
                                                                       },
                                                                       {
                                                                           "nameResourceKey":  "trustedCertDestinationStoreUserIntermediateName",
                                                                           "value":  "userCertStoreIntermediate",
                                                                           "enabled":  true
                                                                       }
                                                                   ],
                                                       "entityKey":  "destinationStore",
                                                       "booleanActions":  0,
                                                       "defaultValue":  "computerCertStoreRoot",
                                                       "policyType":  94,
                                                       "enabled":  true
                                                   }
                                               ]
}
