{
    "trustedcert_androidtrustedcertificate":  [
                                                  {
                                                      "dataType":  10,
                                                      "category":  115,
                                                      "nameResourceKey":  "AndroidTRDeprecation",
                                                      "descriptionResourceKey":  "AndroidTRDeprecation",
                                                      "childSettings":  [

                                                                        ],
                                                      "options":  [

                                                                  ],
                                                      "booleanActions":  0,
                                                      "policyType":  24,
                                                      "enabled":  true
                                                  },
                                                  {
                                                      "dataEntityKey":  "trustedRootCertificate",
                                                      "filenameEntityKey":  "certFileName",
                                                      "dataType":  1,
                                                      "category":  115,
                                                      "nameResourceKey":  "trustedCertPolicySelectCertificateName",
                                                      "descriptionResourceKey":  "empty",
                                                      "childSettings":  [

                                                                        ],
                                                      "options":  [

                                                                  ],
                                                      "entityKey":  "trustedRootCertificate",
                                                      "booleanActions":  0,
                                                      "policyType":  24,
                                                      "enabled":  true
                                                  }
                                              ]
}
