{
    "vpn_macvpn":  [
                       {
                           "dataType":  20,
                           "category":  129,
                           "nameResourceKey":  "vPNPolicyConnectionName",
                           "descriptionResourceKey":  "vPNPolicyConnectionDescription",
                           "emptyValueResourceKey":  "vPNConnectionExample",
                           "childSettings":  [

                                             ],
                           "options":  [

                                       ],
                           "entityKey":  "connectionName",
                           "booleanActions":  0,
                           "policyType":  66,
                           "enabled":  true
                       },
                       {
                           "complexOptions":  [
                                                  {
                                                      "dataType":  20,
                                                      "category":  129,
                                                      "nameResourceKey":  "vPNPolicyServerIPAddressOrFQDNName",
                                                      "descriptionResourceKey":  "vPNPolicyServerIPAddressOrFQDNDescription",
                                                      "emptyValueResourceKey":  "vPNAddressExample",
                                                      "childSettings":  [

                                                                        ],
                                                      "options":  [

                                                                  ],
                                                      "entityKey":  "address",
                                                      "booleanActions":  0,
                                                      "policyType":  66,
                                                      "enabled":  true
                                                  },
                                                  {
                                                      "value":  "server",
                                                      "dataType":  9,
                                                      "category":  129,
                                                      "childSettings":  [

                                                                        ],
                                                      "options":  [

                                                                  ],
                                                      "entityKey":  "description",
                                                      "booleanActions":  0,
                                                      "policyType":  66,
                                                      "enabled":  true
                                                  },
                                                  {
                                                      "value":  true,
                                                      "dataType":  9,
                                                      "category":  129,
                                                      "childSettings":  [

                                                                        ],
                                                      "options":  [

                                                                  ],
                                                      "entityKey":  "isDefaultServer",
                                                      "booleanActions":  0,
                                                      "policyType":  66,
                                                      "enabled":  true
                                                  }
                                              ],
                           "dataType":  6,
                           "category":  129,
                           "nameResourceKey":  "vPNPolicyServerIPAddressOrFQDNName",
                           "descriptionResourceKey":  "vPNPolicyServerIPAddressOrFQDNDescription",
                           "childSettings":  [

                                             ],
                           "options":  [

                                       ],
                           "entityKey":  "server",
                           "booleanActions":  0,
                           "policyType":  66,
                           "enabled":  true
                       },
                       {
                           "dataType":  16,
                           "category":  129,
                           "nameResourceKey":  "authenticationMethodName",
                           "descriptionResourceKey":  "vPNAuthMethodDescription",
                           "childSettings":  [

                                             ],
                           "options":  [
                                           {
                                               "nameResourceKey":  "selectAnAuthenticationMethod",
                                               "enabled":  true
                                           },
                                           {
                                               "nameResourceKey":  "certificatesOption",
                                               "value":  "certificate",
                                               "children":  [
                                                                {
                                                                    "complexOptions":  [
                                                                                           {
                                                                                               "dataType":  4,
                                                                                               "category":  129,
                                                                                               "nameResourceKey":  "vPNPolicySelectAClientCertificateName",
                                                                                               "descriptionResourceKey":  "vPNPolicySelectAClientCertificateDescription",
                                                                                               "childSettings":  [

                                                                                                                 ],
                                                                                               "options":  [

                                                                                                           ],
                                                                                               "entityKey":  "identityCertificate",
                                                                                               "booleanActions":  0,
                                                                                               "policyType":  66,
                                                                                               "enabled":  false
                                                                                           },
                                                                                           {
                                                                                               "dataType":  4,
                                                                                               "category":  129,
                                                                                               "nameResourceKey":  "vPNPolicySelectAClientCertificateName",
                                                                                               "descriptionResourceKey":  "vPNPolicySelectAClientCertificateDescription",
                                                                                               "childSettings":  [

                                                                                                                 ],
                                                                                               "options":  [

                                                                                                           ],
                                                                                               "entityKey":  "identityCertificate",
                                                                                               "booleanActions":  0,
                                                                                               "policyType":  66,
                                                                                               "enabled":  false
                                                                                           }
                                                                                       ],
                                                                    "dataType":  5,
                                                                    "category":  129,
                                                                    "nameResourceKey":  "authenticationCertificate",
                                                                    "descriptionResourceKey":  "clientCertForClientAuthenticationDescription",
                                                                    "emptyValueResourceKey":  "selectCertificate",
                                                                    "childSettings":  [

                                                                                      ],
                                                                    "options":  [

                                                                                ],
                                                                    "booleanActions":  0,
                                                                    "policyType":  66,
                                                                    "enabled":  true
                                                                }
                                                            ],
                                               "enabled":  true
                                           },
                                           {
                                               "nameResourceKey":  "usernameAndPasswordOption",
                                               "value":  "usernameAndPassword",
                                               "enabled":  true
                                           }
                                       ],
                           "entityKey":  "authenticationMethod",
                           "booleanActions":  0,
                           "policyType":  66,
                           "enabled":  true
                       },
                       {
                           "dataType":  16,
                           "category":  129,
                           "nameResourceKey":  "vPNPolicyConnectionTypeName",
                           "descriptionResourceKey":  "vPNPolicyConnectionTypeDescription",
                           "childSettings":  [

                                             ],
                           "options":  [
                                           {
                                               "nameResourceKey":  "selectAConnectionType",
                                               "enabled":  true
                                           },
                                           {
                                               "nameResourceKey":  "checkPointCapsuleVPNOption",
                                               "value":  "checkPointCapsuleVpn",
                                               "children":  [
                                                                {
                                                                    "dataType":  19,
                                                                    "category":  129,
                                                                    "nameResourceKey":  "vPNPolicySendAllNetworkTrafficThroughVPNName",
                                                                    "descriptionResourceKey":  "vPNPolicySendAllNetworkTrafficThroughVPNDescription",
                                                                    "childSettings":  [

                                                                                      ],
                                                                    "options":  [
                                                                                    {
                                                                                        "nameResourceKey":  "enableOption",
                                                                                        "value":  true,
                                                                                        "enabled":  true
                                                                                    },
                                                                                    {
                                                                                        "nameResourceKey":  "disableOption",
                                                                                        "value":  false,
                                                                                        "enabled":  true
                                                                                    }
                                                                                ],
                                                                    "entityKey":  "enableSplitTunneling",
                                                                    "booleanActions":  0,
                                                                    "defaultValue":  false,
                                                                    "policyType":  66,
                                                                    "enabled":  true
                                                                }
                                                            ],
                                               "enabled":  true
                                           },
                                           {
                                               "nameResourceKey":  "ciscoAnyConnectOption",
                                               "value":  "ciscoAnyConnect",
                                               "children":  [
                                                                {
                                                                    "dataType":  19,
                                                                    "category":  129,
                                                                    "nameResourceKey":  "vPNPolicySendAllNetworkTrafficThroughVPNName",
                                                                    "descriptionResourceKey":  "vPNPolicySendAllNetworkTrafficThroughVPNDescription",
                                                                    "childSettings":  [

                                                                                      ],
                                                                    "options":  [
                                                                                    {
                                                                                        "nameResourceKey":  "enableOption",
                                                                                        "value":  true,
                                                                                        "enabled":  true
                                                                                    },
                                                                                    {
                                                                                        "nameResourceKey":  "disableOption",
                                                                                        "value":  false,
                                                                                        "enabled":  true
                                                                                    }
                                                                                ],
                                                                    "entityKey":  "enableSplitTunneling",
                                                                    "booleanActions":  0,
                                                                    "defaultValue":  false,
                                                                    "policyType":  66,
                                                                    "enabled":  true
                                                                }
                                                            ],
                                               "enabled":  true
                                           },
                                           {
                                               "nameResourceKey":  "dellSoniceWallMobileConnectOption",
                                               "value":  "dellSonicWallMobileConnect",
                                               "children":  [
                                                                {
                                                                    "dataType":  19,
                                                                    "category":  129,
                                                                    "nameResourceKey":  "vPNPolicySendAllNetworkTrafficThroughVPNName",
                                                                    "descriptionResourceKey":  "vPNPolicySendAllNetworkTrafficThroughVPNDescription",
                                                                    "childSettings":  [

                                                                                      ],
                                                                    "options":  [
                                                                                    {
                                                                                        "nameResourceKey":  "enableOption",
                                                                                        "value":  true,
                                                                                        "enabled":  true
                                                                                    },
                                                                                    {
                                                                                        "nameResourceKey":  "disableOption",
                                                                                        "value":  false,
                                                                                        "enabled":  true
                                                                                    }
                                                                                ],
                                                                    "entityKey":  "enableSplitTunneling",
                                                                    "booleanActions":  0,
                                                                    "defaultValue":  false,
                                                                    "policyType":  66,
                                                                    "enabled":  true
                                                                }
                                                            ],
                                               "enabled":  true
                                           },
                                           {
                                               "nameResourceKey":  "fFiveEdgeClientOption",
                                               "value":  "f5EdgeClient",
                                               "children":  [
                                                                {
                                                                    "dataType":  19,
                                                                    "category":  129,
                                                                    "nameResourceKey":  "vPNPolicySendAllNetworkTrafficThroughVPNName",
                                                                    "descriptionResourceKey":  "vPNPolicySendAllNetworkTrafficThroughVPNDescription",
                                                                    "childSettings":  [

                                                                                      ],
                                                                    "options":  [
                                                                                    {
                                                                                        "nameResourceKey":  "enableOption",
                                                                                        "value":  true,
                                                                                        "enabled":  true
                                                                                    },
                                                                                    {
                                                                                        "nameResourceKey":  "disableOption",
                                                                                        "value":  false,
                                                                                        "enabled":  true
                                                                                    }
                                                                                ],
                                                                    "entityKey":  "enableSplitTunneling",
                                                                    "booleanActions":  0,
                                                                    "defaultValue":  false,
                                                                    "policyType":  66,
                                                                    "enabled":  true
                                                                }
                                                            ],
                                               "enabled":  true
                                           },
                                           {
                                               "nameResourceKey":  "netMotionMobilityOption",
                                               "value":  "netMotionMobility",
                                               "children":  [
                                                                {
                                                                    "columns":  [
                                                                                    {
                                                                                        "metadata":  {
                                                                                                         "dataType":  20,
                                                                                                         "category":  129,
                                                                                                         "nameResourceKey":  "keyColumn",
                                                                                                         "descriptionResourceKey":  "empty",
                                                                                                         "emptyValueResourceKey":  "vPNCustomKeyExample",
                                                                                                         "childSettings":  [

                                                                                                                           ],
                                                                                                         "options":  [

                                                                                                                     ],
                                                                                                         "entityKey":  "key",
                                                                                                         "booleanActions":  0,
                                                                                                         "policyType":  66,
                                                                                                         "enabled":  true
                                                                                                     }
                                                                                    },
                                                                                    {
                                                                                        "metadata":  {
                                                                                                         "dataType":  20,
                                                                                                         "category":  129,
                                                                                                         "nameResourceKey":  "valueColumn",
                                                                                                         "descriptionResourceKey":  "empty",
                                                                                                         "emptyValueResourceKey":  "vPNCustomValueExample",
                                                                                                         "childSettings":  [

                                                                                                                           ],
                                                                                                         "options":  [

                                                                                                                     ],
                                                                                                         "entityKey":  "value",
                                                                                                         "booleanActions":  0,
                                                                                                         "policyType":  66,
                                                                                                         "enabled":  true
                                                                                                     }
                                                                                    }
                                                                                ],
                                                                    "dataType":  21,
                                                                    "category":  129,
                                                                    "nameResourceKey":  "vPNNetMotionMobilityCustomDataDescription",
                                                                    "descriptionResourceKey":  "createAttributes",
                                                                    "childSettings":  [

                                                                                      ],
                                                                    "options":  [

                                                                                ],
                                                                    "entityKey":  "customData",
                                                                    "booleanActions":  0,
                                                                    "policyType":  66,
                                                                    "enabled":  true
                                                                }
                                                            ],
                                               "enabled":  true
                                           },
                                           {
                                               "nameResourceKey":  "customVPNOption",
                                               "value":  "customVpn",
                                               "children":  [
                                                                {
                                                                    "dataType":  20,
                                                                    "category":  129,
                                                                    "nameResourceKey":  "vPNIdentifier",
                                                                    "descriptionResourceKey":  "providedByVPNVendor",
                                                                    "emptyValueResourceKey":  "vPNIdentifierExample",
                                                                    "childSettings":  [

                                                                                      ],
                                                                    "options":  [

                                                                                ],
                                                                    "entityKey":  "identifier",
                                                                    "booleanActions":  0,
                                                                    "policyType":  66,
                                                                    "enabled":  true
                                                                },
                                                                {
                                                                    "columns":  [
                                                                                    {
                                                                                        "metadata":  {
                                                                                                         "dataType":  20,
                                                                                                         "category":  129,
                                                                                                         "nameResourceKey":  "keyColumn",
                                                                                                         "descriptionResourceKey":  "empty",
                                                                                                         "emptyValueResourceKey":  "vPNCustomKeyExample",
                                                                                                         "childSettings":  [

                                                                                                                           ],
                                                                                                         "options":  [

                                                                                                                     ],
                                                                                                         "entityKey":  "key",
                                                                                                         "booleanActions":  0,
                                                                                                         "policyType":  66,
                                                                                                         "enabled":  true
                                                                                                     }
                                                                                    },
                                                                                    {
                                                                                        "metadata":  {
                                                                                                         "dataType":  20,
                                                                                                         "category":  129,
                                                                                                         "nameResourceKey":  "valueColumn",
                                                                                                         "descriptionResourceKey":  "empty",
                                                                                                         "emptyValueResourceKey":  "vPNCustomValueExample",
                                                                                                         "childSettings":  [

                                                                                                                           ],
                                                                                                         "options":  [

                                                                                                                     ],
                                                                                                         "entityKey":  "value",
                                                                                                         "booleanActions":  0,
                                                                                                         "policyType":  66,
                                                                                                         "enabled":  true
                                                                                                     }
                                                                                    }
                                                                                ],
                                                                    "dataType":  21,
                                                                    "category":  129,
                                                                    "nameResourceKey":  "vPNCustomDataDescription",
                                                                    "descriptionResourceKey":  "createAttributes",
                                                                    "childSettings":  [

                                                                                      ],
                                                                    "options":  [

                                                                                ],
                                                                    "entityKey":  "customData",
                                                                    "booleanActions":  0,
                                                                    "policyType":  66,
                                                                    "enabled":  true
                                                                },
                                                                {
                                                                    "dataType":  19,
                                                                    "category":  129,
                                                                    "nameResourceKey":  "vPNPolicySendAllNetworkTrafficThroughVPNName",
                                                                    "descriptionResourceKey":  "vPNPolicySendAllNetworkTrafficThroughVPNDescription",
                                                                    "childSettings":  [

                                                                                      ],
                                                                    "options":  [
                                                                                    {
                                                                                        "nameResourceKey":  "enableOption",
                                                                                        "value":  true,
                                                                                        "enabled":  true
                                                                                    },
                                                                                    {
                                                                                        "nameResourceKey":  "disableOption",
                                                                                        "value":  false,
                                                                                        "enabled":  true
                                                                                    }
                                                                                ],
                                                                    "entityKey":  "enableSplitTunneling",
                                                                    "booleanActions":  0,
                                                                    "defaultValue":  false,
                                                                    "policyType":  66,
                                                                    "enabled":  true
                                                                }
                                                            ],
                                               "enabled":  true
                                           }
                                       ],
                           "entityKey":  "connectionType",
                           "booleanActions":  0,
                           "policyType":  66,
                           "enabled":  true
                       }
                   ]
}
