{
    "vpnconnectivity_androiddeviceownergeneral":  [
                                                      {
                                                          "isSettingDescription":  false,
                                                          "showAsSectionHeader":  false,
                                                          "dataType":  8,
                                                          "category":  131,
                                                          "nameResourceKey":  "workProfileHeaderDescription",
                                                          "descriptionResourceKey":  "",
                                                          "childSettings":  [

                                                                            ],
                                                          "options":  [

                                                                      ],
                                                          "booleanActions":  0,
                                                          "policyType":  2,
                                                          "enabled":  true
                                                      },
                                                      {
                                                          "isSettingDescription":  false,
                                                          "showAsSectionHeader":  true,
                                                          "dataType":  8,
                                                          "category":  131,
                                                          "nameResourceKey":  "allAndroidCorpEnrollmentTypesHeaderName",
                                                          "descriptionResourceKey":  "allAndroidCorpEnrollmentTypesHeaderDescription",
                                                          "childSettings":  [
                                                                                {
                                                                                    "dataType":  0,
                                                                                    "category":  131,
                                                                                    "nameResourceKey":  "androidEnterpriseAlwaysOnVpnEnabledNameWorkProfile",
                                                                                    "descriptionResourceKey":  "androidDeviceOwnerAlwaysOnVpnEnabledDescription",
                                                                                    "childSettings":  [
                                                                                                          {
                                                                                                              "dataType":  16,
                                                                                                              "category":  131,
                                                                                                              "nameResourceKey":  "androidEnterpriseAlwaysOnVpnClientName",
                                                                                                              "descriptionResourceKey":  "androidEnterpriseDeviceOwnerAlwaysOnVpnClientDescription",
                                                                                                              "childSettings":  [

                                                                                                                                ],
                                                                                                              "options":  [
                                                                                                                              {
                                                                                                                                  "nameResourceKey":  "CiscoAnyConnectAlwaysOnOption",
                                                                                                                                  "value":  "com.cisco.anyconnect.vpn.android.avf",
                                                                                                                                  "enabled":  true
                                                                                                                              },
                                                                                                                              {
                                                                                                                                  "nameResourceKey":  "F5NetworksF5AccessOption",
                                                                                                                                  "value":  "com.f5.edge.client_ics",
                                                                                                                                  "enabled":  true
                                                                                                                              },
                                                                                                                              {
                                                                                                                                  "nameResourceKey":  "PaloAltoNetworksGlobalProtectOption",
                                                                                                                                  "value":  "com.paloaltonetworks.globalprotect",
                                                                                                                                  "enabled":  true
                                                                                                                              },
                                                                                                                              {
                                                                                                                                  "nameResourceKey":  "PulseSecureAlwaysOnOption",
                                                                                                                                  "value":  "net.pulsesecure.pulsesecure",
                                                                                                                                  "enabled":  true
                                                                                                                              },
                                                                                                                              {
                                                                                                                                  "nameResourceKey":  "CustomAlwaysOnVpnClientPackageIdentifierOption",
                                                                                                                                  "value":  "custom",
                                                                                                                                  "children":  [
                                                                                                                                                   {
                                                                                                                                                       "dataType":  20,
                                                                                                                                                       "category":  131,
                                                                                                                                                       "nameResourceKey":  "androidEnterpriseAlwaysOnVpnClientPackageIdentifierName",
                                                                                                                                                       "descriptionResourceKey":  "androidEnterpriseAlwaysOnVpnClientPackageIdentifierDescription",
                                                                                                                                                       "childSettings":  [

                                                                                                                                                                         ],
                                                                                                                                                       "options":  [

                                                                                                                                                                   ],
                                                                                                                                                       "entityKey":  "vpnAlwaysOnPackageIdentifier",
                                                                                                                                                       "booleanActions":  0,
                                                                                                                                                       "defaultValue":  "",
                                                                                                                                                       "policyType":  2,
                                                                                                                                                       "enabled":  true
                                                                                                                                                   }
                                                                                                                                               ],
                                                                                                                                  "enabled":  true
                                                                                                                              }
                                                                                                                          ],
                                                                                                              "entityKey":  "vpnAlwaysOnPackageIdentifierSelector",
                                                                                                              "booleanActions":  0,
                                                                                                              "policyType":  2,
                                                                                                              "enabled":  true
                                                                                                          },
                                                                                                          {
                                                                                                              "dataType":  0,
                                                                                                              "category":  131,
                                                                                                              "nameResourceKey":  "androidEnterpriseAlwaysOnVpnLockdownModeEnabledName",
                                                                                                              "descriptionResourceKey":  "androidEnterpriseDeviceOwnerAlwaysOnVpnLockdownModeEnabledDescription",
                                                                                                              "childSettings":  [

                                                                                                                                ],
                                                                                                              "options":  [

                                                                                                                          ],
                                                                                                              "entityKey":  "vpnAlwaysOnLockdownMode",
                                                                                                              "booleanActions":  2,
                                                                                                              "defaultValue":  false,
                                                                                                              "policyType":  2,
                                                                                                              "enabled":  true
                                                                                                          }
                                                                                                      ],
                                                                                    "options":  [

                                                                                                ],
                                                                                    "entityKey":  "vpnAlwaysOnEnabled",
                                                                                    "booleanActions":  2,
                                                                                    "defaultValue":  false,
                                                                                    "policyType":  2,
                                                                                    "enabled":  true
                                                                                }
                                                                            ],
                                                          "options":  [

                                                                      ],
                                                          "booleanActions":  0,
                                                          "policyType":  2,
                                                          "enabled":  true
                                                      },
                                                      {
                                                          "isSettingDescription":  false,
                                                          "showAsSectionHeader":  true,
                                                          "dataType":  8,
                                                          "category":  131,
                                                          "nameResourceKey":  "fullyManagedAndDedicatedAndroidEnrollmentTypesHeaderName",
                                                          "descriptionResourceKey":  "fullyManagedAndDedicatedAndroidEnrollmentTypesHeaderDescription",
                                                          "childSettings":  [
                                                                                {
                                                                                    "dataType":  0,
                                                                                    "category":  131,
                                                                                    "nameResourceKey":  "androidEnterpriseGlobalProxyEnabledName",
                                                                                    "childSettings":  [
                                                                                                          {
                                                                                                              "dataType":  16,
                                                                                                              "category":  131,
                                                                                                              "nameResourceKey":  "androidEnterpriseGlobalProxyTypeName",
                                                                                                              "childSettings":  [

                                                                                                                                ],
                                                                                                              "options":  [
                                                                                                                              {
                                                                                                                                  "nameResourceKey":  "DirectGlobalProxyOption",
                                                                                                                                  "value":  "direct",
                                                                                                                                  "children":  [
                                                                                                                                                   {
                                                                                                                                                       "dataType":  20,
                                                                                                                                                       "category":  131,
                                                                                                                                                       "nameResourceKey":  "androidEnterpriseGlobalProxyHostName",
                                                                                                                                                       "childSettings":  [

                                                                                                                                                                         ],
                                                                                                                                                       "options":  [

                                                                                                                                                                   ],
                                                                                                                                                       "entityKey":  "globalProxyHost",
                                                                                                                                                       "booleanActions":  0,
                                                                                                                                                       "defaultValue":  "",
                                                                                                                                                       "policyType":  2,
                                                                                                                                                       "enabled":  true
                                                                                                                                                   },
                                                                                                                                                   {
                                                                                                                                                       "dataType":  14,
                                                                                                                                                       "category":  131,
                                                                                                                                                       "nameResourceKey":  "androidEnterpriseGlobalProxyPortName",
                                                                                                                                                       "childSettings":  [

                                                                                                                                                                         ],
                                                                                                                                                       "options":  [

                                                                                                                                                                   ],
                                                                                                                                                       "entityKey":  "globalProxyPort",
                                                                                                                                                       "booleanActions":  0,
                                                                                                                                                       "policyType":  2,
                                                                                                                                                       "enabled":  true
                                                                                                                                                   },
                                                                                                                                                   {
                                                                                                                                                       "dataType":  20,
                                                                                                                                                       "category":  131,
                                                                                                                                                       "nameResourceKey":  "androidEnterpriseGlobalProxyExcludedHostsName",
                                                                                                                                                       "descriptionResourceKey":  "androidEnterpriseGlobalProxyExcludedHostsDescription",
                                                                                                                                                       "childSettings":  [

                                                                                                                                                                         ],
                                                                                                                                                       "options":  [

                                                                                                                                                                   ],
                                                                                                                                                       "entityKey":  "globalProxyExcludedHosts",
                                                                                                                                                       "booleanActions":  0,
                                                                                                                                                       "defaultValue":  "",
                                                                                                                                                       "policyType":  2,
                                                                                                                                                       "enabled":  true
                                                                                                                                                   }
                                                                                                                                               ],
                                                                                                                                  "enabled":  true
                                                                                                                              },
                                                                                                                              {
                                                                                                                                  "nameResourceKey":  "ProxyAutoConfigGlobalProxyOption",
                                                                                                                                  "value":  "proxyAutoConfig",
                                                                                                                                  "children":  [
                                                                                                                                                   {
                                                                                                                                                       "dataType":  20,
                                                                                                                                                       "category":  131,
                                                                                                                                                       "nameResourceKey":  "androidEnterpriseGlobalProxyProxyAutoConfigURLName",
                                                                                                                                                       "childSettings":  [

                                                                                                                                                                         ],
                                                                                                                                                       "options":  [

                                                                                                                                                                   ],
                                                                                                                                                       "entityKey":  "globalProxyProxyAutoConfigURL",
                                                                                                                                                       "booleanActions":  0,
                                                                                                                                                       "defaultValue":  "",
                                                                                                                                                       "policyType":  2,
                                                                                                                                                       "enabled":  true
                                                                                                                                                   }
                                                                                                                                               ],
                                                                                                                                  "enabled":  true
                                                                                                                              }
                                                                                                                          ],
                                                                                                              "entityKey":  "globalProxyTypeSelector",
                                                                                                              "booleanActions":  0,
                                                                                                              "policyType":  2,
                                                                                                              "enabled":  true
                                                                                                          }
                                                                                                      ],
                                                                                    "options":  [

                                                                                                ],
                                                                                    "entityKey":  "globalProxyEnabled",
                                                                                    "booleanActions":  2,
                                                                                    "defaultValue":  false,
                                                                                    "policyType":  2,
                                                                                    "enabled":  true
                                                                                }
                                                                            ],
                                                          "options":  [

                                                                      ],
                                                          "booleanActions":  0,
                                                          "policyType":  2,
                                                          "enabled":  true
                                                      }
                                                  ]
}
