{
    "wifi_windows8wifi":  [
                              {
                                  "dataType":  20,
                                  "category":  121,
                                  "nameResourceKey":  "customWiFiPolicyProfileName",
                                  "descriptionResourceKey":  "customWiFiPolicyProfileDescription",
                                  "childSettings":  [

                                                    ],
                                  "options":  [

                                              ],
                                  "entityKey":  "profileName",
                                  "booleanActions":  0,
                                  "defaultValue":  "",
                                  "policyType":  96,
                                  "enabled":  true
                              },
                              {
                                  "dataEntityKey":  "payload",
                                  "filenameEntityKey":  "payloadFileName",
                                  "dataType":  2,
                                  "category":  121,
                                  "nameResourceKey":  "customWiFiPolicyFileName",
                                  "descriptionResourceKey":  "empty",
                                  "childSettings":  [

                                                    ],
                                  "options":  [

                                              ],
                                  "entityKey":  "payload",
                                  "booleanActions":  0,
                                  "policyType":  96,
                                  "enabled":  true
                              }
                          ]
}
