{
    "windowsatp_windows10atp":  [
                                    {
                                        "dataType":  16,
                                        "category":  123,
                                        "nameResourceKey":  "toggleConfigurationPkgName",
                                        "descriptionResourceKey":  "toggleConfigurationPkgDescription",
                                        "childSettings":  [

                                                          ],
                                        "options":  [
                                                        {
                                                            "nameResourceKey":  "onboardOption",
                                                            "value":  "onboard",
                                                            "children":  [
                                                                             {
                                                                                 "dataEntityKey":  "advancedThreatProtectionOnboardingBlob",
                                                                                 "filenameEntityKey":  "advancedThreatProtectionOnboardingFilename",
                                                                                 "dataType":  1,
                                                                                 "category":  123,
                                                                                 "nameResourceKey":  "onboardConfigurationPkgName",
                                                                                 "descriptionResourceKey":  "onboardConfigurationPkgDescription",
                                                                                 "childSettings":  [

                                                                                                   ],
                                                                                 "options":  [

                                                                                             ],
                                                                                 "entityKey":  "advancedThreatProtectionOnboardingBlob",
                                                                                 "booleanActions":  0,
                                                                                 "policyType":  72,
                                                                                 "enabled":  true
                                                                             }
                                                                         ],
                                                            "enabled":  true
                                                        },
                                                        {
                                                            "nameResourceKey":  "offboardOption",
                                                            "value":  "offboard",
                                                            "children":  [
                                                                             {
                                                                                 "dataEntityKey":  "advancedThreatProtectionOffboardingBlob",
                                                                                 "filenameEntityKey":  "advancedThreatProtectionOffboardingFilename",
                                                                                 "dataType":  1,
                                                                                 "category":  123,
                                                                                 "nameResourceKey":  "offboardConfigurationPkgName",
                                                                                 "descriptionResourceKey":  "offboardConfigurationPkgDescription",
                                                                                 "childSettings":  [

                                                                                                   ],
                                                                                 "options":  [

                                                                                             ],
                                                                                 "entityKey":  "advancedThreatProtectionOffboardingBlob",
                                                                                 "booleanActions":  0,
                                                                                 "policyType":  72,
                                                                                 "enabled":  true
                                                                             }
                                                                         ],
                                                            "enabled":  true
                                                        }
                                                    ],
                                        "entityKey":  "advancedThreatProtectionConfigureOnboarding",
                                        "booleanActions":  0,
                                        "defaultValue":  "onboard",
                                        "policyType":  72,
                                        "enabled":  true
                                    },
                                    {
                                        "dataType":  19,
                                        "category":  123,
                                        "nameResourceKey":  "sampleSharingEnableOrNotConfiguredName",
                                        "descriptionResourceKey":  "sampleSharingEnableOrNotConfiguredDescription",
                                        "childSettings":  [

                                                          ],
                                        "options":  [
                                                        {
                                                            "nameResourceKey":  "blockOption",
                                                            "value":  true,
                                                            "enabled":  true
                                                        },
                                                        {
                                                            "nameResourceKey":  "notConfigured",
                                                            "value":  false,
                                                            "enabled":  true
                                                        }
                                                    ],
                                        "entityKey":  "allowSampleSharing",
                                        "booleanActions":  0,
                                        "defaultValue":  false,
                                        "policyType":  72,
                                        "enabled":  true
                                    },
                                    {
                                        "dataType":  19,
                                        "category":  123,
                                        "nameResourceKey":  "telemetryReportingEnableOrNotConfiguredName",
                                        "descriptionResourceKey":  "telemetryReportingEnableOrNotConfiguredDescription",
                                        "childSettings":  [

                                                          ],
                                        "options":  [
                                                        {
                                                            "nameResourceKey":  "enableOption",
                                                            "value":  true,
                                                            "enabled":  true
                                                        },
                                                        {
                                                            "nameResourceKey":  "notConfigured",
                                                            "value":  false,
                                                            "enabled":  true
                                                        }
                                                    ],
                                        "entityKey":  "enableExpeditedTelemetryReporting",
                                        "booleanActions":  0,
                                        "defaultValue":  false,
                                        "policyType":  72,
                                        "enabled":  true
                                    }
                                ]
}
