{
    "windowsdefenderatp_compliancewindows10":  {
                                                   "isSettingDescription":  false,
                                                   "showAsSectionHeader":  false,
                                                   "dataType":  8,
                                                   "category":  143,
                                                   "nameResourceKey":  "complianceAtpDeviceRiskHeader",
                                                   "childSettings":  [
                                                                         {
                                                                             "dataType":  16,
                                                                             "category":  143,
                                                                             "nameResourceKey":  "complianceDeviceRiskATPRequirementName",
                                                                             "descriptionResourceKey":  "complianceDeviceRiskATPRequirementDescription",
                                                                             "childSettings":  [

                                                                                               ],
                                                                             "options":  [
                                                                                             {
                                                                                                 "nameResourceKey":  "notConfigured",
                                                                                                 "value":  "unavailable",
                                                                                                 "enabled":  true
                                                                                             },
                                                                                             {
                                                                                                 "nameResourceKey":  "clear",
                                                                                                 "value":  "secured",
                                                                                                 "enabled":  true
                                                                                             },
                                                                                             {
                                                                                                 "nameResourceKey":  "lowOption",
                                                                                                 "value":  "low",
                                                                                                 "enabled":  true
                                                                                             },
                                                                                             {
                                                                                                 "nameResourceKey":  "mediumOption",
                                                                                                 "value":  "medium",
                                                                                                 "enabled":  true
                                                                                             },
                                                                                             {
                                                                                                 "nameResourceKey":  "highOption",
                                                                                                 "value":  "high",
                                                                                                 "enabled":  true
                                                                                             }
                                                                                         ],
                                                                             "entityKey":  "deviceThreatProtectionRequiredSecurityLevel",
                                                                             "booleanActions":  0,
                                                                             "defaultValue":  "unavailable",
                                                                             "unconfiguredValue":  "unavailable",
                                                                             "policyType":  35,
                                                                             "enabled":  true
                                                                         },
                                                                         {
                                                                             "dataType":  16,
                                                                             "category":  143,
                                                                             "nameResourceKey":  "complianceDeviceRiskATPRequirementName",
                                                                             "descriptionResourceKey":  "complianceDeviceRiskATPRequirementDescription",
                                                                             "childSettings":  [

                                                                                               ],
                                                                             "options":  [
                                                                                             {
                                                                                                 "nameResourceKey":  "notConfigured",
                                                                                                 "value":  "unavailable",
                                                                                                 "enabled":  true
                                                                                             },
                                                                                             {
                                                                                                 "nameResourceKey":  "clear",
                                                                                                 "value":  "secured",
                                                                                                 "enabled":  true
                                                                                             },
                                                                                             {
                                                                                                 "nameResourceKey":  "lowOption",
                                                                                                 "value":  "low",
                                                                                                 "enabled":  true
                                                                                             },
                                                                                             {
                                                                                                 "nameResourceKey":  "mediumOption",
                                                                                                 "value":  "medium",
                                                                                                 "enabled":  true
                                                                                             },
                                                                                             {
                                                                                                 "nameResourceKey":  "highOption",
                                                                                                 "value":  "high",
                                                                                                 "enabled":  true
                                                                                             }
                                                                                         ],
                                                                             "entityKey":  "advancedThreatProtectionRequiredSecurityLevel",
                                                                             "booleanActions":  0,
                                                                             "defaultValue":  "unavailable",
                                                                             "unconfiguredValue":  "unavailable",
                                                                             "policyType":  35,
                                                                             "enabled":  false
                                                                         }
                                                                     ],
                                                   "options":  [

                                                               ],
                                                   "booleanActions":  0,
                                                   "policyType":  35,
                                                   "enabled":  true
                                               }
}
