{
    "xboxservices_windows10endpointprotection":  [
                                                     {
                                                         "dataType":  19,
                                                         "category":  141,
                                                         "nameResourceKey":  "xboxServicesEnableXboxGameSaveTaskName",
                                                         "descriptionResourceKey":  "xboxServicesEnableXboxGameSaveTaskDesc",
                                                         "childSettings":  [

                                                                           ],
                                                         "options":  [
                                                                         {
                                                                             "nameResourceKey":  "enabledOption",
                                                                             "value":  true,
                                                                             "enabled":  true
                                                                         },
                                                                         {
                                                                             "nameResourceKey":  "notConfigured",
                                                                             "value":  false,
                                                                             "enabled":  true
                                                                         }
                                                                     ],
                                                         "entityKey":  "xboxServicesEnableXboxGameSaveTask",
                                                         "booleanActions":  0,
                                                         "defaultValue":  false,
                                                         "unconfiguredValue":  false,
                                                         "policyType":  77,
                                                         "enabled":  true
                                                     },
                                                     {
                                                         "dataType":  16,
                                                         "category":  141,
                                                         "nameResourceKey":  "xboxServicesAccessoryManagementServiceStartupModeName",
                                                         "descriptionResourceKey":  "xboxServicesAccessoryManagementServiceStartupModeDesc",
                                                         "childSettings":  [

                                                                           ],
                                                         "options":  [
                                                                         {
                                                                             "nameResourceKey":  "manualOption",
                                                                             "value":  "manual",
                                                                             "enabled":  true
                                                                         },
                                                                         {
                                                                             "nameResourceKey":  "automaticOption",
                                                                             "value":  "automatic",
                                                                             "enabled":  true
                                                                         },
                                                                         {
                                                                             "nameResourceKey":  "disabledOption",
                                                                             "value":  "disabled",
                                                                             "enabled":  true
                                                                         }
                                                                     ],
                                                         "entityKey":  "xboxServicesAccessoryManagementServiceStartupMode",
                                                         "booleanActions":  0,
                                                         "defaultValue":  "manual",
                                                         "unconfiguredValue":  "manual",
                                                         "policyType":  77,
                                                         "enabled":  true
                                                     },
                                                     {
                                                         "dataType":  16,
                                                         "category":  141,
                                                         "nameResourceKey":  "xboxServicesLiveAuthManagerServiceStartupModeName",
                                                         "descriptionResourceKey":  "xboxServicesLiveAuthManagerServiceStartupModeDesc",
                                                         "childSettings":  [

                                                                           ],
                                                         "options":  [
                                                                         {
                                                                             "nameResourceKey":  "manualOption",
                                                                             "value":  "manual",
                                                                             "enabled":  true
                                                                         },
                                                                         {
                                                                             "nameResourceKey":  "automaticOption",
                                                                             "value":  "automatic",
                                                                             "enabled":  true
                                                                         },
                                                                         {
                                                                             "nameResourceKey":  "disabledOption",
                                                                             "value":  "disabled",
                                                                             "enabled":  true
                                                                         }
                                                                     ],
                                                         "entityKey":  "xboxServicesLiveAuthManagerServiceStartupMode",
                                                         "booleanActions":  0,
                                                         "defaultValue":  "manual",
                                                         "unconfiguredValue":  "manual",
                                                         "policyType":  77,
                                                         "enabled":  true
                                                     },
                                                     {
                                                         "dataType":  16,
                                                         "category":  141,
                                                         "nameResourceKey":  "xboxServicesLiveGameSaveServiceStartupModeName",
                                                         "descriptionResourceKey":  "xboxServicesLiveGameSaveServiceStartupModeDesc",
                                                         "childSettings":  [

                                                                           ],
                                                         "options":  [
                                                                         {
                                                                             "nameResourceKey":  "manualOption",
                                                                             "value":  "manual",
                                                                             "enabled":  true
                                                                         },
                                                                         {
                                                                             "nameResourceKey":  "automaticOption",
                                                                             "value":  "automatic",
                                                                             "enabled":  true
                                                                         },
                                                                         {
                                                                             "nameResourceKey":  "disabledOption",
                                                                             "value":  "disabled",
                                                                             "enabled":  true
                                                                         }
                                                                     ],
                                                         "entityKey":  "xboxServicesLiveGameSaveServiceStartupMode",
                                                         "booleanActions":  0,
                                                         "defaultValue":  "manual",
                                                         "unconfiguredValue":  "manual",
                                                         "policyType":  77,
                                                         "enabled":  true
                                                     },
                                                     {
                                                         "dataType":  16,
                                                         "category":  141,
                                                         "nameResourceKey":  "xboxServicesLiveNetworkingServiceStartupModeName",
                                                         "descriptionResourceKey":  "xboxServicesLiveNetworkingServiceStartupModeDesc",
                                                         "childSettings":  [

                                                                           ],
                                                         "options":  [
                                                                         {
                                                                             "nameResourceKey":  "manualOption",
                                                                             "value":  "manual",
                                                                             "enabled":  true
                                                                         },
                                                                         {
                                                                             "nameResourceKey":  "automaticOption",
                                                                             "value":  "automatic",
                                                                             "enabled":  true
                                                                         },
                                                                         {
                                                                             "nameResourceKey":  "disabledOption",
                                                                             "value":  "disabled",
                                                                             "enabled":  true
                                                                         }
                                                                     ],
                                                         "entityKey":  "xboxServicesLiveNetworkingServiceStartupMode",
                                                         "booleanActions":  0,
                                                         "defaultValue":  "manual",
                                                         "unconfiguredValue":  "manual",
                                                         "policyType":  77,
                                                         "enabled":  true
                                                     }
                                                 ]
}
