[
    {
        "AppType":  "AndroidLobApp",
        "ODataType":  "#microsoft.graph.androidLobApp",
        "Condition":  null,
        "LanguageId":  "androidLobApp"
    },
    {
        "AppType":  "AndroidStoreApp",
        "ODataType":  "#microsoft.graph.androidStoreApp",
        "Condition":  null,
        "LanguageId":  "androidStoreApp"
    },
    {
        "AppType":  "IosLobApp",
        "ODataType":  "#microsoft.graph.iosLobApp",
        "Condition":  null,
        "LanguageId":  "iosLobApp"
    },
    {
        "AppType":  "IosStoreApp",
        "ODataType":  "#microsoft.graph.iosStoreApp",
        "Condition":  null,
        "LanguageId":  "iosStoreApp"
    },
    {
        "AppType":  "IosVppApp",
        "ODataType":  "#microsoft.graph.iosVppApp",
        "Condition":  null,
        "LanguageId":  "iosVppApp"
    },
    {
        "AppType":  "WinGetPublicApp",
        "ODataType":  "#microsoft.graph.winGetApp",
        "Condition":  null,
        "LanguageId":  "winGetPublicApp"
    },
    {
        "AppType":  "WinGetStoreApp",
        "ODataType":  "#microsoft.graph.winGetApp",
        "Condition":  null,
        "LanguageId":  "winGetStoreApp"
    },
    {
        "AppType":  "MacOSLobApp",
        "ODataType":  "#microsoft.graph.macOSLobApp",
        "Condition":  null,
        "LanguageId":  "macOSLobApp"
    },
    {
        "AppType":  "MacOSMicrosoftEdgeApp",
        "ODataType":  "#microsoft.graph.macOSMicrosoftEdgeApp",
        "Condition":  null,
        "LanguageId":  "macOSEdgeApp"
    },
    {
        "AppType":  "MacOSMicrosoftDefenderApp",
        "ODataType":  "#microsoft.graph.macOSMicrosoftDefenderApp",
        "Condition":  null,
        "LanguageId":  "macOSMicrosoftDefenderApp"
    },
    {
        "AppType":  "MacOSDmgApp",
        "ODataType":  "#microsoft.graph.macOSDmgApp",
        "Condition":  null,
        "LanguageId":  "macOSDmgApp"
    },
    {
        "AppType":  "MacOSPkgApp",
        "ODataType":  "#microsoft.graph.macOSPkgApp",
        "Condition":  null,
        "LanguageId":  "macOSPkgApp"
    },
    {
        "AppType":  "MacOsVppApp",
        "ODataType":  "#microsoft.graph.macOsVppApp",
        "Condition":  null,
        "LanguageId":  "macOsVppApp"
    },
    {
        "AppType":  "MacOSWebClip",
        "ODataType":  "#microsoft.graph.macOSWebClip",
        "Condition":  null,
        "LanguageId":  "macOSWebClip"
    },
    {
        "AppType":  "ManagedAndroidLobApp",
        "ODataType":  "#microsoft.graph.managedAndroidLobApp",
        "Condition":  null,
        "LanguageId":  "managedAndroidLobApp"
    },
    {
        "AppType":  "ManagedAndroidStoreApp",
        "ODataType":  "#microsoft.graph.managedAndroidStoreApp",
        "Condition":  {
                          "Property":  "appAvailability",
                          "Value":  "global"
                      },
        "LanguageId":  "managedAndroidStoreApp"
    },
    {
        "AppType":  "ManagedIosLobApp",
        "ODataType":  "#microsoft.graph.managedIOSLobApp",
        "Condition":  null,
        "LanguageId":  "managedIosLobApp"
    },
    {
        "AppType":  "ManagedIosStoreApp",
        "ODataType":  "#microsoft.graph.managedIOSStoreApp",
        "Condition":  {
                          "Property":  "appAvailability",
                          "Value":  "global"
                      },
        "LanguageId":  "managedIosStoreApp"
    },
    {
        "AppType":  "MicrosoftStoreForBusinessApp",
        "ODataType":  "#microsoft.graph.microsoftStoreForBusinessApp",
        "Condition":  null,
        "LanguageId":  "microsoftStoreForBusinessApp"
    },
    {
        "AppType":  "OfficeSuiteApp",
        "ODataType":  "#microsoft.graph.officeSuiteApp",
        "Condition":  null,
        "LanguageId":  "officeSuiteApp"
    },
    {
        "AppType":  "MacOSOfficeSuiteApp",
        "ODataType":  "#microsoft.graph.macOSOfficeSuiteApp",
        "Condition":  null,
        "LanguageId":  "macOSOfficeSuiteApp"
    },
    {
        "AppType":  "WebApp",
        "ODataType":  "#microsoft.graph.webApp",
        "Condition":  null,
        "LanguageId":  "webApp"
    },
    {
        "AppType":  "WindowsAppXLobApp",
        "ODataType":  "#microsoft.graph.windowsAppX",
        "Condition":  null,
        "LanguageId":  "windowsAppXLobApp"
    },
    {
        "AppType":  "WindowsMicrosoftEdgeApp",
        "ODataType":  "#microsoft.graph.windowsMicrosoftEdgeApp",
        "Condition":  null,
        "LanguageId":  "windowsEdgeApp"
    },
    {
        "AppType":  "WindowsMobileMsiLobApp",
        "ODataType":  "#microsoft.graph.windowsMobileMSI",
        "Condition":  null,
        "LanguageId":  "windowsMobileMsiLobApp"
    },
    {
        "AppType":  "WindowsPhone81AppXBundleLobApp",
        "ODataType":  "#microsoft.graph.windowsPhone81AppXBundle",
        "Condition":  null,
        "LanguageId":  "windowsPhone81AppXBundleLobApp"
    },
    {
        "AppType":  "WindowsPhone81AppXLobApp",
        "ODataType":  "#microsoft.graph.windowsPhone81AppX",
        "Condition":  null,
        "LanguageId":  "windowsPhone81AppXLobApp"
    },
    {
        "AppType":  "WindowsPhone81StoreApp",
        "ODataType":  "#microsoft.graph.windowsPhone81StoreApp",
        "Condition":  null,
        "LanguageId":  "windowsPhone81StoreApp"
    },
    {
        "AppType":  "WindowsPhoneXapLobApp",
        "ODataType":  "#microsoft.graph.windowsPhoneXAP",
        "Condition":  null,
        "LanguageId":  "windowsPhoneXapLobApp"
    },
    {
        "AppType":  "WindowsStoreApp",
        "ODataType":  "#microsoft.graph.windowsStoreApp",
        "Condition":  null,
        "LanguageId":  "windowsStoreApp"
    },
    {
        "AppType":  "WindowsClassicApp",
        "ODataType":  "#microsoft.graph.win32LobApp",
        "Condition":  null,
        "LanguageId":  "windowsClassicApp"
    },
    {
        "AppType":  "ManagedGooglePlayApp",
        "ODataType":  "#microsoft.graph.androidManagedStoreApp",
        "Condition":  {
                          "Property":  "isSystemApp",
                          "Value":  false
                      },
        "LanguageId":  "managedGooglePlayApp"
    },
    {
        "AppType":  "AndroidForWorkSystemApp",
        "ODataType":  "#microsoft.graph.androidManagedStoreApp",
        "Condition":  {
                          "Property":  "isSystemApp",
                          "Value":  true
                      },
        "LanguageId":  "androidEnterpriseSystemApp"
    },
    {
        "AppType":  "BuiltInAndroid",
        "ODataType":  "#microsoft.graph.managedAndroidStoreApp",
        "Condition":  {
                          "Property":  "appAvailability",
                          "Value":  "lineOfBusiness"
                      },
        "LanguageId":  "builtInAndroid"
    },
    {
        "AppType":  "BuiltInIos",
        "ODataType":  "#microsoft.graph.managedIOSStoreApp",
        "Condition":  {
                          "Property":  "appAvailability",
                          "Value":  "lineOfBusiness"
                      },
        "LanguageId":  "builtInIos"
    },
    {
        "AppType":  "IosIPadOSWebClip",
        "ODataType":  "#microsoft.graph.iOSiPadOSWebClip",
        "Condition":  null,
        "LanguageId":  "iosIPadOSWebClip"
    },
    {
        "AppType":  "WindowsWebApp",
        "ODataType":  "#microsoft.graph.windowsWebApp",
        "Condition":  null,
        "LanguageId":  "windowsWebApp"
    },
    {
        "AppType":  "Win32CatalogApp",
        "ODataType":  "#microsoft.graph.win32CatalogApp",
        "Condition":  null,
        "LanguageId":  "win32CatalogApp"
    },
    {
        "AppType":  "WindowsUniversalAppXLobApp",
        "ODataType":  "#microsoft.graph.windowsUniversalAppX",
        "Condition":  null,
        "LanguageId":  "windowsUniversalAppXLobApp"
    },
    {
        "AppType":  "WindowsUniversalMsiXLobApp",
        "ODataType":  "#microsoft.graph.windowsUniversalAppX",
        "Condition":  null,
        "LanguageId":  "windowsUniversalLobApp"
    }
]
