{
    "0":  "AirPlay",
    "1":  "AirPrint",
    "2":  "AndroidDeviceOwnerApplications",
    "3":  "AndroidDeviceOwnerPolicyMessages",
    "4":  "ApplicationGuard",
    "5":  "ApplicationRestrictions",
    "6":  "ApplicationVisibility",
    "7":  "Applications",
    "8":  "ApplicationsAndGames",
    "9":  "ApplicationsAndGoogle",
    "10":  "AppManagement",
    "11":  "AppsAndExperience",
    "12":  "AssociatedDomains",
    "13":  "AutonomousSingleAppMode",
    "14":  "AzureOperationalInsights",
    "15":  "BitLocker",
    "16":  "BootOptions",
    "17":  "Browser",
    "18":  "BuiltinApps",
    "19":  "Cameras",
    "20":  "Cellular",
    "21":  "CloudAndStorage",
    "22":  "CloudPrint",
    "23":  "ConnectedDevices",
    "24":  "Connectivity",
    "25":  "ContentCaching",
    "26":  "ControlPanelAndSettings",
    "27":  "CredentialGuard",
    "28":  "CustomConfiguration",
    "29":  "CustomOMASettings",
    "30":  "CustomPreferences",
    "31":  "Defender",
    "32":  "DefenderExclusions",
    "33":  "DefenderExploitGuard",
    "34":  "DefenderSecurityCenter",
    "35":  "DefenderLocalSecurityOptions",
    "36":  "DefenderFirewall",
    "37":  "DeliveryOptimization",
    "38":  "DerivedCredentialAuthenticationConfiguration",
    "39":  "DeviceHealth",
    "40":  "DeviceAccount",
    "41":  "DeviceGuard",
    "42":  "DevicePassword",
    "43":  "DeviceProperties",
    "44":  "DeviceRestrictions",
    "45":  "DeviceSecurity",
    "46":  "DeviceExperience",
    "47":  "DFCISecuritySettings",
    "48":  "Display",
    "49":  "Domains",
    "50":  "EditionUpgrade",
    "51":  "SMode",
    "52":  "EdgeBrowser",
    "53":  "EdgeBrowserSmartScreen",
    "54":  "EnterpriseDataProtection",
    "55":  "EducationTeacherCerts",
    "56":  "EducationStudentCerts",
    "57":  "EducationTakeATest",
    "58":  "EmailProfile",
    "59":  "ExpeditedCheckin",
    "60":  "ExtensibleSingleSignOn",
    "61":  "FileVault",
    "62":  "Firewall",
    "63":  "Gatekeeper",
    "64":  "HealthMonitoring",
    "65":  "HomeScreenLayout",
    "66":  "ComplianceEmailProfile",
    "67":  "IosEducation",
    "68":  "IOSWallpaper",
    "69":  "ImportedPFX",
    "70":  "KernelExtensions",
    "71":  "KeyboardAndDictionary",
    "72":  "Kiosk",
    "73":  "KioskAndroidEnterprise",
    "74":  "KioskConfiguration",
    "75":  "KioskConfigurationV2",
    "76":  "KioskWebBrowser",
    "77":  "EdgeKiosk",
    "78":  "LockedScreenExperience",
    "79":  "LockScreenMessage",
    "80":  "Logging",
    "81":  "LoginItems",
    "82":  "LoginWindow",
    "83":  "Malware",
    "84":  "Maintenance",
    "85":  "Messaging",
    "86":  "MicrophonesAndSpeakers",
    "87":  "NetworkProxy",
    "88":  "NetworkBoundary",
    "89":  "Notifications",
    "90":  "Password",
    "91":  "Personalization",
    "92":  "PersonalProfile",
    "93":  "PKCS",
    "94":  "PolicyOverride",
    "95":  "Ports",
    "96":  "PowerSettings",
    "97":  "Printer",
    "98":  "Privacy",
    "99":  "PrivacyPerApp",
    "100":  "PrivacyPreferences",
    "101":  "Projection",
    "102":  "Radios",
    "103":  "SCEPProperties",
    "104":  "SharedDevice",
    "105":  "SharedPCAccountManager",
    "106":  "SingleSignOn",
    "107":  "Search",
    "108":  "Session",
    "109":  "SmartScreen",
    "110":  "SoftwareUpdates",
    "111":  "Start",
    "112":  "SystemExtensions",
    "113":  "SystemSecurity",
    "114":  "SCCMCompliance",
    "115":  "TrustedCert",
    "116":  "UEFIAccess",
    "117":  "Unsupported",
    "118":  "Updates",
    "119":  "UsersAndAccounts",
    "120":  "WakeSettings",
    "121":  "WiFi",
    "122":  "Win10Wifi",
    "123":  "WindowsAtp",
    "124":  "WindowsSpotlight",
    "125":  "Wireless",
    "126":  "WirelessProjection",
    "127":  "WorkProfile",
    "128":  "WorkProfilePassword",
    "129":  "VPN",
    "130":  "VPNApps",
    "131":  "VPNConnectivity",
    "132":  "VPNSplitTunneling",
    "133":  "VPNAppsAndTrafficRules",
    "134":  "VPNConditionalAccess",
    "135":  "VPNDNSTriggers",
    "136":  "VPNIKEv2",
    "137":  "VPNProxy",
    "138":  "VPNTrustedNetwork",
    "139":  "VPNCustomData",
    "140":  "WebContentFilter",
    "141":  "XboxServices",
    "142":  "DomainJoin",
    "143":  "WindowsDefenderAtp",
    "144":  "WindowsHelloForBusiness",
    "145":  "ZebraMx",
    "146":  "AndroidDefenderAtp",
    "147":  "MacDefenderAtp",
    "148":  "UserRights",
    "149":  "WiredNetwork",
    "150":  "DefenderAntivirus",
    "151":  "CustomCompliance",
    "152":  "IosDefenderAtp"
}
